"","workerid","feedback_seenBefore","feedback_anyProblems","feedback_problemDescription","feedback_comments","feedback_1"
"1","62c5f85ccf34c8d9c0650f6e","No","No","","",NA
"2","661c09a749790db73f8faba5","No","No","","The experiment was enjoyable and very engaging. I did not experience any issues while performing the experiment.",NA
"3","66315563a848526fcfa7555b","Yes","No","","",NA
"4","66da162f5538535e93490441","No","No","","It was an interesting experiment for sure",NA
"5","676956116c1a3416bf7b2afe","No","No","","",NA
"6","695ea002344d7ca1605c747a","No","No","","",NA
"7","6965bd850ce22095dd7a84ca","No","No","","",NA
"8","6978d830c5d415696508430d","Yes","No","","",NA
"9","6987875a0a8fa6ed9ef00726","No","No","","I really enjoyed this study, experiment 1 and 2",NA
"10","699b610e2ba4bade6f39121b","Yes","No","","This was a lot of fun. Well Done!",NA
"11","699cebf39bc275a312ffd51c","Yes","No","","",NA
"12","699e3cc79b0d3d96b469ca49",NA,NA,NA,NA,0
"13","69a0734d1d433d3694c8438f","No","No","","",NA
"14","69a6eb2bc679065ed1cecc51","Yes","Yes","","nothing",NA
"15","69a8cff018bead25e4a5d848","No","Yes","Two clips had a problem loading. But the screen said hit next and I did and then it played","",NA
"16","69b5c6bdbcf55371066f5e73","No","No","","",NA
"17","69ba37faee13f176e7635323","No","No","","",NA
"18","69bdf2afe629d42bfc47997f","No","No","","That was difficult to watch. Nathan is too immoral to become famous in my opinion. Really gross.",NA
"19","69c093d33989aa791c4e8b2d","No","No","","",NA
"20","69c1256faa88d6296c98d745","No","No","","",NA
"21","69c2f0033339865c279814ca","No","No","","Nothing to note",NA
"22","69c6ec3a92185003cf70ded5","No","No","","",NA
"23","69cc1fac2b52b1c4dd21cc7d","No","No","","the last part was hilarious",NA
"24","69cec122e3cb56c2e7000c6b","No","No","","",NA
"25","69d2a8765e19038ab2fc0f56","No","No","","i wish more studies were like this it was enjoyable and made me want to watch the show",NA
"26","69d5632f4815bcc4cb7242bf","No","No","","none",NA
"27","69daf476f6bc0d990581aca6","Yes","No","","",NA
"28","69dbf4749918745fc7d8e820","No","No","","It was a cute show that made me laugh.",NA
"29","69dc76f0a77a620367d666ec","No","No","","",NA
"30","69dfe696c433039b7add8013","Yes","No","","I thought this was really fun and interesting!",NA
"31","69e816058da70eddb5dbc3e1","No","No","","This was so uncomfortable to watch. Nathan's approach was grossly manipulative.",NA
"32","69e957ad6c65e153a1c65ae2","No","No","","I felt like the scenario seemed a bit fake and acted out is all.",NA
"33","69ed15278090fe4438301d5c","No","No","","none",NA
"34","69efe0b03221edd72686c185","Yes","No","","I loved the whole thing! i love this show and the word part was fun too.",NA
"35","69f0438cc141b27ed949788e","No","No","","I thought the experiment was interesting and fun.",NA
"36","69f3d4f3fb7630947c56f1eb","No","Yes","2 of the videos didn't load and it told me to skip ahead to the next part. I would have liked to see them.","Very clear and easy to understand.",NA
"37","69f6484996726366cacd162c","No","No","","",NA
"38","69f674db81cb46678aae6391","Yes","No","","I've seen many episodes of the show before and I've also watched the Rehearsal, I haven't seen the episode from this survey though, with the antique shop. I will say, some of the question sets seemed like they were coming BEFORE the related video, I did my best to answer them but it seemed like I think two of them had the questions beforehand which made it hard to know how to answer them lol",NA
"39","69f7b962446b32b08d58a1df","No","No","","",NA
"40","69f86a04fe802de5002bb70b","Yes","Yes","One failed to load and I had to redo the entire thing.","It was hilarious",NA
"41","69f8db35f08d6c337883fcb4","No","No","","Unbelievable.",NA
"42","69fb3314a5e95601464d1fea","No","No","","interesting to answer",NA
"43","69fb86296fb6f0919bf31075","No","No","","This was such a different study, one that I have never experienced, but that I really enjoyed. I wish more studies were like this! The only thing that I had to mention was that during the study, it froze up on me, so I had to restart it. Other than that, everything else was great!",NA
"44","69fcc8642de981c893eb6958","No","No","","",NA
"45","69fce9e45d612732dd1ae4e2","Yes","No","","",NA
"46","6a00b0ca46e3f2822d0349b6","Yes","No","","",NA
"47","6a00dbcc626a780a8e5c07a4",NA,NA,NA,NA,0
"48","6a012d3c523e7311f4e55f61","No","No","","",NA
"49","6a01e843af8198a220b44a18","No","No","","",NA
"50","6a021dc98c730b8d3ce0deca","No","No","","",NA
"51","6a023ad806e8158958e73b75",NA,NA,NA,NA,0
"52","6a05131f0ad03d07dd77178e","Yes","No","","It seemed like some of the questions you asked preceded the clips for which they were intended.  For example, you asked JJ's reaction to the policy before he even had a chance to react to it.",NA
"53","6a07687bad5809e8867bdffb","No","No","","",NA
"54","6a0a0fd9f370053c3505dc0f","No","No","","",NA
"55","6a0b756dd47d16a4c82f5589","Yes","No","","",NA
"56","6a0dfefeb75ae8ac09c192c6","No","No","","is This a real show? Its hilarious if so",NA
"57","6a0e2d716e90edf1ea83dce1","No","No","","",NA
"58","6a0fdfd2db4241c9e5eca29a","No","No","","Oh, I thought it was hilarious. I don't think I've done a better study. So, thank you for this.",NA
"59","6a14434573bcee3f17b7f762","No","Yes","There was 2 clips that wouldnt play","All good, everything went well!",NA
"60","6a14c84872f3851ab32e8c01","No","Yes","there were sections missing, like I didn't get to see JJ's reaction to being told the you break it you buy it revelation, or Emily's reaction to that, but you quizzed me on it. (Unless the point was for me to guess how I'd think they would react)","",NA
"61","6a14e67cf20909f60e34ae64","No","No","","These two experiments were a lot of fun. It was definitely a different experience. And it's a show I definitely want to try to see in the future. I was annoyed at myself a few times, because I was trying to watch everything in the clips, but I ended up missing a couple of answers (like realizing it was liquor and not beer when Nathan and JJ were drinking).",NA
"62","6a14ed7d826b3c0b54334269","Yes","No","","It was really interesting and the episode of Nathan For You was hilarious.",NA
"63","6a150fcbc5238897c2c9408e","Yes","No","","I had to answer the door and missed one question",NA
"64","6a18b37c0157d881234ed29f","Yes","No","","At the end of part 1, I tried multiple times to record my response about why I answered the way I did, but was unable to despite the recordings earlier in the experiment working fine. My answer was that each face had a clear emotion on it, from happy to neutral to angry.",NA
"65","6a199661a2f63c5bf9835b2e","No","No","","",NA
"66","6a1a3e6d47ea4b557072cc4d","No","Yes","The audio may have been a bit delayed for some of the clips","",NA
"67","6a1ae40320c9511f890515f7","No","No","","n/a",NA
"68","6a1b544246f12219f033d3c3","No","No","","It was pretty funny. Never seen this show before.",NA
"69","6a1cb95bf369926ac77ea9e5","No","Yes","2 clips didn't load but I was still able to follow the story.","",NA
"70","6a1de36b3f5c6160ff6bf6a4","No","No","","",NA
"71","6a1f832105dd8c89b5e930ad","No","No","","",NA
"72","6a2222ff6e1036656b0d5d08","Yes","No","","",NA
"73","6a232745f21e165e2b54ed58","No","Yes","","",NA
"74","6a2482e9af72b55296872b0d","No","No","","Pretty cool experience",NA
"75","6a2589e7b0645f2f7f1cc52c","No","Yes","The videos did not seem to come at the right time according to the questions.  The video that explained the question was shown after it was asked on some of these.","",NA
"76","6a3607f677860830aca5bdeb","No","No","","",NA
"77","62c5f85ccf34c8d9c0650f6e",NA,NA,NA,NA,0
"78","661c09a749790db73f8faba5",NA,NA,NA,NA,0
"79","66315563a848526fcfa7555b",NA,NA,NA,NA,0
"80","66da162f5538535e93490441",NA,NA,NA,NA,0
"81","676956116c1a3416bf7b2afe",NA,NA,NA,NA,0
"82","695ea002344d7ca1605c747a",NA,NA,NA,NA,0
"83","6965bd850ce22095dd7a84ca",NA,NA,NA,NA,0
"84","6978d830c5d415696508430d",NA,NA,NA,NA,0
"85","6987875a0a8fa6ed9ef00726",NA,NA,NA,NA,0
"86","699b610e2ba4bade6f39121b",NA,NA,NA,NA,0
"87","699cebf39bc275a312ffd51c",NA,NA,NA,NA,0
"88","699e3cc79b0d3d96b469ca49",NA,NA,NA,NA,0
"89","69a0734d1d433d3694c8438f",NA,NA,NA,NA,0
"90","69a6eb2bc679065ed1cecc51",NA,NA,NA,NA,0
"91","69a8cff018bead25e4a5d848",NA,NA,NA,NA,0
"92","69b5c6bdbcf55371066f5e73",NA,NA,NA,NA,0
"93","69ba37faee13f176e7635323",NA,NA,NA,NA,0
"94","69bdf2afe629d42bfc47997f",NA,NA,NA,NA,0
"95","69c093d33989aa791c4e8b2d",NA,NA,NA,NA,0
"96","69c1256faa88d6296c98d745",NA,NA,NA,NA,0
"97","69c2f0033339865c279814ca",NA,NA,NA,NA,0
"98","69c6ec3a92185003cf70ded5",NA,NA,NA,NA,0
"99","69cc1fac2b52b1c4dd21cc7d",NA,NA,NA,NA,0
"100","69cec122e3cb56c2e7000c6b",NA,NA,NA,NA,0
"101","69d2a8765e19038ab2fc0f56",NA,NA,NA,NA,0
"102","69d5632f4815bcc4cb7242bf",NA,NA,NA,NA,0
"103","69daf476f6bc0d990581aca6",NA,NA,NA,NA,0
"104","69dbf4749918745fc7d8e820",NA,NA,NA,NA,0
"105","69dc76f0a77a620367d666ec",NA,NA,NA,NA,0
"106","69dfe696c433039b7add8013",NA,NA,NA,NA,0
"107","69e816058da70eddb5dbc3e1",NA,NA,NA,NA,0
"108","69e957ad6c65e153a1c65ae2",NA,NA,NA,NA,0
"109","69ed15278090fe4438301d5c",NA,NA,NA,NA,0
"110","69efe0b03221edd72686c185",NA,NA,NA,NA,0
"111","69f0438cc141b27ed949788e",NA,NA,NA,NA,0
"112","69f3d4f3fb7630947c56f1eb",NA,NA,NA,NA,0
"113","69f6484996726366cacd162c",NA,NA,NA,NA,0
"114","69f674db81cb46678aae6391",NA,NA,NA,NA,0
"115","69f7b962446b32b08d58a1df",NA,NA,NA,NA,0
"116","69f86a04fe802de5002bb70b",NA,NA,NA,NA,0
"117","69f8db35f08d6c337883fcb4",NA,NA,NA,NA,0
"118","69fb3314a5e95601464d1fea",NA,NA,NA,NA,0
"119","69fb86296fb6f0919bf31075",NA,NA,NA,NA,0
"120","69fcc8642de981c893eb6958",NA,NA,NA,NA,0
"121","69fce9e45d612732dd1ae4e2",NA,NA,NA,NA,0
"122","6a00b0ca46e3f2822d0349b6",NA,NA,NA,NA,0
"123","6a00dbcc626a780a8e5c07a4",NA,NA,NA,NA,0
"124","6a012d3c523e7311f4e55f61",NA,NA,NA,NA,0
"125","6a01e843af8198a220b44a18",NA,NA,NA,NA,0
"126","6a021dc98c730b8d3ce0deca",NA,NA,NA,NA,0
"127","6a023ad806e8158958e73b75",NA,NA,NA,NA,0
"128","6a05131f0ad03d07dd77178e",NA,NA,NA,NA,0
"129","6a07687bad5809e8867bdffb",NA,NA,NA,NA,0
"130","6a0a0fd9f370053c3505dc0f",NA,NA,NA,NA,0
"131","6a0b756dd47d16a4c82f5589",NA,NA,NA,NA,0
"132","6a0dfefeb75ae8ac09c192c6",NA,NA,NA,NA,0
"133","6a0e2d716e90edf1ea83dce1",NA,NA,NA,NA,0
"134","6a0fdfd2db4241c9e5eca29a",NA,NA,NA,NA,0
"135","6a14434573bcee3f17b7f762",NA,NA,NA,NA,0
"136","6a14c84872f3851ab32e8c01",NA,NA,NA,NA,0
"137","6a14e67cf20909f60e34ae64",NA,NA,NA,NA,0
"138","6a14ed7d826b3c0b54334269",NA,NA,NA,NA,0
"139","6a150fcbc5238897c2c9408e",NA,NA,NA,NA,0
"140","6a18b37c0157d881234ed29f",NA,NA,NA,NA,0
"141","6a199661a2f63c5bf9835b2e",NA,NA,NA,NA,0
"142","6a1a3e6d47ea4b557072cc4d",NA,NA,NA,NA,0
"143","6a1ae40320c9511f890515f7",NA,NA,NA,NA,0
"144","6a1b544246f12219f033d3c3",NA,NA,NA,NA,0
"145","6a1cb95bf369926ac77ea9e5",NA,NA,NA,NA,0
"146","6a1de36b3f5c6160ff6bf6a4",NA,NA,NA,NA,0
"147","6a1f832105dd8c89b5e930ad",NA,NA,NA,NA,0
"148","6a2222ff6e1036656b0d5d08",NA,NA,NA,NA,0
"149","6a232745f21e165e2b54ed58",NA,NA,NA,NA,0
"150","6a2482e9af72b55296872b0d",NA,NA,NA,NA,0
"151","6a2589e7b0645f2f7f1cc52c",NA,NA,NA,NA,0
"152","6a3607f677860830aca5bdeb",NA,NA,NA,NA,0
"153","62c5f85ccf34c8d9c0650f6e",NA,NA,NA,NA,0
"154","661c09a749790db73f8faba5",NA,NA,NA,NA,0
"155","66315563a848526fcfa7555b",NA,NA,NA,NA,0
"156","66da162f5538535e93490441",NA,NA,NA,NA,0
"157","676956116c1a3416bf7b2afe",NA,NA,NA,NA,0
"158","695ea002344d7ca1605c747a",NA,NA,NA,NA,0
"159","6965bd850ce22095dd7a84ca",NA,NA,NA,NA,0
"160","6978d830c5d415696508430d",NA,NA,NA,NA,0
"161","6987875a0a8fa6ed9ef00726",NA,NA,NA,NA,0
"162","699b610e2ba4bade6f39121b",NA,NA,NA,NA,0
"163","699cebf39bc275a312ffd51c",NA,NA,NA,NA,0
"164","699e3cc79b0d3d96b469ca49",NA,NA,NA,NA,0
"165","69a0734d1d433d3694c8438f",NA,NA,NA,NA,0
"166","69a6eb2bc679065ed1cecc51",NA,NA,NA,NA,0
"167","69a8cff018bead25e4a5d848",NA,NA,NA,NA,0
"168","69b5c6bdbcf55371066f5e73",NA,NA,NA,NA,0
"169","69ba37faee13f176e7635323",NA,NA,NA,NA,0
"170","69bdf2afe629d42bfc47997f",NA,NA,NA,NA,0
"171","69c093d33989aa791c4e8b2d",NA,NA,NA,NA,0
"172","69c1256faa88d6296c98d745",NA,NA,NA,NA,0
"173","69c2f0033339865c279814ca",NA,NA,NA,NA,0
"174","69c6ec3a92185003cf70ded5",NA,NA,NA,NA,0
"175","69cc1fac2b52b1c4dd21cc7d",NA,NA,NA,NA,0
"176","69cec122e3cb56c2e7000c6b",NA,NA,NA,NA,0
"177","69d2a8765e19038ab2fc0f56",NA,NA,NA,NA,0
"178","69d5632f4815bcc4cb7242bf",NA,NA,NA,NA,0
"179","69daf476f6bc0d990581aca6",NA,NA,NA,NA,0
"180","69dbf4749918745fc7d8e820",NA,NA,NA,NA,0
"181","69dc76f0a77a620367d666ec",NA,NA,NA,NA,0
"182","69dfe696c433039b7add8013",NA,NA,NA,NA,0
"183","69e816058da70eddb5dbc3e1",NA,NA,NA,NA,0
"184","69e957ad6c65e153a1c65ae2",NA,NA,NA,NA,0
"185","69ed15278090fe4438301d5c",NA,NA,NA,NA,0
"186","69efe0b03221edd72686c185",NA,NA,NA,NA,0
"187","69f0438cc141b27ed949788e",NA,NA,NA,NA,0
"188","69f3d4f3fb7630947c56f1eb",NA,NA,NA,NA,0
"189","69f6484996726366cacd162c",NA,NA,NA,NA,0
"190","69f674db81cb46678aae6391",NA,NA,NA,NA,0
"191","69f7b962446b32b08d58a1df",NA,NA,NA,NA,0
"192","69f86a04fe802de5002bb70b",NA,NA,NA,NA,0
"193","69f8db35f08d6c337883fcb4",NA,NA,NA,NA,0
"194","69fb3314a5e95601464d1fea",NA,NA,NA,NA,0
"195","69fb86296fb6f0919bf31075",NA,NA,NA,NA,0
"196","69fcc8642de981c893eb6958",NA,NA,NA,NA,0
"197","69fce9e45d612732dd1ae4e2",NA,NA,NA,NA,0
"198","6a00b0ca46e3f2822d0349b6",NA,NA,NA,NA,0
"199","6a00dbcc626a780a8e5c07a4",NA,NA,NA,NA,0
"200","6a012d3c523e7311f4e55f61",NA,NA,NA,NA,0
"201","6a01e843af8198a220b44a18",NA,NA,NA,NA,0
"202","6a021dc98c730b8d3ce0deca",NA,NA,NA,NA,0
"203","6a023ad806e8158958e73b75",NA,NA,NA,NA,0
"204","6a05131f0ad03d07dd77178e",NA,NA,NA,NA,0
"205","6a07687bad5809e8867bdffb",NA,NA,NA,NA,0
"206","6a0a0fd9f370053c3505dc0f",NA,NA,NA,NA,0
"207","6a0b756dd47d16a4c82f5589",NA,NA,NA,NA,0
"208","6a0dfefeb75ae8ac09c192c6",NA,NA,NA,NA,0
"209","6a0e2d716e90edf1ea83dce1",NA,NA,NA,NA,0
"210","6a0fdfd2db4241c9e5eca29a",NA,NA,NA,NA,0
"211","6a14434573bcee3f17b7f762",NA,NA,NA,NA,0
"212","6a14c84872f3851ab32e8c01",NA,NA,NA,NA,0
"213","6a14e67cf20909f60e34ae64",NA,NA,NA,NA,0
"214","6a14ed7d826b3c0b54334269",NA,NA,NA,NA,0
"215","6a150fcbc5238897c2c9408e",NA,NA,NA,NA,0
"216","6a18b37c0157d881234ed29f",NA,NA,NA,NA,0
"217","6a199661a2f63c5bf9835b2e",NA,NA,NA,NA,0
"218","6a1a3e6d47ea4b557072cc4d",NA,NA,NA,NA,0
"219","6a1ae40320c9511f890515f7",NA,NA,NA,NA,0
"220","6a1b544246f12219f033d3c3",NA,NA,NA,NA,0
"221","6a1cb95bf369926ac77ea9e5",NA,NA,NA,NA,0
"222","6a1de36b3f5c6160ff6bf6a4",NA,NA,NA,NA,0
"223","6a1f832105dd8c89b5e930ad",NA,NA,NA,NA,0
"224","6a2222ff6e1036656b0d5d08",NA,NA,NA,NA,0
"225","6a232745f21e165e2b54ed58",NA,NA,NA,NA,0
"226","6a2482e9af72b55296872b0d",NA,NA,NA,NA,0
"227","6a2589e7b0645f2f7f1cc52c",NA,NA,NA,NA,0
"228","6a3607f677860830aca5bdeb",NA,NA,NA,NA,0
"229","62c5f85ccf34c8d9c0650f6e",NA,NA,NA,NA,0
"230","661c09a749790db73f8faba5",NA,NA,NA,NA,0
"231","66315563a848526fcfa7555b",NA,NA,NA,NA,0
"232","66da162f5538535e93490441",NA,NA,NA,NA,0
"233","676956116c1a3416bf7b2afe",NA,NA,NA,NA,0
"234","695ea002344d7ca1605c747a",NA,NA,NA,NA,0
"235","6965bd850ce22095dd7a84ca",NA,NA,NA,NA,0
"236","6978d830c5d415696508430d",NA,NA,NA,NA,0
"237","6987875a0a8fa6ed9ef00726",NA,NA,NA,NA,0
"238","699b610e2ba4bade6f39121b",NA,NA,NA,NA,0
"239","699cebf39bc275a312ffd51c",NA,NA,NA,NA,0
"240","699e3cc79b0d3d96b469ca49",NA,NA,NA,NA,0
"241","69a0734d1d433d3694c8438f",NA,NA,NA,NA,0
"242","69a6eb2bc679065ed1cecc51",NA,NA,NA,NA,0
"243","69a8cff018bead25e4a5d848",NA,NA,NA,NA,0
"244","69b5c6bdbcf55371066f5e73",NA,NA,NA,NA,0
"245","69ba37faee13f176e7635323",NA,NA,NA,NA,0
"246","69bdf2afe629d42bfc47997f",NA,NA,NA,NA,0
"247","69c093d33989aa791c4e8b2d",NA,NA,NA,NA,0
"248","69c1256faa88d6296c98d745",NA,NA,NA,NA,0
"249","69c2f0033339865c279814ca",NA,NA,NA,NA,0
"250","69c6ec3a92185003cf70ded5",NA,NA,NA,NA,0
"251","69cc1fac2b52b1c4dd21cc7d",NA,NA,NA,NA,0
"252","69cec122e3cb56c2e7000c6b",NA,NA,NA,NA,0
"253","69d2a8765e19038ab2fc0f56",NA,NA,NA,NA,0
"254","69d5632f4815bcc4cb7242bf",NA,NA,NA,NA,0
"255","69daf476f6bc0d990581aca6",NA,NA,NA,NA,0
"256","69dbf4749918745fc7d8e820",NA,NA,NA,NA,0
"257","69dc76f0a77a620367d666ec",NA,NA,NA,NA,0
"258","69dfe696c433039b7add8013",NA,NA,NA,NA,0
"259","69e816058da70eddb5dbc3e1",NA,NA,NA,NA,0
"260","69e957ad6c65e153a1c65ae2",NA,NA,NA,NA,0
"261","69ed15278090fe4438301d5c",NA,NA,NA,NA,0
"262","69efe0b03221edd72686c185",NA,NA,NA,NA,0
"263","69f0438cc141b27ed949788e",NA,NA,NA,NA,0
"264","69f3d4f3fb7630947c56f1eb",NA,NA,NA,NA,0
"265","69f6484996726366cacd162c",NA,NA,NA,NA,0
"266","69f674db81cb46678aae6391",NA,NA,NA,NA,0
"267","69f7b962446b32b08d58a1df",NA,NA,NA,NA,0
"268","69f86a04fe802de5002bb70b",NA,NA,NA,NA,0
"269","69f8db35f08d6c337883fcb4",NA,NA,NA,NA,0
"270","69fb3314a5e95601464d1fea",NA,NA,NA,NA,0
"271","69fb86296fb6f0919bf31075",NA,NA,NA,NA,0
"272","69fcc8642de981c893eb6958",NA,NA,NA,NA,0
"273","69fce9e45d612732dd1ae4e2",NA,NA,NA,NA,0
"274","6a00b0ca46e3f2822d0349b6",NA,NA,NA,NA,0
"275","6a00dbcc626a780a8e5c07a4",NA,NA,NA,NA,0
"276","6a012d3c523e7311f4e55f61",NA,NA,NA,NA,0
"277","6a01e843af8198a220b44a18",NA,NA,NA,NA,0
"278","6a021dc98c730b8d3ce0deca",NA,NA,NA,NA,0
"279","6a023ad806e8158958e73b75",NA,NA,NA,NA,0
"280","6a05131f0ad03d07dd77178e",NA,NA,NA,NA,0
"281","6a07687bad5809e8867bdffb",NA,NA,NA,NA,0
"282","6a0a0fd9f370053c3505dc0f",NA,NA,NA,NA,0
"283","6a0b756dd47d16a4c82f5589",NA,NA,NA,NA,0
"284","6a0dfefeb75ae8ac09c192c6",NA,NA,NA,NA,0
"285","6a0e2d716e90edf1ea83dce1",NA,NA,NA,NA,0
"286","6a0fdfd2db4241c9e5eca29a",NA,NA,NA,NA,0
"287","6a14434573bcee3f17b7f762",NA,NA,NA,NA,0
"288","6a14c84872f3851ab32e8c01",NA,NA,NA,NA,0
"289","6a14e67cf20909f60e34ae64",NA,NA,NA,NA,0
"290","6a14ed7d826b3c0b54334269",NA,NA,NA,NA,0
"291","6a150fcbc5238897c2c9408e",NA,NA,NA,NA,0
"292","6a18b37c0157d881234ed29f",NA,NA,NA,NA,0
"293","6a199661a2f63c5bf9835b2e",NA,NA,NA,NA,0
"294","6a1a3e6d47ea4b557072cc4d",NA,NA,NA,NA,0
"295","6a1ae40320c9511f890515f7",NA,NA,NA,NA,0
"296","6a1b544246f12219f033d3c3",NA,NA,NA,NA,0
"297","6a1cb95bf369926ac77ea9e5",NA,NA,NA,NA,0
"298","6a1de36b3f5c6160ff6bf6a4",NA,NA,NA,NA,0
"299","6a1f832105dd8c89b5e930ad",NA,NA,NA,NA,0
"300","6a2222ff6e1036656b0d5d08",NA,NA,NA,NA,0
"301","6a232745f21e165e2b54ed58",NA,NA,NA,NA,0
"302","6a2482e9af72b55296872b0d",NA,NA,NA,NA,0
"303","6a2589e7b0645f2f7f1cc52c",NA,NA,NA,NA,0
"304","6a3607f677860830aca5bdeb",NA,NA,NA,NA,0
"305","62c5f85ccf34c8d9c0650f6e",NA,NA,NA,NA,0
"306","661c09a749790db73f8faba5",NA,NA,NA,NA,0
"307","66315563a848526fcfa7555b",NA,NA,NA,NA,0
"308","66da162f5538535e93490441",NA,NA,NA,NA,0
"309","676956116c1a3416bf7b2afe",NA,NA,NA,NA,0
"310","695ea002344d7ca1605c747a",NA,NA,NA,NA,0
"311","6965bd850ce22095dd7a84ca",NA,NA,NA,NA,0
"312","6978d830c5d415696508430d",NA,NA,NA,NA,0
"313","6987875a0a8fa6ed9ef00726",NA,NA,NA,NA,0
"314","699b610e2ba4bade6f39121b",NA,NA,NA,NA,0
"315","699cebf39bc275a312ffd51c",NA,NA,NA,NA,0
"316","699e3cc79b0d3d96b469ca49",NA,NA,NA,NA,0
"317","69a0734d1d433d3694c8438f",NA,NA,NA,NA,0
"318","69a6eb2bc679065ed1cecc51",NA,NA,NA,NA,0
"319","69a8cff018bead25e4a5d848",NA,NA,NA,NA,0
"320","69b5c6bdbcf55371066f5e73",NA,NA,NA,NA,0
"321","69ba37faee13f176e7635323",NA,NA,NA,NA,0
"322","69bdf2afe629d42bfc47997f",NA,NA,NA,NA,0
"323","69c093d33989aa791c4e8b2d",NA,NA,NA,NA,0
"324","69c1256faa88d6296c98d745",NA,NA,NA,NA,0
"325","69c2f0033339865c279814ca",NA,NA,NA,NA,0
"326","69c6ec3a92185003cf70ded5",NA,NA,NA,NA,0
"327","69cc1fac2b52b1c4dd21cc7d",NA,NA,NA,NA,0
"328","69cec122e3cb56c2e7000c6b",NA,NA,NA,NA,0
"329","69d2a8765e19038ab2fc0f56",NA,NA,NA,NA,0
"330","69d5632f4815bcc4cb7242bf",NA,NA,NA,NA,0
"331","69daf476f6bc0d990581aca6",NA,NA,NA,NA,0
"332","69dbf4749918745fc7d8e820",NA,NA,NA,NA,0
"333","69dc76f0a77a620367d666ec",NA,NA,NA,NA,0
"334","69dfe696c433039b7add8013",NA,NA,NA,NA,0
"335","69e816058da70eddb5dbc3e1",NA,NA,NA,NA,0
"336","69e957ad6c65e153a1c65ae2",NA,NA,NA,NA,0
"337","69ed15278090fe4438301d5c",NA,NA,NA,NA,0
"338","69efe0b03221edd72686c185",NA,NA,NA,NA,0
"339","69f0438cc141b27ed949788e",NA,NA,NA,NA,0
"340","69f3d4f3fb7630947c56f1eb",NA,NA,NA,NA,0
"341","69f6484996726366cacd162c",NA,NA,NA,NA,0
"342","69f674db81cb46678aae6391",NA,NA,NA,NA,0
"343","69f7b962446b32b08d58a1df",NA,NA,NA,NA,0
"344","69f86a04fe802de5002bb70b",NA,NA,NA,NA,0
"345","69f8db35f08d6c337883fcb4",NA,NA,NA,NA,0
"346","69fb3314a5e95601464d1fea",NA,NA,NA,NA,0
"347","69fb86296fb6f0919bf31075",NA,NA,NA,NA,0
"348","69fcc8642de981c893eb6958",NA,NA,NA,NA,0
"349","69fce9e45d612732dd1ae4e2",NA,NA,NA,NA,0
"350","6a00b0ca46e3f2822d0349b6",NA,NA,NA,NA,0
"351","6a00dbcc626a780a8e5c07a4",NA,NA,NA,NA,0
"352","6a012d3c523e7311f4e55f61",NA,NA,NA,NA,0
"353","6a01e843af8198a220b44a18",NA,NA,NA,NA,0
"354","6a021dc98c730b8d3ce0deca",NA,NA,NA,NA,0
"355","6a023ad806e8158958e73b75",NA,NA,NA,NA,0
"356","6a05131f0ad03d07dd77178e",NA,NA,NA,NA,0
"357","6a07687bad5809e8867bdffb",NA,NA,NA,NA,0
"358","6a0a0fd9f370053c3505dc0f",NA,NA,NA,NA,0
"359","6a0b756dd47d16a4c82f5589",NA,NA,NA,NA,0
"360","6a0dfefeb75ae8ac09c192c6",NA,NA,NA,NA,0
"361","6a0e2d716e90edf1ea83dce1",NA,NA,NA,NA,0
"362","6a0fdfd2db4241c9e5eca29a",NA,NA,NA,NA,0
"363","6a14434573bcee3f17b7f762",NA,NA,NA,NA,0
"364","6a14c84872f3851ab32e8c01",NA,NA,NA,NA,0
"365","6a14e67cf20909f60e34ae64",NA,NA,NA,NA,0
"366","6a14ed7d826b3c0b54334269",NA,NA,NA,NA,0
"367","6a150fcbc5238897c2c9408e",NA,NA,NA,NA,0
"368","6a18b37c0157d881234ed29f",NA,NA,NA,NA,0
"369","6a199661a2f63c5bf9835b2e",NA,NA,NA,NA,0
"370","6a1a3e6d47ea4b557072cc4d",NA,NA,NA,NA,0
"371","6a1ae40320c9511f890515f7",NA,NA,NA,NA,0
"372","6a1b544246f12219f033d3c3",NA,NA,NA,NA,0
"373","6a1cb95bf369926ac77ea9e5",NA,NA,NA,NA,0
"374","6a1de36b3f5c6160ff6bf6a4",NA,NA,NA,NA,0
"375","6a1f832105dd8c89b5e930ad",NA,NA,NA,NA,0
"376","6a2222ff6e1036656b0d5d08",NA,NA,NA,NA,0
"377","6a232745f21e165e2b54ed58",NA,NA,NA,NA,0
"378","6a2482e9af72b55296872b0d",NA,NA,NA,NA,0
"379","6a2589e7b0645f2f7f1cc52c",NA,NA,NA,NA,0
"380","6a3607f677860830aca5bdeb",NA,NA,NA,NA,0
"381","62c5f85ccf34c8d9c0650f6e",NA,NA,NA,NA,0
"382","661c09a749790db73f8faba5",NA,NA,NA,NA,0
"383","66315563a848526fcfa7555b",NA,NA,NA,NA,0
"384","66da162f5538535e93490441",NA,NA,NA,NA,0
"385","676956116c1a3416bf7b2afe",NA,NA,NA,NA,0
"386","695ea002344d7ca1605c747a",NA,NA,NA,NA,0
"387","6965bd850ce22095dd7a84ca",NA,NA,NA,NA,0
"388","6978d830c5d415696508430d",NA,NA,NA,NA,0
"389","6987875a0a8fa6ed9ef00726",NA,NA,NA,NA,0
"390","699b610e2ba4bade6f39121b",NA,NA,NA,NA,0
"391","699cebf39bc275a312ffd51c",NA,NA,NA,NA,0
"392","699e3cc79b0d3d96b469ca49",NA,NA,NA,NA,0
"393","69a0734d1d433d3694c8438f",NA,NA,NA,NA,0
"394","69a6eb2bc679065ed1cecc51",NA,NA,NA,NA,0
"395","69a8cff018bead25e4a5d848",NA,NA,NA,NA,0
"396","69b5c6bdbcf55371066f5e73",NA,NA,NA,NA,0
"397","69ba37faee13f176e7635323",NA,NA,NA,NA,0
"398","69bdf2afe629d42bfc47997f",NA,NA,NA,NA,0
"399","69c093d33989aa791c4e8b2d",NA,NA,NA,NA,0
"400","69c1256faa88d6296c98d745",NA,NA,NA,NA,0
"401","69c2f0033339865c279814ca",NA,NA,NA,NA,0
"402","69c6ec3a92185003cf70ded5",NA,NA,NA,NA,0
"403","69cc1fac2b52b1c4dd21cc7d",NA,NA,NA,NA,0
"404","69cec122e3cb56c2e7000c6b",NA,NA,NA,NA,0
"405","69d2a8765e19038ab2fc0f56",NA,NA,NA,NA,0
"406","69d5632f4815bcc4cb7242bf",NA,NA,NA,NA,0
"407","69daf476f6bc0d990581aca6",NA,NA,NA,NA,0
"408","69dbf4749918745fc7d8e820",NA,NA,NA,NA,0
"409","69dc76f0a77a620367d666ec",NA,NA,NA,NA,0
"410","69dfe696c433039b7add8013",NA,NA,NA,NA,0
"411","69e816058da70eddb5dbc3e1",NA,NA,NA,NA,0
"412","69e957ad6c65e153a1c65ae2",NA,NA,NA,NA,0
"413","69ed15278090fe4438301d5c",NA,NA,NA,NA,0
"414","69efe0b03221edd72686c185",NA,NA,NA,NA,0
"415","69f0438cc141b27ed949788e",NA,NA,NA,NA,0
"416","69f3d4f3fb7630947c56f1eb",NA,NA,NA,NA,0
"417","69f6484996726366cacd162c",NA,NA,NA,NA,0
"418","69f674db81cb46678aae6391",NA,NA,NA,NA,0
"419","69f7b962446b32b08d58a1df",NA,NA,NA,NA,0
"420","69f86a04fe802de5002bb70b",NA,NA,NA,NA,0
"421","69f8db35f08d6c337883fcb4",NA,NA,NA,NA,0
"422","69fb3314a5e95601464d1fea",NA,NA,NA,NA,0
"423","69fb86296fb6f0919bf31075",NA,NA,NA,NA,0
"424","69fcc8642de981c893eb6958",NA,NA,NA,NA,0
"425","69fce9e45d612732dd1ae4e2",NA,NA,NA,NA,0
"426","6a00b0ca46e3f2822d0349b6",NA,NA,NA,NA,0
"427","6a00dbcc626a780a8e5c07a4",NA,NA,NA,NA,0
"428","6a012d3c523e7311f4e55f61",NA,NA,NA,NA,0
"429","6a01e843af8198a220b44a18",NA,NA,NA,NA,0
"430","6a021dc98c730b8d3ce0deca",NA,NA,NA,NA,0
"431","6a023ad806e8158958e73b75",NA,NA,NA,NA,0
"432","6a05131f0ad03d07dd77178e",NA,NA,NA,NA,0
"433","6a07687bad5809e8867bdffb",NA,NA,NA,NA,0
"434","6a0a0fd9f370053c3505dc0f",NA,NA,NA,NA,0
"435","6a0b756dd47d16a4c82f5589",NA,NA,NA,NA,0
"436","6a0dfefeb75ae8ac09c192c6",NA,NA,NA,NA,0
"437","6a0e2d716e90edf1ea83dce1",NA,NA,NA,NA,0
"438","6a0fdfd2db4241c9e5eca29a",NA,NA,NA,NA,0
"439","6a14434573bcee3f17b7f762",NA,NA,NA,NA,0
"440","6a14c84872f3851ab32e8c01",NA,NA,NA,NA,0
"441","6a14e67cf20909f60e34ae64",NA,NA,NA,NA,0
"442","6a14ed7d826b3c0b54334269",NA,NA,NA,NA,0
"443","6a150fcbc5238897c2c9408e",NA,NA,NA,NA,0
"444","6a18b37c0157d881234ed29f",NA,NA,NA,NA,0
"445","6a199661a2f63c5bf9835b2e",NA,NA,NA,NA,0
"446","6a1a3e6d47ea4b557072cc4d",NA,NA,NA,NA,0
"447","6a1ae40320c9511f890515f7",NA,NA,NA,NA,0
"448","6a1b544246f12219f033d3c3",NA,NA,NA,NA,0
"449","6a1cb95bf369926ac77ea9e5",NA,NA,NA,NA,0
"450","6a1de36b3f5c6160ff6bf6a4",NA,NA,NA,NA,0
"451","6a1f832105dd8c89b5e930ad",NA,NA,NA,NA,0
"452","6a2222ff6e1036656b0d5d08",NA,NA,NA,NA,0
"453","6a232745f21e165e2b54ed58",NA,NA,NA,NA,0
"454","6a2482e9af72b55296872b0d",NA,NA,NA,NA,0
"455","6a2589e7b0645f2f7f1cc52c",NA,NA,NA,NA,0
"456","6a3607f677860830aca5bdeb",NA,NA,NA,NA,0
"457","62c5f85ccf34c8d9c0650f6e",NA,NA,NA,NA,0
"458","661c09a749790db73f8faba5",NA,NA,NA,NA,0
"459","66315563a848526fcfa7555b",NA,NA,NA,NA,0
"460","66da162f5538535e93490441",NA,NA,NA,NA,0
"461","676956116c1a3416bf7b2afe",NA,NA,NA,NA,0
"462","695ea002344d7ca1605c747a",NA,NA,NA,NA,0
"463","6965bd850ce22095dd7a84ca",NA,NA,NA,NA,0
"464","6978d830c5d415696508430d",NA,NA,NA,NA,0
"465","6987875a0a8fa6ed9ef00726",NA,NA,NA,NA,0
"466","699b610e2ba4bade6f39121b",NA,NA,NA,NA,0
"467","699cebf39bc275a312ffd51c",NA,NA,NA,NA,0
"468","699e3cc79b0d3d96b469ca49",NA,NA,NA,NA,0
"469","69a0734d1d433d3694c8438f",NA,NA,NA,NA,0
"470","69a6eb2bc679065ed1cecc51",NA,NA,NA,NA,0
"471","69a8cff018bead25e4a5d848",NA,NA,NA,NA,0
"472","69b5c6bdbcf55371066f5e73",NA,NA,NA,NA,0
"473","69ba37faee13f176e7635323",NA,NA,NA,NA,0
"474","69bdf2afe629d42bfc47997f",NA,NA,NA,NA,0
"475","69c093d33989aa791c4e8b2d",NA,NA,NA,NA,0
"476","69c1256faa88d6296c98d745",NA,NA,NA,NA,0
"477","69c2f0033339865c279814ca",NA,NA,NA,NA,0
"478","69c6ec3a92185003cf70ded5",NA,NA,NA,NA,0
"479","69cc1fac2b52b1c4dd21cc7d",NA,NA,NA,NA,0
"480","69cec122e3cb56c2e7000c6b",NA,NA,NA,NA,0
"481","69d2a8765e19038ab2fc0f56",NA,NA,NA,NA,0
"482","69d5632f4815bcc4cb7242bf",NA,NA,NA,NA,0
"483","69daf476f6bc0d990581aca6",NA,NA,NA,NA,0
"484","69dbf4749918745fc7d8e820",NA,NA,NA,NA,0
"485","69dc76f0a77a620367d666ec",NA,NA,NA,NA,0
"486","69dfe696c433039b7add8013",NA,NA,NA,NA,0
"487","69e816058da70eddb5dbc3e1",NA,NA,NA,NA,0
"488","69e957ad6c65e153a1c65ae2",NA,NA,NA,NA,0
"489","69ed15278090fe4438301d5c",NA,NA,NA,NA,0
"490","69efe0b03221edd72686c185",NA,NA,NA,NA,0
"491","69f0438cc141b27ed949788e",NA,NA,NA,NA,0
"492","69f3d4f3fb7630947c56f1eb",NA,NA,NA,NA,0
"493","69f6484996726366cacd162c",NA,NA,NA,NA,0
"494","69f674db81cb46678aae6391",NA,NA,NA,NA,0
"495","69f7b962446b32b08d58a1df",NA,NA,NA,NA,0
"496","69f86a04fe802de5002bb70b",NA,NA,NA,NA,0
"497","69f8db35f08d6c337883fcb4",NA,NA,NA,NA,0
"498","69fb3314a5e95601464d1fea",NA,NA,NA,NA,0
"499","69fb86296fb6f0919bf31075",NA,NA,NA,NA,0
"500","69fcc8642de981c893eb6958",NA,NA,NA,NA,0
"501","69fce9e45d612732dd1ae4e2",NA,NA,NA,NA,0
"502","6a00b0ca46e3f2822d0349b6",NA,NA,NA,NA,0
"503","6a00dbcc626a780a8e5c07a4",NA,NA,NA,NA,0
"504","6a012d3c523e7311f4e55f61",NA,NA,NA,NA,0
"505","6a01e843af8198a220b44a18",NA,NA,NA,NA,0
"506","6a021dc98c730b8d3ce0deca",NA,NA,NA,NA,0
"507","6a023ad806e8158958e73b75",NA,NA,NA,NA,0
"508","6a05131f0ad03d07dd77178e",NA,NA,NA,NA,0
"509","6a07687bad5809e8867bdffb",NA,NA,NA,NA,0
"510","6a0a0fd9f370053c3505dc0f",NA,NA,NA,NA,0
"511","6a0b756dd47d16a4c82f5589",NA,NA,NA,NA,0
"512","6a0dfefeb75ae8ac09c192c6",NA,NA,NA,NA,0
"513","6a0e2d716e90edf1ea83dce1",NA,NA,NA,NA,0
"514","6a0fdfd2db4241c9e5eca29a",NA,NA,NA,NA,0
"515","6a14434573bcee3f17b7f762",NA,NA,NA,NA,0
"516","6a14c84872f3851ab32e8c01",NA,NA,NA,NA,0
"517","6a14e67cf20909f60e34ae64",NA,NA,NA,NA,0
"518","6a14ed7d826b3c0b54334269",NA,NA,NA,NA,0
"519","6a150fcbc5238897c2c9408e",NA,NA,NA,NA,0
"520","6a18b37c0157d881234ed29f",NA,NA,NA,NA,0
"521","6a199661a2f63c5bf9835b2e",NA,NA,NA,NA,0
"522","6a1a3e6d47ea4b557072cc4d",NA,NA,NA,NA,0
"523","6a1ae40320c9511f890515f7",NA,NA,NA,NA,0
"524","6a1b544246f12219f033d3c3",NA,NA,NA,NA,0
"525","6a1cb95bf369926ac77ea9e5",NA,NA,NA,NA,0
"526","6a1de36b3f5c6160ff6bf6a4",NA,NA,NA,NA,0
"527","6a1f832105dd8c89b5e930ad",NA,NA,NA,NA,0
"528","6a2222ff6e1036656b0d5d08",NA,NA,NA,NA,0
"529","6a232745f21e165e2b54ed58",NA,NA,NA,NA,0
"530","6a2482e9af72b55296872b0d",NA,NA,NA,NA,0
"531","6a2589e7b0645f2f7f1cc52c",NA,NA,NA,NA,0
"532","6a3607f677860830aca5bdeb",NA,NA,NA,NA,0
"533","62c5f85ccf34c8d9c0650f6e",NA,NA,NA,NA,0
"534","661c09a749790db73f8faba5",NA,NA,NA,NA,0
"535","66315563a848526fcfa7555b",NA,NA,NA,NA,0
"536","66da162f5538535e93490441",NA,NA,NA,NA,0
"537","676956116c1a3416bf7b2afe",NA,NA,NA,NA,0
"538","695ea002344d7ca1605c747a",NA,NA,NA,NA,0
"539","6965bd850ce22095dd7a84ca",NA,NA,NA,NA,0
"540","6978d830c5d415696508430d",NA,NA,NA,NA,0
"541","6987875a0a8fa6ed9ef00726",NA,NA,NA,NA,0
"542","699b610e2ba4bade6f39121b",NA,NA,NA,NA,0
"543","699cebf39bc275a312ffd51c",NA,NA,NA,NA,0
"544","699e3cc79b0d3d96b469ca49",NA,NA,NA,NA,0
"545","69a0734d1d433d3694c8438f",NA,NA,NA,NA,0
"546","69a6eb2bc679065ed1cecc51",NA,NA,NA,NA,0
"547","69a8cff018bead25e4a5d848",NA,NA,NA,NA,0
"548","69b5c6bdbcf55371066f5e73",NA,NA,NA,NA,0
"549","69ba37faee13f176e7635323",NA,NA,NA,NA,0
"550","69bdf2afe629d42bfc47997f",NA,NA,NA,NA,0
"551","69c093d33989aa791c4e8b2d",NA,NA,NA,NA,0
"552","69c1256faa88d6296c98d745",NA,NA,NA,NA,0
"553","69c2f0033339865c279814ca",NA,NA,NA,NA,0
"554","69c6ec3a92185003cf70ded5",NA,NA,NA,NA,0
"555","69cc1fac2b52b1c4dd21cc7d",NA,NA,NA,NA,0
"556","69cec122e3cb56c2e7000c6b",NA,NA,NA,NA,0
"557","69d2a8765e19038ab2fc0f56",NA,NA,NA,NA,0
"558","69d5632f4815bcc4cb7242bf",NA,NA,NA,NA,0
"559","69daf476f6bc0d990581aca6",NA,NA,NA,NA,0
"560","69dbf4749918745fc7d8e820",NA,NA,NA,NA,0
"561","69dc76f0a77a620367d666ec",NA,NA,NA,NA,0
"562","69dfe696c433039b7add8013",NA,NA,NA,NA,0
"563","69e816058da70eddb5dbc3e1",NA,NA,NA,NA,0
"564","69e957ad6c65e153a1c65ae2",NA,NA,NA,NA,0
"565","69ed15278090fe4438301d5c",NA,NA,NA,NA,0
"566","69efe0b03221edd72686c185",NA,NA,NA,NA,0
"567","69f0438cc141b27ed949788e",NA,NA,NA,NA,0
"568","69f3d4f3fb7630947c56f1eb",NA,NA,NA,NA,0
"569","69f6484996726366cacd162c",NA,NA,NA,NA,0
"570","69f674db81cb46678aae6391",NA,NA,NA,NA,0
"571","69f7b962446b32b08d58a1df",NA,NA,NA,NA,0
"572","69f86a04fe802de5002bb70b",NA,NA,NA,NA,0
"573","69f8db35f08d6c337883fcb4",NA,NA,NA,NA,0
"574","69fb3314a5e95601464d1fea",NA,NA,NA,NA,0
"575","69fb86296fb6f0919bf31075",NA,NA,NA,NA,0
"576","69fcc8642de981c893eb6958",NA,NA,NA,NA,0
"577","69fce9e45d612732dd1ae4e2",NA,NA,NA,NA,0
"578","6a00b0ca46e3f2822d0349b6",NA,NA,NA,NA,0
"579","6a00dbcc626a780a8e5c07a4",NA,NA,NA,NA,0
"580","6a012d3c523e7311f4e55f61",NA,NA,NA,NA,0
"581","6a01e843af8198a220b44a18",NA,NA,NA,NA,0
"582","6a021dc98c730b8d3ce0deca",NA,NA,NA,NA,0
"583","6a023ad806e8158958e73b75",NA,NA,NA,NA,0
"584","6a05131f0ad03d07dd77178e",NA,NA,NA,NA,0
"585","6a07687bad5809e8867bdffb",NA,NA,NA,NA,0
"586","6a0a0fd9f370053c3505dc0f",NA,NA,NA,NA,0
"587","6a0b756dd47d16a4c82f5589",NA,NA,NA,NA,0
"588","6a0dfefeb75ae8ac09c192c6",NA,NA,NA,NA,0
"589","6a0e2d716e90edf1ea83dce1",NA,NA,NA,NA,0
"590","6a0fdfd2db4241c9e5eca29a",NA,NA,NA,NA,0
"591","6a14434573bcee3f17b7f762",NA,NA,NA,NA,0
"592","6a14c84872f3851ab32e8c01",NA,NA,NA,NA,0
"593","6a14e67cf20909f60e34ae64",NA,NA,NA,NA,0
"594","6a14ed7d826b3c0b54334269",NA,NA,NA,NA,0
"595","6a150fcbc5238897c2c9408e",NA,NA,NA,NA,0
"596","6a18b37c0157d881234ed29f",NA,NA,NA,NA,0
"597","6a199661a2f63c5bf9835b2e",NA,NA,NA,NA,0
"598","6a1a3e6d47ea4b557072cc4d",NA,NA,NA,NA,0
"599","6a1ae40320c9511f890515f7",NA,NA,NA,NA,0
"600","6a1b544246f12219f033d3c3",NA,NA,NA,NA,0
"601","6a1cb95bf369926ac77ea9e5",NA,NA,NA,NA,0
"602","6a1de36b3f5c6160ff6bf6a4",NA,NA,NA,NA,0
"603","6a1f832105dd8c89b5e930ad",NA,NA,NA,NA,0
"604","6a2222ff6e1036656b0d5d08",NA,NA,NA,NA,0
"605","6a232745f21e165e2b54ed58",NA,NA,NA,NA,0
"606","6a2482e9af72b55296872b0d",NA,NA,NA,NA,0
"607","6a2589e7b0645f2f7f1cc52c",NA,NA,NA,NA,0
"608","6a3607f677860830aca5bdeb",NA,NA,NA,NA,0
"609","62c5f85ccf34c8d9c0650f6e",NA,NA,NA,NA,0
"610","661c09a749790db73f8faba5",NA,NA,NA,NA,0
"611","66315563a848526fcfa7555b",NA,NA,NA,NA,0
"612","66da162f5538535e93490441",NA,NA,NA,NA,0
"613","676956116c1a3416bf7b2afe",NA,NA,NA,NA,0
"614","695ea002344d7ca1605c747a",NA,NA,NA,NA,0
"615","6965bd850ce22095dd7a84ca",NA,NA,NA,NA,0
"616","6978d830c5d415696508430d",NA,NA,NA,NA,0
"617","6987875a0a8fa6ed9ef00726",NA,NA,NA,NA,0
"618","699b610e2ba4bade6f39121b",NA,NA,NA,NA,0
"619","699cebf39bc275a312ffd51c",NA,NA,NA,NA,0
"620","699e3cc79b0d3d96b469ca49",NA,NA,NA,NA,0
"621","69a0734d1d433d3694c8438f",NA,NA,NA,NA,0
"622","69a6eb2bc679065ed1cecc51",NA,NA,NA,NA,0
"623","69a8cff018bead25e4a5d848",NA,NA,NA,NA,0
"624","69b5c6bdbcf55371066f5e73",NA,NA,NA,NA,0
"625","69ba37faee13f176e7635323",NA,NA,NA,NA,0
"626","69bdf2afe629d42bfc47997f",NA,NA,NA,NA,0
"627","69c093d33989aa791c4e8b2d",NA,NA,NA,NA,0
"628","69c1256faa88d6296c98d745",NA,NA,NA,NA,0
"629","69c2f0033339865c279814ca",NA,NA,NA,NA,0
"630","69c6ec3a92185003cf70ded5",NA,NA,NA,NA,0
"631","69cc1fac2b52b1c4dd21cc7d",NA,NA,NA,NA,0
"632","69cec122e3cb56c2e7000c6b",NA,NA,NA,NA,0
"633","69d2a8765e19038ab2fc0f56",NA,NA,NA,NA,0
"634","69d5632f4815bcc4cb7242bf",NA,NA,NA,NA,0
"635","69daf476f6bc0d990581aca6",NA,NA,NA,NA,0
"636","69dbf4749918745fc7d8e820",NA,NA,NA,NA,0
"637","69dc76f0a77a620367d666ec",NA,NA,NA,NA,0
"638","69dfe696c433039b7add8013",NA,NA,NA,NA,0
"639","69e816058da70eddb5dbc3e1",NA,NA,NA,NA,0
"640","69e957ad6c65e153a1c65ae2",NA,NA,NA,NA,0
"641","69ed15278090fe4438301d5c",NA,NA,NA,NA,0
"642","69efe0b03221edd72686c185",NA,NA,NA,NA,0
"643","69f0438cc141b27ed949788e",NA,NA,NA,NA,0
"644","69f3d4f3fb7630947c56f1eb",NA,NA,NA,NA,0
"645","69f6484996726366cacd162c",NA,NA,NA,NA,0
"646","69f674db81cb46678aae6391",NA,NA,NA,NA,0
"647","69f7b962446b32b08d58a1df",NA,NA,NA,NA,0
"648","69f86a04fe802de5002bb70b",NA,NA,NA,NA,0
"649","69f8db35f08d6c337883fcb4",NA,NA,NA,NA,0
"650","69fb3314a5e95601464d1fea",NA,NA,NA,NA,0
"651","69fb86296fb6f0919bf31075",NA,NA,NA,NA,0
"652","69fcc8642de981c893eb6958",NA,NA,NA,NA,0
"653","69fce9e45d612732dd1ae4e2",NA,NA,NA,NA,0
"654","6a00b0ca46e3f2822d0349b6",NA,NA,NA,NA,0
"655","6a00dbcc626a780a8e5c07a4",NA,NA,NA,NA,0
"656","6a012d3c523e7311f4e55f61",NA,NA,NA,NA,0
"657","6a01e843af8198a220b44a18",NA,NA,NA,NA,0
"658","6a021dc98c730b8d3ce0deca",NA,NA,NA,NA,0
"659","6a023ad806e8158958e73b75",NA,NA,NA,NA,0
"660","6a05131f0ad03d07dd77178e",NA,NA,NA,NA,0
"661","6a07687bad5809e8867bdffb",NA,NA,NA,NA,0
"662","6a0a0fd9f370053c3505dc0f",NA,NA,NA,NA,0
"663","6a0b756dd47d16a4c82f5589",NA,NA,NA,NA,0
"664","6a0dfefeb75ae8ac09c192c6",NA,NA,NA,NA,0
"665","6a0e2d716e90edf1ea83dce1",NA,NA,NA,NA,0
"666","6a0fdfd2db4241c9e5eca29a",NA,NA,NA,NA,0
"667","6a14434573bcee3f17b7f762",NA,NA,NA,NA,0
"668","6a14c84872f3851ab32e8c01",NA,NA,NA,NA,0
"669","6a14e67cf20909f60e34ae64",NA,NA,NA,NA,0
"670","6a14ed7d826b3c0b54334269",NA,NA,NA,NA,0
"671","6a150fcbc5238897c2c9408e",NA,NA,NA,NA,0
"672","6a18b37c0157d881234ed29f",NA,NA,NA,NA,0
"673","6a199661a2f63c5bf9835b2e",NA,NA,NA,NA,0
"674","6a1a3e6d47ea4b557072cc4d",NA,NA,NA,NA,0
"675","6a1ae40320c9511f890515f7",NA,NA,NA,NA,0
"676","6a1b544246f12219f033d3c3",NA,NA,NA,NA,0
"677","6a1cb95bf369926ac77ea9e5",NA,NA,NA,NA,0
"678","6a1de36b3f5c6160ff6bf6a4",NA,NA,NA,NA,0
"679","6a1f832105dd8c89b5e930ad",NA,NA,NA,NA,0
"680","6a2222ff6e1036656b0d5d08",NA,NA,NA,NA,0
"681","6a232745f21e165e2b54ed58",NA,NA,NA,NA,0
"682","6a2482e9af72b55296872b0d",NA,NA,NA,NA,0
"683","6a2589e7b0645f2f7f1cc52c",NA,NA,NA,NA,0
"684","6a3607f677860830aca5bdeb",NA,NA,NA,NA,0
"685","62c5f85ccf34c8d9c0650f6e",NA,NA,NA,NA,0
"686","661c09a749790db73f8faba5",NA,NA,NA,NA,0
"687","66315563a848526fcfa7555b",NA,NA,NA,NA,0
"688","66da162f5538535e93490441",NA,NA,NA,NA,0
"689","676956116c1a3416bf7b2afe",NA,NA,NA,NA,0
"690","695ea002344d7ca1605c747a",NA,NA,NA,NA,0
"691","6965bd850ce22095dd7a84ca",NA,NA,NA,NA,0
"692","6978d830c5d415696508430d",NA,NA,NA,NA,0
"693","6987875a0a8fa6ed9ef00726",NA,NA,NA,NA,0
"694","699b610e2ba4bade6f39121b",NA,NA,NA,NA,0
"695","699cebf39bc275a312ffd51c",NA,NA,NA,NA,0
"696","699e3cc79b0d3d96b469ca49",NA,NA,NA,NA,0
"697","69a0734d1d433d3694c8438f",NA,NA,NA,NA,0
"698","69a6eb2bc679065ed1cecc51",NA,NA,NA,NA,0
"699","69a8cff018bead25e4a5d848",NA,NA,NA,NA,0
"700","69b5c6bdbcf55371066f5e73",NA,NA,NA,NA,0
"701","69ba37faee13f176e7635323",NA,NA,NA,NA,0
"702","69bdf2afe629d42bfc47997f",NA,NA,NA,NA,0
"703","69c093d33989aa791c4e8b2d",NA,NA,NA,NA,0
"704","69c1256faa88d6296c98d745",NA,NA,NA,NA,0
"705","69c2f0033339865c279814ca",NA,NA,NA,NA,0
"706","69c6ec3a92185003cf70ded5",NA,NA,NA,NA,0
"707","69cc1fac2b52b1c4dd21cc7d",NA,NA,NA,NA,0
"708","69cec122e3cb56c2e7000c6b",NA,NA,NA,NA,0
"709","69d2a8765e19038ab2fc0f56",NA,NA,NA,NA,0
"710","69d5632f4815bcc4cb7242bf",NA,NA,NA,NA,0
"711","69daf476f6bc0d990581aca6",NA,NA,NA,NA,0
"712","69dbf4749918745fc7d8e820",NA,NA,NA,NA,0
"713","69dc76f0a77a620367d666ec",NA,NA,NA,NA,0
"714","69dfe696c433039b7add8013",NA,NA,NA,NA,0
"715","69e816058da70eddb5dbc3e1",NA,NA,NA,NA,0
"716","69e957ad6c65e153a1c65ae2",NA,NA,NA,NA,0
"717","69ed15278090fe4438301d5c",NA,NA,NA,NA,0
"718","69efe0b03221edd72686c185",NA,NA,NA,NA,0
"719","69f0438cc141b27ed949788e",NA,NA,NA,NA,0
"720","69f3d4f3fb7630947c56f1eb",NA,NA,NA,NA,0
"721","69f6484996726366cacd162c",NA,NA,NA,NA,0
"722","69f674db81cb46678aae6391",NA,NA,NA,NA,0
"723","69f7b962446b32b08d58a1df",NA,NA,NA,NA,0
"724","69f86a04fe802de5002bb70b",NA,NA,NA,NA,0
"725","69f8db35f08d6c337883fcb4",NA,NA,NA,NA,0
"726","69fb3314a5e95601464d1fea",NA,NA,NA,NA,0
"727","69fb86296fb6f0919bf31075",NA,NA,NA,NA,0
"728","69fcc8642de981c893eb6958",NA,NA,NA,NA,0
"729","69fce9e45d612732dd1ae4e2",NA,NA,NA,NA,0
"730","6a00b0ca46e3f2822d0349b6",NA,NA,NA,NA,0
"731","6a00dbcc626a780a8e5c07a4",NA,NA,NA,NA,0
"732","6a012d3c523e7311f4e55f61",NA,NA,NA,NA,0
"733","6a01e843af8198a220b44a18",NA,NA,NA,NA,0
"734","6a021dc98c730b8d3ce0deca",NA,NA,NA,NA,0
"735","6a023ad806e8158958e73b75",NA,NA,NA,NA,0
"736","6a05131f0ad03d07dd77178e",NA,NA,NA,NA,0
"737","6a07687bad5809e8867bdffb",NA,NA,NA,NA,0
"738","6a0a0fd9f370053c3505dc0f",NA,NA,NA,NA,0
"739","6a0b756dd47d16a4c82f5589",NA,NA,NA,NA,0
"740","6a0dfefeb75ae8ac09c192c6",NA,NA,NA,NA,0
"741","6a0e2d716e90edf1ea83dce1",NA,NA,NA,NA,0
"742","6a0fdfd2db4241c9e5eca29a",NA,NA,NA,NA,0
"743","6a14434573bcee3f17b7f762",NA,NA,NA,NA,0
"744","6a14c84872f3851ab32e8c01",NA,NA,NA,NA,0
"745","6a14e67cf20909f60e34ae64",NA,NA,NA,NA,0
"746","6a14ed7d826b3c0b54334269",NA,NA,NA,NA,0
"747","6a150fcbc5238897c2c9408e",NA,NA,NA,NA,0
"748","6a18b37c0157d881234ed29f",NA,NA,NA,NA,0
"749","6a199661a2f63c5bf9835b2e",NA,NA,NA,NA,0
"750","6a1a3e6d47ea4b557072cc4d",NA,NA,NA,NA,0
"751","6a1ae40320c9511f890515f7",NA,NA,NA,NA,0
"752","6a1b544246f12219f033d3c3",NA,NA,NA,NA,0
"753","6a1cb95bf369926ac77ea9e5",NA,NA,NA,NA,0
"754","6a1de36b3f5c6160ff6bf6a4",NA,NA,NA,NA,0
"755","6a1f832105dd8c89b5e930ad",NA,NA,NA,NA,0
"756","6a2222ff6e1036656b0d5d08",NA,NA,NA,NA,0
"757","6a232745f21e165e2b54ed58",NA,NA,NA,NA,0
"758","6a2482e9af72b55296872b0d",NA,NA,NA,NA,0
"759","6a2589e7b0645f2f7f1cc52c",NA,NA,NA,NA,0
"760","6a3607f677860830aca5bdeb",NA,NA,NA,NA,0
"761","62c5f85ccf34c8d9c0650f6e",NA,NA,NA,NA,0
"762","661c09a749790db73f8faba5",NA,NA,NA,NA,0
"763","66315563a848526fcfa7555b",NA,NA,NA,NA,0
"764","66da162f5538535e93490441",NA,NA,NA,NA,0
"765","676956116c1a3416bf7b2afe",NA,NA,NA,NA,0
"766","695ea002344d7ca1605c747a",NA,NA,NA,NA,0
"767","6965bd850ce22095dd7a84ca",NA,NA,NA,NA,0
"768","6978d830c5d415696508430d",NA,NA,NA,NA,0
"769","6987875a0a8fa6ed9ef00726",NA,NA,NA,NA,0
"770","699b610e2ba4bade6f39121b",NA,NA,NA,NA,0
"771","699cebf39bc275a312ffd51c",NA,NA,NA,NA,0
"772","699e3cc79b0d3d96b469ca49",NA,NA,NA,NA,0
"773","69a0734d1d433d3694c8438f",NA,NA,NA,NA,0
"774","69a6eb2bc679065ed1cecc51",NA,NA,NA,NA,0
"775","69a8cff018bead25e4a5d848",NA,NA,NA,NA,0
"776","69b5c6bdbcf55371066f5e73",NA,NA,NA,NA,0
"777","69ba37faee13f176e7635323",NA,NA,NA,NA,0
"778","69bdf2afe629d42bfc47997f",NA,NA,NA,NA,0
"779","69c093d33989aa791c4e8b2d",NA,NA,NA,NA,0
"780","69c1256faa88d6296c98d745",NA,NA,NA,NA,0
"781","69c2f0033339865c279814ca",NA,NA,NA,NA,0
"782","69c6ec3a92185003cf70ded5",NA,NA,NA,NA,0
"783","69cc1fac2b52b1c4dd21cc7d",NA,NA,NA,NA,0
"784","69cec122e3cb56c2e7000c6b",NA,NA,NA,NA,0
"785","69d2a8765e19038ab2fc0f56",NA,NA,NA,NA,0
"786","69d5632f4815bcc4cb7242bf",NA,NA,NA,NA,0
"787","69daf476f6bc0d990581aca6",NA,NA,NA,NA,0
"788","69dbf4749918745fc7d8e820",NA,NA,NA,NA,0
"789","69dc76f0a77a620367d666ec",NA,NA,NA,NA,0
"790","69dfe696c433039b7add8013",NA,NA,NA,NA,0
"791","69e816058da70eddb5dbc3e1",NA,NA,NA,NA,0
"792","69e957ad6c65e153a1c65ae2",NA,NA,NA,NA,0
"793","69ed15278090fe4438301d5c",NA,NA,NA,NA,0
"794","69efe0b03221edd72686c185",NA,NA,NA,NA,0
"795","69f0438cc141b27ed949788e",NA,NA,NA,NA,0
"796","69f3d4f3fb7630947c56f1eb",NA,NA,NA,NA,0
"797","69f6484996726366cacd162c",NA,NA,NA,NA,0
"798","69f674db81cb46678aae6391",NA,NA,NA,NA,0
"799","69f7b962446b32b08d58a1df",NA,NA,NA,NA,0
"800","69f86a04fe802de5002bb70b",NA,NA,NA,NA,0
"801","69f8db35f08d6c337883fcb4",NA,NA,NA,NA,0
"802","69fb3314a5e95601464d1fea",NA,NA,NA,NA,0
"803","69fb86296fb6f0919bf31075",NA,NA,NA,NA,0
"804","69fcc8642de981c893eb6958",NA,NA,NA,NA,0
"805","69fce9e45d612732dd1ae4e2",NA,NA,NA,NA,0
"806","6a00b0ca46e3f2822d0349b6",NA,NA,NA,NA,0
"807","6a00dbcc626a780a8e5c07a4",NA,NA,NA,NA,0
"808","6a012d3c523e7311f4e55f61",NA,NA,NA,NA,0
"809","6a01e843af8198a220b44a18",NA,NA,NA,NA,0
"810","6a021dc98c730b8d3ce0deca",NA,NA,NA,NA,0
"811","6a023ad806e8158958e73b75",NA,NA,NA,NA,0
"812","6a05131f0ad03d07dd77178e",NA,NA,NA,NA,0
"813","6a07687bad5809e8867bdffb",NA,NA,NA,NA,0
"814","6a0a0fd9f370053c3505dc0f",NA,NA,NA,NA,0
"815","6a0b756dd47d16a4c82f5589",NA,NA,NA,NA,0
"816","6a0dfefeb75ae8ac09c192c6",NA,NA,NA,NA,0
"817","6a0e2d716e90edf1ea83dce1",NA,NA,NA,NA,0
"818","6a0fdfd2db4241c9e5eca29a",NA,NA,NA,NA,0
"819","6a14434573bcee3f17b7f762",NA,NA,NA,NA,0
"820","6a14c84872f3851ab32e8c01",NA,NA,NA,NA,0
"821","6a14e67cf20909f60e34ae64",NA,NA,NA,NA,0
"822","6a14ed7d826b3c0b54334269",NA,NA,NA,NA,0
"823","6a150fcbc5238897c2c9408e",NA,NA,NA,NA,0
"824","6a18b37c0157d881234ed29f",NA,NA,NA,NA,0
"825","6a199661a2f63c5bf9835b2e",NA,NA,NA,NA,0
"826","6a1a3e6d47ea4b557072cc4d",NA,NA,NA,NA,0
"827","6a1ae40320c9511f890515f7",NA,NA,NA,NA,0
"828","6a1b544246f12219f033d3c3",NA,NA,NA,NA,0
"829","6a1cb95bf369926ac77ea9e5",NA,NA,NA,NA,0
"830","6a1de36b3f5c6160ff6bf6a4",NA,NA,NA,NA,0
"831","6a1f832105dd8c89b5e930ad",NA,NA,NA,NA,0
"832","6a2222ff6e1036656b0d5d08",NA,NA,NA,NA,0
"833","6a232745f21e165e2b54ed58",NA,NA,NA,NA,0
"834","6a2482e9af72b55296872b0d",NA,NA,NA,NA,0
"835","6a2589e7b0645f2f7f1cc52c",NA,NA,NA,NA,0
"836","6a3607f677860830aca5bdeb",NA,NA,NA,NA,0
"837","62c5f85ccf34c8d9c0650f6e",NA,NA,NA,NA,0
"838","661c09a749790db73f8faba5",NA,NA,NA,NA,0
"839","66315563a848526fcfa7555b",NA,NA,NA,NA,0
"840","66da162f5538535e93490441",NA,NA,NA,NA,0
"841","676956116c1a3416bf7b2afe",NA,NA,NA,NA,0
"842","695ea002344d7ca1605c747a",NA,NA,NA,NA,0
"843","6965bd850ce22095dd7a84ca",NA,NA,NA,NA,0
"844","6978d830c5d415696508430d",NA,NA,NA,NA,0
"845","6987875a0a8fa6ed9ef00726",NA,NA,NA,NA,0
"846","699b610e2ba4bade6f39121b",NA,NA,NA,NA,0
"847","699cebf39bc275a312ffd51c",NA,NA,NA,NA,0
"848","699e3cc79b0d3d96b469ca49",NA,NA,NA,NA,0
"849","69a0734d1d433d3694c8438f",NA,NA,NA,NA,0
"850","69a6eb2bc679065ed1cecc51",NA,NA,NA,NA,0
"851","69a8cff018bead25e4a5d848",NA,NA,NA,NA,0
"852","69b5c6bdbcf55371066f5e73",NA,NA,NA,NA,0
"853","69ba37faee13f176e7635323",NA,NA,NA,NA,0
"854","69bdf2afe629d42bfc47997f",NA,NA,NA,NA,0
"855","69c093d33989aa791c4e8b2d",NA,NA,NA,NA,0
"856","69c1256faa88d6296c98d745",NA,NA,NA,NA,0
"857","69c2f0033339865c279814ca",NA,NA,NA,NA,0
"858","69c6ec3a92185003cf70ded5",NA,NA,NA,NA,0
"859","69cc1fac2b52b1c4dd21cc7d",NA,NA,NA,NA,0
"860","69cec122e3cb56c2e7000c6b",NA,NA,NA,NA,0
"861","69d2a8765e19038ab2fc0f56",NA,NA,NA,NA,0
"862","69d5632f4815bcc4cb7242bf",NA,NA,NA,NA,0
"863","69daf476f6bc0d990581aca6",NA,NA,NA,NA,0
"864","69dbf4749918745fc7d8e820",NA,NA,NA,NA,0
"865","69dc76f0a77a620367d666ec",NA,NA,NA,NA,0
"866","69dfe696c433039b7add8013",NA,NA,NA,NA,0
"867","69e816058da70eddb5dbc3e1",NA,NA,NA,NA,0
"868","69e957ad6c65e153a1c65ae2",NA,NA,NA,NA,0
"869","69ed15278090fe4438301d5c",NA,NA,NA,NA,0
"870","69efe0b03221edd72686c185",NA,NA,NA,NA,0
"871","69f0438cc141b27ed949788e",NA,NA,NA,NA,0
"872","69f3d4f3fb7630947c56f1eb",NA,NA,NA,NA,0
"873","69f6484996726366cacd162c",NA,NA,NA,NA,0
"874","69f674db81cb46678aae6391",NA,NA,NA,NA,0
"875","69f7b962446b32b08d58a1df",NA,NA,NA,NA,0
"876","69f86a04fe802de5002bb70b",NA,NA,NA,NA,0
"877","69f8db35f08d6c337883fcb4",NA,NA,NA,NA,0
"878","69fb3314a5e95601464d1fea",NA,NA,NA,NA,0
"879","69fb86296fb6f0919bf31075",NA,NA,NA,NA,0
"880","69fcc8642de981c893eb6958",NA,NA,NA,NA,0
"881","69fce9e45d612732dd1ae4e2",NA,NA,NA,NA,0
"882","6a00b0ca46e3f2822d0349b6",NA,NA,NA,NA,0
"883","6a00dbcc626a780a8e5c07a4",NA,NA,NA,NA,0
"884","6a012d3c523e7311f4e55f61",NA,NA,NA,NA,0
"885","6a01e843af8198a220b44a18",NA,NA,NA,NA,0
"886","6a021dc98c730b8d3ce0deca",NA,NA,NA,NA,0
"887","6a023ad806e8158958e73b75",NA,NA,NA,NA,0
"888","6a05131f0ad03d07dd77178e",NA,NA,NA,NA,0
"889","6a07687bad5809e8867bdffb",NA,NA,NA,NA,0
"890","6a0a0fd9f370053c3505dc0f",NA,NA,NA,NA,0
"891","6a0b756dd47d16a4c82f5589",NA,NA,NA,NA,0
"892","6a0dfefeb75ae8ac09c192c6",NA,NA,NA,NA,0
"893","6a0e2d716e90edf1ea83dce1",NA,NA,NA,NA,0
"894","6a0fdfd2db4241c9e5eca29a",NA,NA,NA,NA,0
"895","6a14434573bcee3f17b7f762",NA,NA,NA,NA,0
"896","6a14c84872f3851ab32e8c01",NA,NA,NA,NA,0
"897","6a14e67cf20909f60e34ae64",NA,NA,NA,NA,0
"898","6a14ed7d826b3c0b54334269",NA,NA,NA,NA,0
"899","6a150fcbc5238897c2c9408e",NA,NA,NA,NA,0
"900","6a18b37c0157d881234ed29f",NA,NA,NA,NA,0
"901","6a199661a2f63c5bf9835b2e",NA,NA,NA,NA,0
"902","6a1a3e6d47ea4b557072cc4d",NA,NA,NA,NA,0
"903","6a1ae40320c9511f890515f7",NA,NA,NA,NA,0
"904","6a1b544246f12219f033d3c3",NA,NA,NA,NA,0
"905","6a1cb95bf369926ac77ea9e5",NA,NA,NA,NA,0
"906","6a1de36b3f5c6160ff6bf6a4",NA,NA,NA,NA,0
"907","6a1f832105dd8c89b5e930ad",NA,NA,NA,NA,0
"908","6a2222ff6e1036656b0d5d08",NA,NA,NA,NA,0
"909","6a232745f21e165e2b54ed58",NA,NA,NA,NA,0
"910","6a2482e9af72b55296872b0d",NA,NA,NA,NA,0
"911","6a2589e7b0645f2f7f1cc52c",NA,NA,NA,NA,0
"912","6a3607f677860830aca5bdeb",NA,NA,NA,NA,0
"913","62c5f85ccf34c8d9c0650f6e",NA,NA,NA,NA,0
"914","661c09a749790db73f8faba5",NA,NA,NA,NA,0
"915","66315563a848526fcfa7555b",NA,NA,NA,NA,0
"916","66da162f5538535e93490441",NA,NA,NA,NA,0
"917","676956116c1a3416bf7b2afe",NA,NA,NA,NA,0
"918","695ea002344d7ca1605c747a",NA,NA,NA,NA,0
"919","6965bd850ce22095dd7a84ca",NA,NA,NA,NA,0
"920","6978d830c5d415696508430d",NA,NA,NA,NA,0
"921","6987875a0a8fa6ed9ef00726",NA,NA,NA,NA,0
"922","699b610e2ba4bade6f39121b",NA,NA,NA,NA,0
"923","699cebf39bc275a312ffd51c",NA,NA,NA,NA,0
"924","699e3cc79b0d3d96b469ca49",NA,NA,NA,NA,0
"925","69a0734d1d433d3694c8438f",NA,NA,NA,NA,0
"926","69a6eb2bc679065ed1cecc51",NA,NA,NA,NA,0
"927","69a8cff018bead25e4a5d848",NA,NA,NA,NA,0
"928","69b5c6bdbcf55371066f5e73",NA,NA,NA,NA,0
"929","69ba37faee13f176e7635323",NA,NA,NA,NA,0
"930","69bdf2afe629d42bfc47997f",NA,NA,NA,NA,0
"931","69c093d33989aa791c4e8b2d",NA,NA,NA,NA,0
"932","69c1256faa88d6296c98d745",NA,NA,NA,NA,0
"933","69c2f0033339865c279814ca",NA,NA,NA,NA,0
"934","69c6ec3a92185003cf70ded5",NA,NA,NA,NA,0
"935","69cc1fac2b52b1c4dd21cc7d",NA,NA,NA,NA,0
"936","69cec122e3cb56c2e7000c6b",NA,NA,NA,NA,0
"937","69d2a8765e19038ab2fc0f56",NA,NA,NA,NA,0
"938","69d5632f4815bcc4cb7242bf",NA,NA,NA,NA,0
"939","69daf476f6bc0d990581aca6",NA,NA,NA,NA,0
"940","69dbf4749918745fc7d8e820",NA,NA,NA,NA,0
"941","69dc76f0a77a620367d666ec",NA,NA,NA,NA,0
"942","69dfe696c433039b7add8013",NA,NA,NA,NA,0
"943","69e816058da70eddb5dbc3e1",NA,NA,NA,NA,0
"944","69e957ad6c65e153a1c65ae2",NA,NA,NA,NA,0
"945","69ed15278090fe4438301d5c",NA,NA,NA,NA,0
"946","69efe0b03221edd72686c185",NA,NA,NA,NA,0
"947","69f0438cc141b27ed949788e",NA,NA,NA,NA,0
"948","69f3d4f3fb7630947c56f1eb",NA,NA,NA,NA,0
"949","69f6484996726366cacd162c",NA,NA,NA,NA,0
"950","69f674db81cb46678aae6391",NA,NA,NA,NA,0
"951","69f7b962446b32b08d58a1df",NA,NA,NA,NA,0
"952","69f86a04fe802de5002bb70b",NA,NA,NA,NA,0
"953","69f8db35f08d6c337883fcb4",NA,NA,NA,NA,0
"954","69fb3314a5e95601464d1fea",NA,NA,NA,NA,0
"955","69fb86296fb6f0919bf31075",NA,NA,NA,NA,0
"956","69fcc8642de981c893eb6958",NA,NA,NA,NA,0
"957","69fce9e45d612732dd1ae4e2",NA,NA,NA,NA,0
"958","6a00b0ca46e3f2822d0349b6",NA,NA,NA,NA,0
"959","6a00dbcc626a780a8e5c07a4",NA,NA,NA,NA,0
"960","6a012d3c523e7311f4e55f61",NA,NA,NA,NA,0
"961","6a01e843af8198a220b44a18",NA,NA,NA,NA,0
"962","6a021dc98c730b8d3ce0deca",NA,NA,NA,NA,0
"963","6a023ad806e8158958e73b75",NA,NA,NA,NA,0
"964","6a05131f0ad03d07dd77178e",NA,NA,NA,NA,0
"965","6a07687bad5809e8867bdffb",NA,NA,NA,NA,0
"966","6a0a0fd9f370053c3505dc0f",NA,NA,NA,NA,0
"967","6a0b756dd47d16a4c82f5589",NA,NA,NA,NA,0
"968","6a0dfefeb75ae8ac09c192c6",NA,NA,NA,NA,0
"969","6a0e2d716e90edf1ea83dce1",NA,NA,NA,NA,0
"970","6a0fdfd2db4241c9e5eca29a",NA,NA,NA,NA,0
"971","6a14434573bcee3f17b7f762",NA,NA,NA,NA,0
"972","6a14c84872f3851ab32e8c01",NA,NA,NA,NA,0
"973","6a14e67cf20909f60e34ae64",NA,NA,NA,NA,0
"974","6a14ed7d826b3c0b54334269",NA,NA,NA,NA,0
"975","6a150fcbc5238897c2c9408e",NA,NA,NA,NA,0
"976","6a18b37c0157d881234ed29f",NA,NA,NA,NA,0
"977","6a199661a2f63c5bf9835b2e",NA,NA,NA,NA,0
"978","6a1a3e6d47ea4b557072cc4d",NA,NA,NA,NA,0
"979","6a1ae40320c9511f890515f7",NA,NA,NA,NA,0
"980","6a1b544246f12219f033d3c3",NA,NA,NA,NA,0
"981","6a1cb95bf369926ac77ea9e5",NA,NA,NA,NA,0
"982","6a1de36b3f5c6160ff6bf6a4",NA,NA,NA,NA,0
"983","6a1f832105dd8c89b5e930ad",NA,NA,NA,NA,0
"984","6a2222ff6e1036656b0d5d08",NA,NA,NA,NA,0
"985","6a232745f21e165e2b54ed58",NA,NA,NA,NA,0
"986","6a2482e9af72b55296872b0d",NA,NA,NA,NA,0
"987","6a2589e7b0645f2f7f1cc52c",NA,NA,NA,NA,0
"988","6a3607f677860830aca5bdeb",NA,NA,NA,NA,0
"989","62c5f85ccf34c8d9c0650f6e",NA,NA,NA,NA,0
"990","661c09a749790db73f8faba5",NA,NA,NA,NA,0
"991","66315563a848526fcfa7555b",NA,NA,NA,NA,0
"992","66da162f5538535e93490441",NA,NA,NA,NA,0
"993","676956116c1a3416bf7b2afe",NA,NA,NA,NA,0
"994","695ea002344d7ca1605c747a",NA,NA,NA,NA,0
"995","6965bd850ce22095dd7a84ca",NA,NA,NA,NA,0
"996","6978d830c5d415696508430d",NA,NA,NA,NA,0
"997","6987875a0a8fa6ed9ef00726",NA,NA,NA,NA,0
"998","699b610e2ba4bade6f39121b",NA,NA,NA,NA,0
"999","699cebf39bc275a312ffd51c",NA,NA,NA,NA,0
"1000","699e3cc79b0d3d96b469ca49",NA,NA,NA,NA,0
"1001","69a0734d1d433d3694c8438f",NA,NA,NA,NA,0
"1002","69a6eb2bc679065ed1cecc51",NA,NA,NA,NA,0
"1003","69a8cff018bead25e4a5d848",NA,NA,NA,NA,0
"1004","69b5c6bdbcf55371066f5e73",NA,NA,NA,NA,0
"1005","69ba37faee13f176e7635323",NA,NA,NA,NA,0
"1006","69bdf2afe629d42bfc47997f",NA,NA,NA,NA,0
"1007","69c093d33989aa791c4e8b2d",NA,NA,NA,NA,0
"1008","69c1256faa88d6296c98d745",NA,NA,NA,NA,0
"1009","69c2f0033339865c279814ca",NA,NA,NA,NA,0
"1010","69c6ec3a92185003cf70ded5",NA,NA,NA,NA,0
"1011","69cc1fac2b52b1c4dd21cc7d",NA,NA,NA,NA,0
"1012","69cec122e3cb56c2e7000c6b",NA,NA,NA,NA,0
"1013","69d2a8765e19038ab2fc0f56",NA,NA,NA,NA,0
"1014","69d5632f4815bcc4cb7242bf",NA,NA,NA,NA,0
"1015","69daf476f6bc0d990581aca6",NA,NA,NA,NA,0
"1016","69dbf4749918745fc7d8e820",NA,NA,NA,NA,0
"1017","69dc76f0a77a620367d666ec",NA,NA,NA,NA,0
"1018","69dfe696c433039b7add8013",NA,NA,NA,NA,0
"1019","69e816058da70eddb5dbc3e1",NA,NA,NA,NA,0
"1020","69e957ad6c65e153a1c65ae2",NA,NA,NA,NA,0
"1021","69ed15278090fe4438301d5c",NA,NA,NA,NA,0
"1022","69efe0b03221edd72686c185",NA,NA,NA,NA,0
"1023","69f0438cc141b27ed949788e",NA,NA,NA,NA,0
"1024","69f3d4f3fb7630947c56f1eb",NA,NA,NA,NA,0
"1025","69f6484996726366cacd162c",NA,NA,NA,NA,0
"1026","69f674db81cb46678aae6391",NA,NA,NA,NA,0
"1027","69f7b962446b32b08d58a1df",NA,NA,NA,NA,0
"1028","69f86a04fe802de5002bb70b",NA,NA,NA,NA,0
"1029","69f8db35f08d6c337883fcb4",NA,NA,NA,NA,0
"1030","69fb3314a5e95601464d1fea",NA,NA,NA,NA,0
"1031","69fb86296fb6f0919bf31075",NA,NA,NA,NA,0
"1032","69fcc8642de981c893eb6958",NA,NA,NA,NA,0
"1033","69fce9e45d612732dd1ae4e2",NA,NA,NA,NA,0
"1034","6a00b0ca46e3f2822d0349b6",NA,NA,NA,NA,0
"1035","6a00dbcc626a780a8e5c07a4",NA,NA,NA,NA,0
"1036","6a012d3c523e7311f4e55f61",NA,NA,NA,NA,0
"1037","6a01e843af8198a220b44a18",NA,NA,NA,NA,0
"1038","6a021dc98c730b8d3ce0deca",NA,NA,NA,NA,0
"1039","6a023ad806e8158958e73b75",NA,NA,NA,NA,0
"1040","6a05131f0ad03d07dd77178e",NA,NA,NA,NA,0
"1041","6a07687bad5809e8867bdffb",NA,NA,NA,NA,0
"1042","6a0a0fd9f370053c3505dc0f",NA,NA,NA,NA,0
"1043","6a0b756dd47d16a4c82f5589",NA,NA,NA,NA,0
"1044","6a0dfefeb75ae8ac09c192c6",NA,NA,NA,NA,0
"1045","6a0e2d716e90edf1ea83dce1",NA,NA,NA,NA,0
"1046","6a0fdfd2db4241c9e5eca29a",NA,NA,NA,NA,0
"1047","6a14434573bcee3f17b7f762",NA,NA,NA,NA,0
"1048","6a14c84872f3851ab32e8c01",NA,NA,NA,NA,0
"1049","6a14e67cf20909f60e34ae64",NA,NA,NA,NA,0
"1050","6a14ed7d826b3c0b54334269",NA,NA,NA,NA,0
"1051","6a150fcbc5238897c2c9408e",NA,NA,NA,NA,0
"1052","6a18b37c0157d881234ed29f",NA,NA,NA,NA,0
"1053","6a199661a2f63c5bf9835b2e",NA,NA,NA,NA,0
"1054","6a1a3e6d47ea4b557072cc4d",NA,NA,NA,NA,0
"1055","6a1ae40320c9511f890515f7",NA,NA,NA,NA,0
"1056","6a1b544246f12219f033d3c3",NA,NA,NA,NA,0
"1057","6a1cb95bf369926ac77ea9e5",NA,NA,NA,NA,0
"1058","6a1de36b3f5c6160ff6bf6a4",NA,NA,NA,NA,0
"1059","6a1f832105dd8c89b5e930ad",NA,NA,NA,NA,0
"1060","6a2222ff6e1036656b0d5d08",NA,NA,NA,NA,0
"1061","6a232745f21e165e2b54ed58",NA,NA,NA,NA,0
"1062","6a2482e9af72b55296872b0d",NA,NA,NA,NA,0
"1063","6a2589e7b0645f2f7f1cc52c",NA,NA,NA,NA,0
"1064","6a3607f677860830aca5bdeb",NA,NA,NA,NA,0
"1065","62c5f85ccf34c8d9c0650f6e",NA,NA,NA,NA,0
"1066","661c09a749790db73f8faba5",NA,NA,NA,NA,0
"1067","66315563a848526fcfa7555b",NA,NA,NA,NA,0
"1068","66da162f5538535e93490441",NA,NA,NA,NA,0
"1069","676956116c1a3416bf7b2afe",NA,NA,NA,NA,0
"1070","695ea002344d7ca1605c747a",NA,NA,NA,NA,0
"1071","6965bd850ce22095dd7a84ca",NA,NA,NA,NA,0
"1072","6978d830c5d415696508430d",NA,NA,NA,NA,0
"1073","6987875a0a8fa6ed9ef00726",NA,NA,NA,NA,0
"1074","699b610e2ba4bade6f39121b",NA,NA,NA,NA,0
"1075","699cebf39bc275a312ffd51c",NA,NA,NA,NA,0
"1076","699e3cc79b0d3d96b469ca49",NA,NA,NA,NA,0
"1077","69a0734d1d433d3694c8438f",NA,NA,NA,NA,0
"1078","69a6eb2bc679065ed1cecc51",NA,NA,NA,NA,0
"1079","69a8cff018bead25e4a5d848",NA,NA,NA,NA,0
"1080","69b5c6bdbcf55371066f5e73",NA,NA,NA,NA,0
"1081","69ba37faee13f176e7635323",NA,NA,NA,NA,0
"1082","69bdf2afe629d42bfc47997f",NA,NA,NA,NA,0
"1083","69c093d33989aa791c4e8b2d",NA,NA,NA,NA,0
"1084","69c1256faa88d6296c98d745",NA,NA,NA,NA,0
"1085","69c2f0033339865c279814ca",NA,NA,NA,NA,0
"1086","69c6ec3a92185003cf70ded5",NA,NA,NA,NA,0
"1087","69cc1fac2b52b1c4dd21cc7d",NA,NA,NA,NA,0
"1088","69cec122e3cb56c2e7000c6b",NA,NA,NA,NA,0
"1089","69d2a8765e19038ab2fc0f56",NA,NA,NA,NA,0
"1090","69d5632f4815bcc4cb7242bf",NA,NA,NA,NA,0
"1091","69daf476f6bc0d990581aca6",NA,NA,NA,NA,0
"1092","69dbf4749918745fc7d8e820",NA,NA,NA,NA,0
"1093","69dc76f0a77a620367d666ec",NA,NA,NA,NA,0
"1094","69dfe696c433039b7add8013",NA,NA,NA,NA,0
"1095","69e816058da70eddb5dbc3e1",NA,NA,NA,NA,0
"1096","69e957ad6c65e153a1c65ae2",NA,NA,NA,NA,0
"1097","69ed15278090fe4438301d5c",NA,NA,NA,NA,0
"1098","69efe0b03221edd72686c185",NA,NA,NA,NA,0
"1099","69f0438cc141b27ed949788e",NA,NA,NA,NA,0
"1100","69f3d4f3fb7630947c56f1eb",NA,NA,NA,NA,0
"1101","69f6484996726366cacd162c",NA,NA,NA,NA,0
"1102","69f674db81cb46678aae6391",NA,NA,NA,NA,0
"1103","69f7b962446b32b08d58a1df",NA,NA,NA,NA,0
"1104","69f86a04fe802de5002bb70b",NA,NA,NA,NA,0
"1105","69f8db35f08d6c337883fcb4",NA,NA,NA,NA,0
"1106","69fb3314a5e95601464d1fea",NA,NA,NA,NA,0
"1107","69fb86296fb6f0919bf31075",NA,NA,NA,NA,0
"1108","69fcc8642de981c893eb6958",NA,NA,NA,NA,0
"1109","69fce9e45d612732dd1ae4e2",NA,NA,NA,NA,0
"1110","6a00b0ca46e3f2822d0349b6",NA,NA,NA,NA,0
"1111","6a00dbcc626a780a8e5c07a4",NA,NA,NA,NA,0
"1112","6a012d3c523e7311f4e55f61",NA,NA,NA,NA,0
"1113","6a01e843af8198a220b44a18",NA,NA,NA,NA,0
"1114","6a021dc98c730b8d3ce0deca",NA,NA,NA,NA,0
"1115","6a023ad806e8158958e73b75",NA,NA,NA,NA,0
"1116","6a05131f0ad03d07dd77178e",NA,NA,NA,NA,0
"1117","6a07687bad5809e8867bdffb",NA,NA,NA,NA,0
"1118","6a0a0fd9f370053c3505dc0f",NA,NA,NA,NA,0
"1119","6a0b756dd47d16a4c82f5589",NA,NA,NA,NA,0
"1120","6a0dfefeb75ae8ac09c192c6",NA,NA,NA,NA,0
"1121","6a0e2d716e90edf1ea83dce1",NA,NA,NA,NA,0
"1122","6a0fdfd2db4241c9e5eca29a",NA,NA,NA,NA,0
"1123","6a14434573bcee3f17b7f762",NA,NA,NA,NA,0
"1124","6a14c84872f3851ab32e8c01",NA,NA,NA,NA,0
"1125","6a14e67cf20909f60e34ae64",NA,NA,NA,NA,0
"1126","6a14ed7d826b3c0b54334269",NA,NA,NA,NA,0
"1127","6a150fcbc5238897c2c9408e",NA,NA,NA,NA,0
"1128","6a18b37c0157d881234ed29f",NA,NA,NA,NA,0
"1129","6a199661a2f63c5bf9835b2e",NA,NA,NA,NA,0
"1130","6a1a3e6d47ea4b557072cc4d",NA,NA,NA,NA,0
"1131","6a1ae40320c9511f890515f7",NA,NA,NA,NA,0
"1132","6a1b544246f12219f033d3c3",NA,NA,NA,NA,0
"1133","6a1cb95bf369926ac77ea9e5",NA,NA,NA,NA,0
"1134","6a1de36b3f5c6160ff6bf6a4",NA,NA,NA,NA,0
"1135","6a1f832105dd8c89b5e930ad",NA,NA,NA,NA,0
"1136","6a2222ff6e1036656b0d5d08",NA,NA,NA,NA,0
"1137","6a232745f21e165e2b54ed58",NA,NA,NA,NA,0
"1138","6a2482e9af72b55296872b0d",NA,NA,NA,NA,0
"1139","6a2589e7b0645f2f7f1cc52c",NA,NA,NA,NA,0
"1140","6a3607f677860830aca5bdeb",NA,NA,NA,NA,0
"1141","62c5f85ccf34c8d9c0650f6e",NA,NA,NA,NA,0
"1142","661c09a749790db73f8faba5",NA,NA,NA,NA,0
"1143","66315563a848526fcfa7555b",NA,NA,NA,NA,0
"1144","66da162f5538535e93490441",NA,NA,NA,NA,0
"1145","676956116c1a3416bf7b2afe",NA,NA,NA,NA,0
"1146","695ea002344d7ca1605c747a",NA,NA,NA,NA,0
"1147","6965bd850ce22095dd7a84ca",NA,NA,NA,NA,0
"1148","6978d830c5d415696508430d",NA,NA,NA,NA,0
"1149","6987875a0a8fa6ed9ef00726",NA,NA,NA,NA,0
"1150","699b610e2ba4bade6f39121b",NA,NA,NA,NA,0
"1151","699cebf39bc275a312ffd51c",NA,NA,NA,NA,0
"1152","699e3cc79b0d3d96b469ca49",NA,NA,NA,NA,0
"1153","69a0734d1d433d3694c8438f",NA,NA,NA,NA,0
"1154","69a6eb2bc679065ed1cecc51",NA,NA,NA,NA,0
"1155","69a8cff018bead25e4a5d848",NA,NA,NA,NA,0
"1156","69b5c6bdbcf55371066f5e73",NA,NA,NA,NA,0
"1157","69ba37faee13f176e7635323",NA,NA,NA,NA,0
"1158","69bdf2afe629d42bfc47997f",NA,NA,NA,NA,0
"1159","69c093d33989aa791c4e8b2d",NA,NA,NA,NA,0
"1160","69c1256faa88d6296c98d745",NA,NA,NA,NA,0
"1161","69c2f0033339865c279814ca",NA,NA,NA,NA,0
"1162","69c6ec3a92185003cf70ded5",NA,NA,NA,NA,0
"1163","69cc1fac2b52b1c4dd21cc7d",NA,NA,NA,NA,0
"1164","69cec122e3cb56c2e7000c6b",NA,NA,NA,NA,0
"1165","69d2a8765e19038ab2fc0f56",NA,NA,NA,NA,0
"1166","69d5632f4815bcc4cb7242bf",NA,NA,NA,NA,0
"1167","69daf476f6bc0d990581aca6",NA,NA,NA,NA,0
"1168","69dbf4749918745fc7d8e820",NA,NA,NA,NA,0
"1169","69dc76f0a77a620367d666ec",NA,NA,NA,NA,0
"1170","69dfe696c433039b7add8013",NA,NA,NA,NA,0
"1171","69e816058da70eddb5dbc3e1",NA,NA,NA,NA,0
"1172","69e957ad6c65e153a1c65ae2",NA,NA,NA,NA,0
"1173","69ed15278090fe4438301d5c",NA,NA,NA,NA,0
"1174","69efe0b03221edd72686c185",NA,NA,NA,NA,0
"1175","69f0438cc141b27ed949788e",NA,NA,NA,NA,0
"1176","69f3d4f3fb7630947c56f1eb",NA,NA,NA,NA,0
"1177","69f6484996726366cacd162c",NA,NA,NA,NA,0
"1178","69f674db81cb46678aae6391",NA,NA,NA,NA,0
"1179","69f7b962446b32b08d58a1df",NA,NA,NA,NA,0
"1180","69f86a04fe802de5002bb70b",NA,NA,NA,NA,0
"1181","69f8db35f08d6c337883fcb4",NA,NA,NA,NA,0
"1182","69fb3314a5e95601464d1fea",NA,NA,NA,NA,0
"1183","69fb86296fb6f0919bf31075",NA,NA,NA,NA,0
"1184","69fcc8642de981c893eb6958",NA,NA,NA,NA,0
"1185","69fce9e45d612732dd1ae4e2",NA,NA,NA,NA,0
"1186","6a00b0ca46e3f2822d0349b6",NA,NA,NA,NA,0
"1187","6a00dbcc626a780a8e5c07a4",NA,NA,NA,NA,0
"1188","6a012d3c523e7311f4e55f61",NA,NA,NA,NA,0
"1189","6a01e843af8198a220b44a18",NA,NA,NA,NA,0
"1190","6a021dc98c730b8d3ce0deca",NA,NA,NA,NA,0
"1191","6a023ad806e8158958e73b75",NA,NA,NA,NA,0
"1192","6a05131f0ad03d07dd77178e",NA,NA,NA,NA,0
"1193","6a07687bad5809e8867bdffb",NA,NA,NA,NA,0
"1194","6a0a0fd9f370053c3505dc0f",NA,NA,NA,NA,0
"1195","6a0b756dd47d16a4c82f5589",NA,NA,NA,NA,0
"1196","6a0dfefeb75ae8ac09c192c6",NA,NA,NA,NA,0
"1197","6a0e2d716e90edf1ea83dce1",NA,NA,NA,NA,0
"1198","6a0fdfd2db4241c9e5eca29a",NA,NA,NA,NA,0
"1199","6a14434573bcee3f17b7f762",NA,NA,NA,NA,0
"1200","6a14c84872f3851ab32e8c01",NA,NA,NA,NA,0
"1201","6a14e67cf20909f60e34ae64",NA,NA,NA,NA,0
"1202","6a14ed7d826b3c0b54334269",NA,NA,NA,NA,0
"1203","6a150fcbc5238897c2c9408e",NA,NA,NA,NA,0
"1204","6a18b37c0157d881234ed29f",NA,NA,NA,NA,0
"1205","6a199661a2f63c5bf9835b2e",NA,NA,NA,NA,0
"1206","6a1a3e6d47ea4b557072cc4d",NA,NA,NA,NA,0
"1207","6a1ae40320c9511f890515f7",NA,NA,NA,NA,0
"1208","6a1b544246f12219f033d3c3",NA,NA,NA,NA,0
"1209","6a1cb95bf369926ac77ea9e5",NA,NA,NA,NA,0
"1210","6a1de36b3f5c6160ff6bf6a4",NA,NA,NA,NA,0
"1211","6a1f832105dd8c89b5e930ad",NA,NA,NA,NA,0
"1212","6a2222ff6e1036656b0d5d08",NA,NA,NA,NA,0
"1213","6a232745f21e165e2b54ed58",NA,NA,NA,NA,0
"1214","6a2482e9af72b55296872b0d",NA,NA,NA,NA,0
"1215","6a2589e7b0645f2f7f1cc52c",NA,NA,NA,NA,0
"1216","6a3607f677860830aca5bdeb",NA,NA,NA,NA,0
"1217","62c5f85ccf34c8d9c0650f6e",NA,NA,NA,NA,0
"1218","661c09a749790db73f8faba5",NA,NA,NA,NA,0
"1219","66315563a848526fcfa7555b",NA,NA,NA,NA,0
"1220","66da162f5538535e93490441",NA,NA,NA,NA,0
"1221","676956116c1a3416bf7b2afe",NA,NA,NA,NA,0
"1222","695ea002344d7ca1605c747a",NA,NA,NA,NA,0
"1223","6965bd850ce22095dd7a84ca",NA,NA,NA,NA,0
"1224","6978d830c5d415696508430d",NA,NA,NA,NA,0
"1225","6987875a0a8fa6ed9ef00726",NA,NA,NA,NA,0
"1226","699b610e2ba4bade6f39121b",NA,NA,NA,NA,0
"1227","699cebf39bc275a312ffd51c",NA,NA,NA,NA,0
"1228","699e3cc79b0d3d96b469ca49",NA,NA,NA,NA,0
"1229","69a0734d1d433d3694c8438f",NA,NA,NA,NA,0
"1230","69a6eb2bc679065ed1cecc51",NA,NA,NA,NA,0
"1231","69a8cff018bead25e4a5d848",NA,NA,NA,NA,0
"1232","69b5c6bdbcf55371066f5e73",NA,NA,NA,NA,0
"1233","69ba37faee13f176e7635323",NA,NA,NA,NA,0
"1234","69bdf2afe629d42bfc47997f",NA,NA,NA,NA,0
"1235","69c093d33989aa791c4e8b2d",NA,NA,NA,NA,0
"1236","69c1256faa88d6296c98d745",NA,NA,NA,NA,0
"1237","69c2f0033339865c279814ca",NA,NA,NA,NA,0
"1238","69c6ec3a92185003cf70ded5",NA,NA,NA,NA,0
"1239","69cc1fac2b52b1c4dd21cc7d",NA,NA,NA,NA,0
"1240","69cec122e3cb56c2e7000c6b",NA,NA,NA,NA,0
"1241","69d2a8765e19038ab2fc0f56",NA,NA,NA,NA,0
"1242","69d5632f4815bcc4cb7242bf",NA,NA,NA,NA,0
"1243","69daf476f6bc0d990581aca6",NA,NA,NA,NA,0
"1244","69dbf4749918745fc7d8e820",NA,NA,NA,NA,0
"1245","69dc76f0a77a620367d666ec",NA,NA,NA,NA,0
"1246","69dfe696c433039b7add8013",NA,NA,NA,NA,0
"1247","69e816058da70eddb5dbc3e1",NA,NA,NA,NA,0
"1248","69e957ad6c65e153a1c65ae2",NA,NA,NA,NA,0
"1249","69ed15278090fe4438301d5c",NA,NA,NA,NA,0
"1250","69efe0b03221edd72686c185",NA,NA,NA,NA,0
"1251","69f0438cc141b27ed949788e",NA,NA,NA,NA,0
"1252","69f3d4f3fb7630947c56f1eb",NA,NA,NA,NA,0
"1253","69f6484996726366cacd162c",NA,NA,NA,NA,0
"1254","69f674db81cb46678aae6391",NA,NA,NA,NA,0
"1255","69f7b962446b32b08d58a1df",NA,NA,NA,NA,0
"1256","69f86a04fe802de5002bb70b",NA,NA,NA,NA,0
"1257","69f8db35f08d6c337883fcb4",NA,NA,NA,NA,0
"1258","69fb3314a5e95601464d1fea",NA,NA,NA,NA,0
"1259","69fb86296fb6f0919bf31075",NA,NA,NA,NA,0
"1260","69fcc8642de981c893eb6958",NA,NA,NA,NA,0
"1261","69fce9e45d612732dd1ae4e2",NA,NA,NA,NA,0
"1262","6a00b0ca46e3f2822d0349b6",NA,NA,NA,NA,0
"1263","6a00dbcc626a780a8e5c07a4",NA,NA,NA,NA,0
"1264","6a012d3c523e7311f4e55f61",NA,NA,NA,NA,0
"1265","6a01e843af8198a220b44a18",NA,NA,NA,NA,0
"1266","6a021dc98c730b8d3ce0deca",NA,NA,NA,NA,0
"1267","6a023ad806e8158958e73b75",NA,NA,NA,NA,0
"1268","6a05131f0ad03d07dd77178e",NA,NA,NA,NA,0
"1269","6a07687bad5809e8867bdffb",NA,NA,NA,NA,0
"1270","6a0a0fd9f370053c3505dc0f",NA,NA,NA,NA,0
"1271","6a0b756dd47d16a4c82f5589",NA,NA,NA,NA,0
"1272","6a0dfefeb75ae8ac09c192c6",NA,NA,NA,NA,0
"1273","6a0e2d716e90edf1ea83dce1",NA,NA,NA,NA,0
"1274","6a0fdfd2db4241c9e5eca29a",NA,NA,NA,NA,0
"1275","6a14434573bcee3f17b7f762",NA,NA,NA,NA,0
"1276","6a14c84872f3851ab32e8c01",NA,NA,NA,NA,0
"1277","6a14e67cf20909f60e34ae64",NA,NA,NA,NA,0
"1278","6a14ed7d826b3c0b54334269",NA,NA,NA,NA,0
"1279","6a150fcbc5238897c2c9408e",NA,NA,NA,NA,0
"1280","6a18b37c0157d881234ed29f",NA,NA,NA,NA,0
"1281","6a199661a2f63c5bf9835b2e",NA,NA,NA,NA,0
"1282","6a1a3e6d47ea4b557072cc4d",NA,NA,NA,NA,0
"1283","6a1ae40320c9511f890515f7",NA,NA,NA,NA,0
"1284","6a1b544246f12219f033d3c3",NA,NA,NA,NA,0
"1285","6a1cb95bf369926ac77ea9e5",NA,NA,NA,NA,0
"1286","6a1de36b3f5c6160ff6bf6a4",NA,NA,NA,NA,0
"1287","6a1f832105dd8c89b5e930ad",NA,NA,NA,NA,0
"1288","6a2222ff6e1036656b0d5d08",NA,NA,NA,NA,0
"1289","6a232745f21e165e2b54ed58",NA,NA,NA,NA,0
"1290","6a2482e9af72b55296872b0d",NA,NA,NA,NA,0
"1291","6a2589e7b0645f2f7f1cc52c",NA,NA,NA,NA,0
"1292","6a3607f677860830aca5bdeb",NA,NA,NA,NA,0
"1293","62c5f85ccf34c8d9c0650f6e",NA,NA,NA,NA,0
"1294","661c09a749790db73f8faba5",NA,NA,NA,NA,0
"1295","66315563a848526fcfa7555b",NA,NA,NA,NA,0
"1296","66da162f5538535e93490441",NA,NA,NA,NA,0
"1297","676956116c1a3416bf7b2afe",NA,NA,NA,NA,0
"1298","695ea002344d7ca1605c747a",NA,NA,NA,NA,0
"1299","6965bd850ce22095dd7a84ca",NA,NA,NA,NA,0
"1300","6978d830c5d415696508430d",NA,NA,NA,NA,0
"1301","6987875a0a8fa6ed9ef00726",NA,NA,NA,NA,0
"1302","699b610e2ba4bade6f39121b",NA,NA,NA,NA,0
"1303","699cebf39bc275a312ffd51c",NA,NA,NA,NA,0
"1304","699e3cc79b0d3d96b469ca49",NA,NA,NA,NA,0
"1305","69a0734d1d433d3694c8438f",NA,NA,NA,NA,0
"1306","69a6eb2bc679065ed1cecc51",NA,NA,NA,NA,0
"1307","69a8cff018bead25e4a5d848",NA,NA,NA,NA,0
"1308","69b5c6bdbcf55371066f5e73",NA,NA,NA,NA,0
"1309","69ba37faee13f176e7635323",NA,NA,NA,NA,0
"1310","69bdf2afe629d42bfc47997f",NA,NA,NA,NA,0
"1311","69c093d33989aa791c4e8b2d",NA,NA,NA,NA,0
"1312","69c1256faa88d6296c98d745",NA,NA,NA,NA,0
"1313","69c2f0033339865c279814ca",NA,NA,NA,NA,0
"1314","69c6ec3a92185003cf70ded5",NA,NA,NA,NA,0
"1315","69cc1fac2b52b1c4dd21cc7d",NA,NA,NA,NA,0
"1316","69cec122e3cb56c2e7000c6b",NA,NA,NA,NA,0
"1317","69d2a8765e19038ab2fc0f56",NA,NA,NA,NA,0
"1318","69d5632f4815bcc4cb7242bf",NA,NA,NA,NA,0
"1319","69daf476f6bc0d990581aca6",NA,NA,NA,NA,0
"1320","69dbf4749918745fc7d8e820",NA,NA,NA,NA,0
"1321","69dc76f0a77a620367d666ec",NA,NA,NA,NA,0
"1322","69dfe696c433039b7add8013",NA,NA,NA,NA,0
"1323","69e816058da70eddb5dbc3e1",NA,NA,NA,NA,0
"1324","69e957ad6c65e153a1c65ae2",NA,NA,NA,NA,0
"1325","69ed15278090fe4438301d5c",NA,NA,NA,NA,0
"1326","69efe0b03221edd72686c185",NA,NA,NA,NA,0
"1327","69f0438cc141b27ed949788e",NA,NA,NA,NA,0
"1328","69f3d4f3fb7630947c56f1eb",NA,NA,NA,NA,0
"1329","69f6484996726366cacd162c",NA,NA,NA,NA,0
"1330","69f674db81cb46678aae6391",NA,NA,NA,NA,0
"1331","69f7b962446b32b08d58a1df",NA,NA,NA,NA,0
"1332","69f86a04fe802de5002bb70b",NA,NA,NA,NA,0
"1333","69f8db35f08d6c337883fcb4",NA,NA,NA,NA,0
"1334","69fb3314a5e95601464d1fea",NA,NA,NA,NA,0
"1335","69fb86296fb6f0919bf31075",NA,NA,NA,NA,0
"1336","69fcc8642de981c893eb6958",NA,NA,NA,NA,0
"1337","69fce9e45d612732dd1ae4e2",NA,NA,NA,NA,0
"1338","6a00b0ca46e3f2822d0349b6",NA,NA,NA,NA,0
"1339","6a00dbcc626a780a8e5c07a4",NA,NA,NA,NA,0
"1340","6a012d3c523e7311f4e55f61",NA,NA,NA,NA,0
"1341","6a01e843af8198a220b44a18",NA,NA,NA,NA,0
"1342","6a021dc98c730b8d3ce0deca",NA,NA,NA,NA,0
"1343","6a023ad806e8158958e73b75",NA,NA,NA,NA,0
"1344","6a05131f0ad03d07dd77178e",NA,NA,NA,NA,0
"1345","6a07687bad5809e8867bdffb",NA,NA,NA,NA,0
"1346","6a0a0fd9f370053c3505dc0f",NA,NA,NA,NA,0
"1347","6a0b756dd47d16a4c82f5589",NA,NA,NA,NA,0
"1348","6a0dfefeb75ae8ac09c192c6",NA,NA,NA,NA,0
"1349","6a0e2d716e90edf1ea83dce1",NA,NA,NA,NA,0
"1350","6a0fdfd2db4241c9e5eca29a",NA,NA,NA,NA,0
"1351","6a14434573bcee3f17b7f762",NA,NA,NA,NA,0
"1352","6a14c84872f3851ab32e8c01",NA,NA,NA,NA,0
"1353","6a14e67cf20909f60e34ae64",NA,NA,NA,NA,0
"1354","6a14ed7d826b3c0b54334269",NA,NA,NA,NA,0
"1355","6a150fcbc5238897c2c9408e",NA,NA,NA,NA,0
"1356","6a18b37c0157d881234ed29f",NA,NA,NA,NA,0
"1357","6a199661a2f63c5bf9835b2e",NA,NA,NA,NA,0
"1358","6a1a3e6d47ea4b557072cc4d",NA,NA,NA,NA,0
"1359","6a1ae40320c9511f890515f7",NA,NA,NA,NA,0
"1360","6a1b544246f12219f033d3c3",NA,NA,NA,NA,0
"1361","6a1cb95bf369926ac77ea9e5",NA,NA,NA,NA,0
"1362","6a1de36b3f5c6160ff6bf6a4",NA,NA,NA,NA,0
"1363","6a1f832105dd8c89b5e930ad",NA,NA,NA,NA,0
"1364","6a2222ff6e1036656b0d5d08",NA,NA,NA,NA,0
"1365","6a232745f21e165e2b54ed58",NA,NA,NA,NA,0
"1366","6a2482e9af72b55296872b0d",NA,NA,NA,NA,0
"1367","6a2589e7b0645f2f7f1cc52c",NA,NA,NA,NA,0
"1368","6a3607f677860830aca5bdeb",NA,NA,NA,NA,0
"1369","62c5f85ccf34c8d9c0650f6e",NA,NA,NA,NA,0
"1370","661c09a749790db73f8faba5",NA,NA,NA,NA,0
"1371","66315563a848526fcfa7555b",NA,NA,NA,NA,0
"1372","66da162f5538535e93490441",NA,NA,NA,NA,0
"1373","676956116c1a3416bf7b2afe",NA,NA,NA,NA,0
"1374","695ea002344d7ca1605c747a",NA,NA,NA,NA,0
"1375","6965bd850ce22095dd7a84ca",NA,NA,NA,NA,0
"1376","6978d830c5d415696508430d",NA,NA,NA,NA,0
"1377","6987875a0a8fa6ed9ef00726",NA,NA,NA,NA,0
"1378","699b610e2ba4bade6f39121b",NA,NA,NA,NA,0
"1379","699cebf39bc275a312ffd51c",NA,NA,NA,NA,0
"1380","699e3cc79b0d3d96b469ca49",NA,NA,NA,NA,0
"1381","69a0734d1d433d3694c8438f",NA,NA,NA,NA,0
"1382","69a6eb2bc679065ed1cecc51",NA,NA,NA,NA,0
"1383","69a8cff018bead25e4a5d848",NA,NA,NA,NA,0
"1384","69b5c6bdbcf55371066f5e73",NA,NA,NA,NA,0
"1385","69ba37faee13f176e7635323",NA,NA,NA,NA,0
"1386","69bdf2afe629d42bfc47997f",NA,NA,NA,NA,0
"1387","69c093d33989aa791c4e8b2d",NA,NA,NA,NA,0
"1388","69c1256faa88d6296c98d745",NA,NA,NA,NA,0
"1389","69c2f0033339865c279814ca",NA,NA,NA,NA,0
"1390","69c6ec3a92185003cf70ded5",NA,NA,NA,NA,0
"1391","69cc1fac2b52b1c4dd21cc7d",NA,NA,NA,NA,0
"1392","69cec122e3cb56c2e7000c6b",NA,NA,NA,NA,0
"1393","69d2a8765e19038ab2fc0f56",NA,NA,NA,NA,0
"1394","69d5632f4815bcc4cb7242bf",NA,NA,NA,NA,0
"1395","69daf476f6bc0d990581aca6",NA,NA,NA,NA,0
"1396","69dbf4749918745fc7d8e820",NA,NA,NA,NA,0
"1397","69dc76f0a77a620367d666ec",NA,NA,NA,NA,0
"1398","69dfe696c433039b7add8013",NA,NA,NA,NA,0
"1399","69e816058da70eddb5dbc3e1",NA,NA,NA,NA,0
"1400","69e957ad6c65e153a1c65ae2",NA,NA,NA,NA,0
"1401","69ed15278090fe4438301d5c",NA,NA,NA,NA,0
"1402","69efe0b03221edd72686c185",NA,NA,NA,NA,0
"1403","69f0438cc141b27ed949788e",NA,NA,NA,NA,0
"1404","69f3d4f3fb7630947c56f1eb",NA,NA,NA,NA,0
"1405","69f6484996726366cacd162c",NA,NA,NA,NA,0
"1406","69f674db81cb46678aae6391",NA,NA,NA,NA,0
"1407","69f7b962446b32b08d58a1df",NA,NA,NA,NA,0
"1408","69f86a04fe802de5002bb70b",NA,NA,NA,NA,0
"1409","69f8db35f08d6c337883fcb4",NA,NA,NA,NA,0
"1410","69fb3314a5e95601464d1fea",NA,NA,NA,NA,0
"1411","69fb86296fb6f0919bf31075",NA,NA,NA,NA,0
"1412","69fcc8642de981c893eb6958",NA,NA,NA,NA,0
"1413","69fce9e45d612732dd1ae4e2",NA,NA,NA,NA,0
"1414","6a00b0ca46e3f2822d0349b6",NA,NA,NA,NA,0
"1415","6a00dbcc626a780a8e5c07a4",NA,NA,NA,NA,0
"1416","6a012d3c523e7311f4e55f61",NA,NA,NA,NA,0
"1417","6a01e843af8198a220b44a18",NA,NA,NA,NA,0
"1418","6a021dc98c730b8d3ce0deca",NA,NA,NA,NA,0
"1419","6a023ad806e8158958e73b75",NA,NA,NA,NA,0
"1420","6a05131f0ad03d07dd77178e",NA,NA,NA,NA,0
"1421","6a07687bad5809e8867bdffb",NA,NA,NA,NA,0
"1422","6a0a0fd9f370053c3505dc0f",NA,NA,NA,NA,0
"1423","6a0b756dd47d16a4c82f5589",NA,NA,NA,NA,0
"1424","6a0dfefeb75ae8ac09c192c6",NA,NA,NA,NA,0
"1425","6a0e2d716e90edf1ea83dce1",NA,NA,NA,NA,0
"1426","6a0fdfd2db4241c9e5eca29a",NA,NA,NA,NA,0
"1427","6a14434573bcee3f17b7f762",NA,NA,NA,NA,0
"1428","6a14c84872f3851ab32e8c01",NA,NA,NA,NA,0
"1429","6a14e67cf20909f60e34ae64",NA,NA,NA,NA,0
"1430","6a14ed7d826b3c0b54334269",NA,NA,NA,NA,0
"1431","6a150fcbc5238897c2c9408e",NA,NA,NA,NA,0
"1432","6a18b37c0157d881234ed29f",NA,NA,NA,NA,0
"1433","6a199661a2f63c5bf9835b2e",NA,NA,NA,NA,0
"1434","6a1a3e6d47ea4b557072cc4d",NA,NA,NA,NA,0
"1435","6a1ae40320c9511f890515f7",NA,NA,NA,NA,0
"1436","6a1b544246f12219f033d3c3",NA,NA,NA,NA,0
"1437","6a1cb95bf369926ac77ea9e5",NA,NA,NA,NA,0
"1438","6a1de36b3f5c6160ff6bf6a4",NA,NA,NA,NA,0
"1439","6a1f832105dd8c89b5e930ad",NA,NA,NA,NA,0
"1440","6a2222ff6e1036656b0d5d08",NA,NA,NA,NA,0
"1441","6a232745f21e165e2b54ed58",NA,NA,NA,NA,0
"1442","6a2482e9af72b55296872b0d",NA,NA,NA,NA,0
"1443","6a2589e7b0645f2f7f1cc52c",NA,NA,NA,NA,0
"1444","6a3607f677860830aca5bdeb",NA,NA,NA,NA,0
"1445","62c5f85ccf34c8d9c0650f6e",NA,NA,NA,NA,0
"1446","661c09a749790db73f8faba5",NA,NA,NA,NA,0
"1447","66315563a848526fcfa7555b",NA,NA,NA,NA,0
"1448","66da162f5538535e93490441",NA,NA,NA,NA,0
"1449","676956116c1a3416bf7b2afe",NA,NA,NA,NA,0
"1450","695ea002344d7ca1605c747a",NA,NA,NA,NA,0
"1451","6965bd850ce22095dd7a84ca",NA,NA,NA,NA,0
"1452","6978d830c5d415696508430d",NA,NA,NA,NA,0
"1453","6987875a0a8fa6ed9ef00726",NA,NA,NA,NA,0
"1454","699b610e2ba4bade6f39121b",NA,NA,NA,NA,0
"1455","699cebf39bc275a312ffd51c",NA,NA,NA,NA,0
"1456","699e3cc79b0d3d96b469ca49",NA,NA,NA,NA,0
"1457","69a0734d1d433d3694c8438f",NA,NA,NA,NA,0
"1458","69a6eb2bc679065ed1cecc51",NA,NA,NA,NA,0
"1459","69a8cff018bead25e4a5d848",NA,NA,NA,NA,0
"1460","69b5c6bdbcf55371066f5e73",NA,NA,NA,NA,0
"1461","69ba37faee13f176e7635323",NA,NA,NA,NA,0
"1462","69bdf2afe629d42bfc47997f",NA,NA,NA,NA,0
"1463","69c093d33989aa791c4e8b2d",NA,NA,NA,NA,0
"1464","69c1256faa88d6296c98d745",NA,NA,NA,NA,0
"1465","69c2f0033339865c279814ca",NA,NA,NA,NA,0
"1466","69c6ec3a92185003cf70ded5",NA,NA,NA,NA,0
"1467","69cc1fac2b52b1c4dd21cc7d",NA,NA,NA,NA,0
"1468","69cec122e3cb56c2e7000c6b",NA,NA,NA,NA,0
"1469","69d2a8765e19038ab2fc0f56",NA,NA,NA,NA,0
"1470","69d5632f4815bcc4cb7242bf",NA,NA,NA,NA,0
"1471","69daf476f6bc0d990581aca6",NA,NA,NA,NA,0
"1472","69dbf4749918745fc7d8e820",NA,NA,NA,NA,0
"1473","69dc76f0a77a620367d666ec",NA,NA,NA,NA,0
"1474","69dfe696c433039b7add8013",NA,NA,NA,NA,0
"1475","69e816058da70eddb5dbc3e1",NA,NA,NA,NA,0
"1476","69e957ad6c65e153a1c65ae2",NA,NA,NA,NA,0
"1477","69ed15278090fe4438301d5c",NA,NA,NA,NA,0
"1478","69efe0b03221edd72686c185",NA,NA,NA,NA,0
"1479","69f0438cc141b27ed949788e",NA,NA,NA,NA,0
"1480","69f3d4f3fb7630947c56f1eb",NA,NA,NA,NA,0
"1481","69f6484996726366cacd162c",NA,NA,NA,NA,0
"1482","69f674db81cb46678aae6391",NA,NA,NA,NA,0
"1483","69f7b962446b32b08d58a1df",NA,NA,NA,NA,0
"1484","69f86a04fe802de5002bb70b",NA,NA,NA,NA,0
"1485","69f8db35f08d6c337883fcb4",NA,NA,NA,NA,0
"1486","69fb3314a5e95601464d1fea",NA,NA,NA,NA,0
"1487","69fb86296fb6f0919bf31075",NA,NA,NA,NA,0
"1488","69fcc8642de981c893eb6958",NA,NA,NA,NA,0
"1489","69fce9e45d612732dd1ae4e2",NA,NA,NA,NA,0
"1490","6a00b0ca46e3f2822d0349b6",NA,NA,NA,NA,0
"1491","6a00dbcc626a780a8e5c07a4",NA,NA,NA,NA,0
"1492","6a012d3c523e7311f4e55f61",NA,NA,NA,NA,0
"1493","6a01e843af8198a220b44a18",NA,NA,NA,NA,0
"1494","6a021dc98c730b8d3ce0deca",NA,NA,NA,NA,0
"1495","6a023ad806e8158958e73b75",NA,NA,NA,NA,0
"1496","6a05131f0ad03d07dd77178e",NA,NA,NA,NA,0
"1497","6a07687bad5809e8867bdffb",NA,NA,NA,NA,0
"1498","6a0a0fd9f370053c3505dc0f",NA,NA,NA,NA,0
"1499","6a0b756dd47d16a4c82f5589",NA,NA,NA,NA,0
"1500","6a0dfefeb75ae8ac09c192c6",NA,NA,NA,NA,0
"1501","6a0e2d716e90edf1ea83dce1",NA,NA,NA,NA,0
"1502","6a0fdfd2db4241c9e5eca29a",NA,NA,NA,NA,0
"1503","6a14434573bcee3f17b7f762",NA,NA,NA,NA,0
"1504","6a14c84872f3851ab32e8c01",NA,NA,NA,NA,0
"1505","6a14e67cf20909f60e34ae64",NA,NA,NA,NA,0
"1506","6a14ed7d826b3c0b54334269",NA,NA,NA,NA,0
"1507","6a150fcbc5238897c2c9408e",NA,NA,NA,NA,0
"1508","6a18b37c0157d881234ed29f",NA,NA,NA,NA,0
"1509","6a199661a2f63c5bf9835b2e",NA,NA,NA,NA,0
"1510","6a1a3e6d47ea4b557072cc4d",NA,NA,NA,NA,0
"1511","6a1ae40320c9511f890515f7",NA,NA,NA,NA,0
"1512","6a1b544246f12219f033d3c3",NA,NA,NA,NA,0
"1513","6a1cb95bf369926ac77ea9e5",NA,NA,NA,NA,0
"1514","6a1de36b3f5c6160ff6bf6a4",NA,NA,NA,NA,0
"1515","6a1f832105dd8c89b5e930ad",NA,NA,NA,NA,0
"1516","6a2222ff6e1036656b0d5d08",NA,NA,NA,NA,0
"1517","6a232745f21e165e2b54ed58",NA,NA,NA,NA,0
"1518","6a2482e9af72b55296872b0d",NA,NA,NA,NA,0
"1519","6a2589e7b0645f2f7f1cc52c",NA,NA,NA,NA,0
"1520","6a3607f677860830aca5bdeb",NA,NA,NA,NA,0
"1521","62c5f85ccf34c8d9c0650f6e",NA,NA,NA,NA,0
"1522","661c09a749790db73f8faba5",NA,NA,NA,NA,0
"1523","66315563a848526fcfa7555b",NA,NA,NA,NA,0
"1524","66da162f5538535e93490441",NA,NA,NA,NA,0
"1525","676956116c1a3416bf7b2afe",NA,NA,NA,NA,0
"1526","695ea002344d7ca1605c747a",NA,NA,NA,NA,0
"1527","6965bd850ce22095dd7a84ca",NA,NA,NA,NA,0
"1528","6978d830c5d415696508430d",NA,NA,NA,NA,0
"1529","6987875a0a8fa6ed9ef00726",NA,NA,NA,NA,0
"1530","699b610e2ba4bade6f39121b",NA,NA,NA,NA,0
"1531","699cebf39bc275a312ffd51c",NA,NA,NA,NA,0
"1532","699e3cc79b0d3d96b469ca49",NA,NA,NA,NA,0
"1533","69a0734d1d433d3694c8438f",NA,NA,NA,NA,0
"1534","69a6eb2bc679065ed1cecc51",NA,NA,NA,NA,0
"1535","69a8cff018bead25e4a5d848",NA,NA,NA,NA,0
"1536","69b5c6bdbcf55371066f5e73",NA,NA,NA,NA,0
"1537","69ba37faee13f176e7635323",NA,NA,NA,NA,0
"1538","69bdf2afe629d42bfc47997f",NA,NA,NA,NA,0
"1539","69c093d33989aa791c4e8b2d",NA,NA,NA,NA,0
"1540","69c1256faa88d6296c98d745",NA,NA,NA,NA,0
"1541","69c2f0033339865c279814ca",NA,NA,NA,NA,0
"1542","69c6ec3a92185003cf70ded5",NA,NA,NA,NA,0
"1543","69cc1fac2b52b1c4dd21cc7d",NA,NA,NA,NA,0
"1544","69cec122e3cb56c2e7000c6b",NA,NA,NA,NA,0
"1545","69d2a8765e19038ab2fc0f56",NA,NA,NA,NA,0
"1546","69d5632f4815bcc4cb7242bf",NA,NA,NA,NA,0
"1547","69daf476f6bc0d990581aca6",NA,NA,NA,NA,0
"1548","69dbf4749918745fc7d8e820",NA,NA,NA,NA,0
"1549","69dc76f0a77a620367d666ec",NA,NA,NA,NA,0
"1550","69dfe696c433039b7add8013",NA,NA,NA,NA,0
"1551","69e816058da70eddb5dbc3e1",NA,NA,NA,NA,0
"1552","69e957ad6c65e153a1c65ae2",NA,NA,NA,NA,0
"1553","69ed15278090fe4438301d5c",NA,NA,NA,NA,0
"1554","69efe0b03221edd72686c185",NA,NA,NA,NA,0
"1555","69f0438cc141b27ed949788e",NA,NA,NA,NA,0
"1556","69f3d4f3fb7630947c56f1eb",NA,NA,NA,NA,0
"1557","69f6484996726366cacd162c",NA,NA,NA,NA,0
"1558","69f674db81cb46678aae6391",NA,NA,NA,NA,0
"1559","69f7b962446b32b08d58a1df",NA,NA,NA,NA,0
"1560","69f86a04fe802de5002bb70b",NA,NA,NA,NA,0
"1561","69f8db35f08d6c337883fcb4",NA,NA,NA,NA,0
"1562","69fb3314a5e95601464d1fea",NA,NA,NA,NA,0
"1563","69fb86296fb6f0919bf31075",NA,NA,NA,NA,0
"1564","69fcc8642de981c893eb6958",NA,NA,NA,NA,0
"1565","69fce9e45d612732dd1ae4e2",NA,NA,NA,NA,0
"1566","6a00b0ca46e3f2822d0349b6",NA,NA,NA,NA,0
"1567","6a00dbcc626a780a8e5c07a4",NA,NA,NA,NA,0
"1568","6a012d3c523e7311f4e55f61",NA,NA,NA,NA,0
"1569","6a01e843af8198a220b44a18",NA,NA,NA,NA,0
"1570","6a021dc98c730b8d3ce0deca",NA,NA,NA,NA,0
"1571","6a023ad806e8158958e73b75",NA,NA,NA,NA,0
"1572","6a05131f0ad03d07dd77178e",NA,NA,NA,NA,0
"1573","6a07687bad5809e8867bdffb",NA,NA,NA,NA,0
"1574","6a0a0fd9f370053c3505dc0f",NA,NA,NA,NA,0
"1575","6a0b756dd47d16a4c82f5589",NA,NA,NA,NA,0
"1576","6a0dfefeb75ae8ac09c192c6",NA,NA,NA,NA,0
"1577","6a0e2d716e90edf1ea83dce1",NA,NA,NA,NA,0
"1578","6a0fdfd2db4241c9e5eca29a",NA,NA,NA,NA,0
"1579","6a14434573bcee3f17b7f762",NA,NA,NA,NA,0
"1580","6a14c84872f3851ab32e8c01",NA,NA,NA,NA,0
"1581","6a14e67cf20909f60e34ae64",NA,NA,NA,NA,0
"1582","6a14ed7d826b3c0b54334269",NA,NA,NA,NA,0
"1583","6a150fcbc5238897c2c9408e",NA,NA,NA,NA,0
"1584","6a18b37c0157d881234ed29f",NA,NA,NA,NA,0
"1585","6a199661a2f63c5bf9835b2e",NA,NA,NA,NA,0
"1586","6a1a3e6d47ea4b557072cc4d",NA,NA,NA,NA,0
"1587","6a1ae40320c9511f890515f7",NA,NA,NA,NA,0
"1588","6a1b544246f12219f033d3c3",NA,NA,NA,NA,0
"1589","6a1cb95bf369926ac77ea9e5",NA,NA,NA,NA,0
"1590","6a1de36b3f5c6160ff6bf6a4",NA,NA,NA,NA,0
"1591","6a1f832105dd8c89b5e930ad",NA,NA,NA,NA,0
"1592","6a2222ff6e1036656b0d5d08",NA,NA,NA,NA,0
"1593","6a232745f21e165e2b54ed58",NA,NA,NA,NA,0
"1594","6a2482e9af72b55296872b0d",NA,NA,NA,NA,0
"1595","6a2589e7b0645f2f7f1cc52c",NA,NA,NA,NA,0
"1596","6a3607f677860830aca5bdeb",NA,NA,NA,NA,0
"1597","62c5f85ccf34c8d9c0650f6e",NA,NA,NA,NA,0
"1598","661c09a749790db73f8faba5",NA,NA,NA,NA,0
"1599","66315563a848526fcfa7555b",NA,NA,NA,NA,0
"1600","66da162f5538535e93490441",NA,NA,NA,NA,0
"1601","676956116c1a3416bf7b2afe",NA,NA,NA,NA,0
"1602","695ea002344d7ca1605c747a",NA,NA,NA,NA,0
"1603","6965bd850ce22095dd7a84ca",NA,NA,NA,NA,0
"1604","6978d830c5d415696508430d",NA,NA,NA,NA,0
"1605","6987875a0a8fa6ed9ef00726",NA,NA,NA,NA,0
"1606","699b610e2ba4bade6f39121b",NA,NA,NA,NA,0
"1607","699cebf39bc275a312ffd51c",NA,NA,NA,NA,0
"1608","699e3cc79b0d3d96b469ca49",NA,NA,NA,NA,0
"1609","69a0734d1d433d3694c8438f",NA,NA,NA,NA,0
"1610","69a6eb2bc679065ed1cecc51",NA,NA,NA,NA,0
"1611","69a8cff018bead25e4a5d848",NA,NA,NA,NA,0
"1612","69b5c6bdbcf55371066f5e73",NA,NA,NA,NA,0
"1613","69ba37faee13f176e7635323",NA,NA,NA,NA,0
"1614","69bdf2afe629d42bfc47997f",NA,NA,NA,NA,0
"1615","69c093d33989aa791c4e8b2d",NA,NA,NA,NA,0
"1616","69c1256faa88d6296c98d745",NA,NA,NA,NA,0
"1617","69c2f0033339865c279814ca",NA,NA,NA,NA,0
"1618","69c6ec3a92185003cf70ded5",NA,NA,NA,NA,0
"1619","69cc1fac2b52b1c4dd21cc7d",NA,NA,NA,NA,0
"1620","69cec122e3cb56c2e7000c6b",NA,NA,NA,NA,0
"1621","69d2a8765e19038ab2fc0f56",NA,NA,NA,NA,0
"1622","69d5632f4815bcc4cb7242bf",NA,NA,NA,NA,0
"1623","69daf476f6bc0d990581aca6",NA,NA,NA,NA,0
"1624","69dbf4749918745fc7d8e820",NA,NA,NA,NA,0
"1625","69dc76f0a77a620367d666ec",NA,NA,NA,NA,0
"1626","69dfe696c433039b7add8013",NA,NA,NA,NA,0
"1627","69e816058da70eddb5dbc3e1",NA,NA,NA,NA,0
"1628","69e957ad6c65e153a1c65ae2",NA,NA,NA,NA,0
"1629","69ed15278090fe4438301d5c",NA,NA,NA,NA,0
"1630","69efe0b03221edd72686c185",NA,NA,NA,NA,0
"1631","69f0438cc141b27ed949788e",NA,NA,NA,NA,0
"1632","69f3d4f3fb7630947c56f1eb",NA,NA,NA,NA,0
"1633","69f6484996726366cacd162c",NA,NA,NA,NA,0
"1634","69f674db81cb46678aae6391",NA,NA,NA,NA,0
"1635","69f7b962446b32b08d58a1df",NA,NA,NA,NA,0
"1636","69f86a04fe802de5002bb70b",NA,NA,NA,NA,0
"1637","69f8db35f08d6c337883fcb4",NA,NA,NA,NA,0
"1638","69fb3314a5e95601464d1fea",NA,NA,NA,NA,0
"1639","69fb86296fb6f0919bf31075",NA,NA,NA,NA,0
"1640","69fcc8642de981c893eb6958",NA,NA,NA,NA,0
"1641","69fce9e45d612732dd1ae4e2",NA,NA,NA,NA,0
"1642","6a00b0ca46e3f2822d0349b6",NA,NA,NA,NA,0
"1643","6a00dbcc626a780a8e5c07a4",NA,NA,NA,NA,0
"1644","6a012d3c523e7311f4e55f61",NA,NA,NA,NA,0
"1645","6a01e843af8198a220b44a18",NA,NA,NA,NA,0
"1646","6a021dc98c730b8d3ce0deca",NA,NA,NA,NA,0
"1647","6a023ad806e8158958e73b75",NA,NA,NA,NA,0
"1648","6a05131f0ad03d07dd77178e",NA,NA,NA,NA,0
"1649","6a07687bad5809e8867bdffb",NA,NA,NA,NA,0
"1650","6a0a0fd9f370053c3505dc0f",NA,NA,NA,NA,0
"1651","6a0b756dd47d16a4c82f5589",NA,NA,NA,NA,0
"1652","6a0dfefeb75ae8ac09c192c6",NA,NA,NA,NA,0
"1653","6a0e2d716e90edf1ea83dce1",NA,NA,NA,NA,0
"1654","6a0fdfd2db4241c9e5eca29a",NA,NA,NA,NA,0
"1655","6a14434573bcee3f17b7f762",NA,NA,NA,NA,0
"1656","6a14c84872f3851ab32e8c01",NA,NA,NA,NA,0
"1657","6a14e67cf20909f60e34ae64",NA,NA,NA,NA,0
"1658","6a14ed7d826b3c0b54334269",NA,NA,NA,NA,0
"1659","6a150fcbc5238897c2c9408e",NA,NA,NA,NA,0
"1660","6a18b37c0157d881234ed29f",NA,NA,NA,NA,0
"1661","6a199661a2f63c5bf9835b2e",NA,NA,NA,NA,0
"1662","6a1a3e6d47ea4b557072cc4d",NA,NA,NA,NA,0
"1663","6a1ae40320c9511f890515f7",NA,NA,NA,NA,0
"1664","6a1b544246f12219f033d3c3",NA,NA,NA,NA,0
"1665","6a1cb95bf369926ac77ea9e5",NA,NA,NA,NA,0
"1666","6a1de36b3f5c6160ff6bf6a4",NA,NA,NA,NA,0
"1667","6a1f832105dd8c89b5e930ad",NA,NA,NA,NA,0
"1668","6a2222ff6e1036656b0d5d08",NA,NA,NA,NA,0
"1669","6a232745f21e165e2b54ed58",NA,NA,NA,NA,0
"1670","6a2482e9af72b55296872b0d",NA,NA,NA,NA,0
"1671","6a2589e7b0645f2f7f1cc52c",NA,NA,NA,NA,0
"1672","6a3607f677860830aca5bdeb",NA,NA,NA,NA,0
"1673","62c5f85ccf34c8d9c0650f6e",NA,NA,NA,NA,0
"1674","661c09a749790db73f8faba5",NA,NA,NA,NA,0
"1675","66315563a848526fcfa7555b",NA,NA,NA,NA,0
"1676","66da162f5538535e93490441",NA,NA,NA,NA,0
"1677","676956116c1a3416bf7b2afe",NA,NA,NA,NA,0
"1678","695ea002344d7ca1605c747a",NA,NA,NA,NA,0
"1679","6965bd850ce22095dd7a84ca",NA,NA,NA,NA,0
"1680","6978d830c5d415696508430d",NA,NA,NA,NA,0
"1681","6987875a0a8fa6ed9ef00726",NA,NA,NA,NA,0
"1682","699b610e2ba4bade6f39121b",NA,NA,NA,NA,0
"1683","699cebf39bc275a312ffd51c",NA,NA,NA,NA,0
"1684","699e3cc79b0d3d96b469ca49",NA,NA,NA,NA,0
"1685","69a0734d1d433d3694c8438f",NA,NA,NA,NA,0
"1686","69a6eb2bc679065ed1cecc51",NA,NA,NA,NA,0
"1687","69a8cff018bead25e4a5d848",NA,NA,NA,NA,0
"1688","69b5c6bdbcf55371066f5e73",NA,NA,NA,NA,0
"1689","69ba37faee13f176e7635323",NA,NA,NA,NA,0
"1690","69bdf2afe629d42bfc47997f",NA,NA,NA,NA,0
"1691","69c093d33989aa791c4e8b2d",NA,NA,NA,NA,0
"1692","69c1256faa88d6296c98d745",NA,NA,NA,NA,0
"1693","69c2f0033339865c279814ca",NA,NA,NA,NA,0
"1694","69c6ec3a92185003cf70ded5",NA,NA,NA,NA,0
"1695","69cc1fac2b52b1c4dd21cc7d",NA,NA,NA,NA,0
"1696","69cec122e3cb56c2e7000c6b",NA,NA,NA,NA,0
"1697","69d2a8765e19038ab2fc0f56",NA,NA,NA,NA,0
"1698","69d5632f4815bcc4cb7242bf",NA,NA,NA,NA,0
"1699","69daf476f6bc0d990581aca6",NA,NA,NA,NA,0
"1700","69dbf4749918745fc7d8e820",NA,NA,NA,NA,0
"1701","69dc76f0a77a620367d666ec",NA,NA,NA,NA,0
"1702","69dfe696c433039b7add8013",NA,NA,NA,NA,0
"1703","69e816058da70eddb5dbc3e1",NA,NA,NA,NA,0
"1704","69e957ad6c65e153a1c65ae2",NA,NA,NA,NA,0
"1705","69ed15278090fe4438301d5c",NA,NA,NA,NA,0
"1706","69efe0b03221edd72686c185",NA,NA,NA,NA,0
"1707","69f0438cc141b27ed949788e",NA,NA,NA,NA,0
"1708","69f3d4f3fb7630947c56f1eb",NA,NA,NA,NA,0
"1709","69f6484996726366cacd162c",NA,NA,NA,NA,0
"1710","69f674db81cb46678aae6391",NA,NA,NA,NA,0
"1711","69f7b962446b32b08d58a1df",NA,NA,NA,NA,0
"1712","69f86a04fe802de5002bb70b",NA,NA,NA,NA,0
"1713","69f8db35f08d6c337883fcb4",NA,NA,NA,NA,0
"1714","69fb3314a5e95601464d1fea",NA,NA,NA,NA,0
"1715","69fb86296fb6f0919bf31075",NA,NA,NA,NA,0
"1716","69fcc8642de981c893eb6958",NA,NA,NA,NA,0
"1717","69fce9e45d612732dd1ae4e2",NA,NA,NA,NA,0
"1718","6a00b0ca46e3f2822d0349b6",NA,NA,NA,NA,0
"1719","6a00dbcc626a780a8e5c07a4",NA,NA,NA,NA,0
"1720","6a012d3c523e7311f4e55f61",NA,NA,NA,NA,0
"1721","6a01e843af8198a220b44a18",NA,NA,NA,NA,0
"1722","6a021dc98c730b8d3ce0deca",NA,NA,NA,NA,0
"1723","6a023ad806e8158958e73b75",NA,NA,NA,NA,0
"1724","6a05131f0ad03d07dd77178e",NA,NA,NA,NA,0
"1725","6a07687bad5809e8867bdffb",NA,NA,NA,NA,0
"1726","6a0a0fd9f370053c3505dc0f",NA,NA,NA,NA,0
"1727","6a0b756dd47d16a4c82f5589",NA,NA,NA,NA,0
"1728","6a0dfefeb75ae8ac09c192c6",NA,NA,NA,NA,0
"1729","6a0e2d716e90edf1ea83dce1",NA,NA,NA,NA,0
"1730","6a0fdfd2db4241c9e5eca29a",NA,NA,NA,NA,0
"1731","6a14434573bcee3f17b7f762",NA,NA,NA,NA,0
"1732","6a14c84872f3851ab32e8c01",NA,NA,NA,NA,0
"1733","6a14e67cf20909f60e34ae64",NA,NA,NA,NA,0
"1734","6a14ed7d826b3c0b54334269",NA,NA,NA,NA,0
"1735","6a150fcbc5238897c2c9408e",NA,NA,NA,NA,0
"1736","6a18b37c0157d881234ed29f",NA,NA,NA,NA,0
"1737","6a199661a2f63c5bf9835b2e",NA,NA,NA,NA,0
"1738","6a1a3e6d47ea4b557072cc4d",NA,NA,NA,NA,0
"1739","6a1ae40320c9511f890515f7",NA,NA,NA,NA,0
"1740","6a1b544246f12219f033d3c3",NA,NA,NA,NA,0
"1741","6a1cb95bf369926ac77ea9e5",NA,NA,NA,NA,0
"1742","6a1de36b3f5c6160ff6bf6a4",NA,NA,NA,NA,0
"1743","6a1f832105dd8c89b5e930ad",NA,NA,NA,NA,0
"1744","6a2222ff6e1036656b0d5d08",NA,NA,NA,NA,0
"1745","6a232745f21e165e2b54ed58",NA,NA,NA,NA,0
"1746","6a2482e9af72b55296872b0d",NA,NA,NA,NA,0
"1747","6a2589e7b0645f2f7f1cc52c",NA,NA,NA,NA,0
"1748","6a3607f677860830aca5bdeb",NA,NA,NA,NA,0
"1749","62c5f85ccf34c8d9c0650f6e",NA,NA,NA,NA,0
"1750","661c09a749790db73f8faba5",NA,NA,NA,NA,0
"1751","66315563a848526fcfa7555b",NA,NA,NA,NA,0
"1752","66da162f5538535e93490441",NA,NA,NA,NA,0
"1753","676956116c1a3416bf7b2afe",NA,NA,NA,NA,0
"1754","695ea002344d7ca1605c747a",NA,NA,NA,NA,0
"1755","6965bd850ce22095dd7a84ca",NA,NA,NA,NA,0
"1756","6978d830c5d415696508430d",NA,NA,NA,NA,0
"1757","6987875a0a8fa6ed9ef00726",NA,NA,NA,NA,0
"1758","699b610e2ba4bade6f39121b",NA,NA,NA,NA,0
"1759","699cebf39bc275a312ffd51c",NA,NA,NA,NA,0
"1760","699e3cc79b0d3d96b469ca49",NA,NA,NA,NA,0
"1761","69a0734d1d433d3694c8438f",NA,NA,NA,NA,0
"1762","69a6eb2bc679065ed1cecc51",NA,NA,NA,NA,0
"1763","69a8cff018bead25e4a5d848",NA,NA,NA,NA,0
"1764","69b5c6bdbcf55371066f5e73",NA,NA,NA,NA,0
"1765","69ba37faee13f176e7635323",NA,NA,NA,NA,0
"1766","69bdf2afe629d42bfc47997f",NA,NA,NA,NA,0
"1767","69c093d33989aa791c4e8b2d",NA,NA,NA,NA,0
"1768","69c1256faa88d6296c98d745",NA,NA,NA,NA,0
"1769","69c2f0033339865c279814ca",NA,NA,NA,NA,0
"1770","69c6ec3a92185003cf70ded5",NA,NA,NA,NA,0
"1771","69cc1fac2b52b1c4dd21cc7d",NA,NA,NA,NA,0
"1772","69cec122e3cb56c2e7000c6b",NA,NA,NA,NA,0
"1773","69d2a8765e19038ab2fc0f56",NA,NA,NA,NA,0
"1774","69d5632f4815bcc4cb7242bf",NA,NA,NA,NA,0
"1775","69daf476f6bc0d990581aca6",NA,NA,NA,NA,0
"1776","69dbf4749918745fc7d8e820",NA,NA,NA,NA,0
"1777","69dc76f0a77a620367d666ec",NA,NA,NA,NA,0
"1778","69dfe696c433039b7add8013",NA,NA,NA,NA,0
"1779","69e816058da70eddb5dbc3e1",NA,NA,NA,NA,0
"1780","69e957ad6c65e153a1c65ae2",NA,NA,NA,NA,0
"1781","69ed15278090fe4438301d5c",NA,NA,NA,NA,0
"1782","69efe0b03221edd72686c185",NA,NA,NA,NA,0
"1783","69f0438cc141b27ed949788e",NA,NA,NA,NA,0
"1784","69f3d4f3fb7630947c56f1eb",NA,NA,NA,NA,0
"1785","69f6484996726366cacd162c",NA,NA,NA,NA,0
"1786","69f674db81cb46678aae6391",NA,NA,NA,NA,0
"1787","69f7b962446b32b08d58a1df",NA,NA,NA,NA,0
"1788","69f86a04fe802de5002bb70b",NA,NA,NA,NA,0
"1789","69f8db35f08d6c337883fcb4",NA,NA,NA,NA,0
"1790","69fb3314a5e95601464d1fea",NA,NA,NA,NA,0
"1791","69fb86296fb6f0919bf31075",NA,NA,NA,NA,0
"1792","69fcc8642de981c893eb6958",NA,NA,NA,NA,0
"1793","69fce9e45d612732dd1ae4e2",NA,NA,NA,NA,0
"1794","6a00b0ca46e3f2822d0349b6",NA,NA,NA,NA,0
"1795","6a00dbcc626a780a8e5c07a4",NA,NA,NA,NA,0
"1796","6a012d3c523e7311f4e55f61",NA,NA,NA,NA,0
"1797","6a01e843af8198a220b44a18",NA,NA,NA,NA,0
"1798","6a021dc98c730b8d3ce0deca",NA,NA,NA,NA,0
"1799","6a023ad806e8158958e73b75",NA,NA,NA,NA,0
"1800","6a05131f0ad03d07dd77178e",NA,NA,NA,NA,0
"1801","6a07687bad5809e8867bdffb",NA,NA,NA,NA,0
"1802","6a0a0fd9f370053c3505dc0f",NA,NA,NA,NA,0
"1803","6a0b756dd47d16a4c82f5589",NA,NA,NA,NA,0
"1804","6a0dfefeb75ae8ac09c192c6",NA,NA,NA,NA,0
"1805","6a0e2d716e90edf1ea83dce1",NA,NA,NA,NA,0
"1806","6a0fdfd2db4241c9e5eca29a",NA,NA,NA,NA,0
"1807","6a14434573bcee3f17b7f762",NA,NA,NA,NA,0
"1808","6a14c84872f3851ab32e8c01",NA,NA,NA,NA,0
"1809","6a14e67cf20909f60e34ae64",NA,NA,NA,NA,0
"1810","6a14ed7d826b3c0b54334269",NA,NA,NA,NA,0
"1811","6a150fcbc5238897c2c9408e",NA,NA,NA,NA,0
"1812","6a18b37c0157d881234ed29f",NA,NA,NA,NA,0
"1813","6a199661a2f63c5bf9835b2e",NA,NA,NA,NA,0
"1814","6a1a3e6d47ea4b557072cc4d",NA,NA,NA,NA,0
"1815","6a1ae40320c9511f890515f7",NA,NA,NA,NA,0
"1816","6a1b544246f12219f033d3c3",NA,NA,NA,NA,0
"1817","6a1cb95bf369926ac77ea9e5",NA,NA,NA,NA,0
"1818","6a1de36b3f5c6160ff6bf6a4",NA,NA,NA,NA,0
"1819","6a1f832105dd8c89b5e930ad",NA,NA,NA,NA,0
"1820","6a2222ff6e1036656b0d5d08",NA,NA,NA,NA,0
"1821","6a232745f21e165e2b54ed58",NA,NA,NA,NA,0
"1822","6a2482e9af72b55296872b0d",NA,NA,NA,NA,0
"1823","6a2589e7b0645f2f7f1cc52c",NA,NA,NA,NA,0
"1824","6a3607f677860830aca5bdeb",NA,NA,NA,NA,0
"1825","62c5f85ccf34c8d9c0650f6e",NA,NA,NA,NA,0
"1826","661c09a749790db73f8faba5",NA,NA,NA,NA,0
"1827","66315563a848526fcfa7555b",NA,NA,NA,NA,0
"1828","66da162f5538535e93490441",NA,NA,NA,NA,0
"1829","676956116c1a3416bf7b2afe",NA,NA,NA,NA,0
"1830","695ea002344d7ca1605c747a",NA,NA,NA,NA,0
"1831","6965bd850ce22095dd7a84ca",NA,NA,NA,NA,0
"1832","6978d830c5d415696508430d",NA,NA,NA,NA,0
"1833","6987875a0a8fa6ed9ef00726",NA,NA,NA,NA,0
"1834","699b610e2ba4bade6f39121b",NA,NA,NA,NA,0
"1835","699cebf39bc275a312ffd51c",NA,NA,NA,NA,0
"1836","699e3cc79b0d3d96b469ca49",NA,NA,NA,NA,0
"1837","69a0734d1d433d3694c8438f",NA,NA,NA,NA,0
"1838","69a6eb2bc679065ed1cecc51",NA,NA,NA,NA,0
"1839","69a8cff018bead25e4a5d848",NA,NA,NA,NA,0
"1840","69b5c6bdbcf55371066f5e73",NA,NA,NA,NA,0
"1841","69ba37faee13f176e7635323",NA,NA,NA,NA,0
"1842","69bdf2afe629d42bfc47997f",NA,NA,NA,NA,0
"1843","69c093d33989aa791c4e8b2d",NA,NA,NA,NA,0
"1844","69c1256faa88d6296c98d745",NA,NA,NA,NA,0
"1845","69c2f0033339865c279814ca",NA,NA,NA,NA,0
"1846","69c6ec3a92185003cf70ded5",NA,NA,NA,NA,0
"1847","69cc1fac2b52b1c4dd21cc7d",NA,NA,NA,NA,0
"1848","69cec122e3cb56c2e7000c6b",NA,NA,NA,NA,0
"1849","69d2a8765e19038ab2fc0f56",NA,NA,NA,NA,0
"1850","69d5632f4815bcc4cb7242bf",NA,NA,NA,NA,0
"1851","69daf476f6bc0d990581aca6",NA,NA,NA,NA,0
"1852","69dbf4749918745fc7d8e820",NA,NA,NA,NA,0
"1853","69dc76f0a77a620367d666ec",NA,NA,NA,NA,0
"1854","69dfe696c433039b7add8013",NA,NA,NA,NA,0
"1855","69e816058da70eddb5dbc3e1",NA,NA,NA,NA,0
"1856","69e957ad6c65e153a1c65ae2",NA,NA,NA,NA,0
"1857","69ed15278090fe4438301d5c",NA,NA,NA,NA,0
"1858","69efe0b03221edd72686c185",NA,NA,NA,NA,0
"1859","69f0438cc141b27ed949788e",NA,NA,NA,NA,0
"1860","69f3d4f3fb7630947c56f1eb",NA,NA,NA,NA,0
"1861","69f6484996726366cacd162c",NA,NA,NA,NA,0
"1862","69f674db81cb46678aae6391",NA,NA,NA,NA,0
"1863","69f7b962446b32b08d58a1df",NA,NA,NA,NA,0
"1864","69f86a04fe802de5002bb70b",NA,NA,NA,NA,0
"1865","69f8db35f08d6c337883fcb4",NA,NA,NA,NA,0
"1866","69fb3314a5e95601464d1fea",NA,NA,NA,NA,0
"1867","69fb86296fb6f0919bf31075",NA,NA,NA,NA,0
"1868","69fcc8642de981c893eb6958",NA,NA,NA,NA,0
"1869","69fce9e45d612732dd1ae4e2",NA,NA,NA,NA,0
"1870","6a00b0ca46e3f2822d0349b6",NA,NA,NA,NA,0
"1871","6a00dbcc626a780a8e5c07a4",NA,NA,NA,NA,0
"1872","6a012d3c523e7311f4e55f61",NA,NA,NA,NA,0
"1873","6a01e843af8198a220b44a18",NA,NA,NA,NA,0
"1874","6a021dc98c730b8d3ce0deca",NA,NA,NA,NA,0
"1875","6a023ad806e8158958e73b75",NA,NA,NA,NA,0
"1876","6a05131f0ad03d07dd77178e",NA,NA,NA,NA,0
"1877","6a07687bad5809e8867bdffb",NA,NA,NA,NA,0
"1878","6a0a0fd9f370053c3505dc0f",NA,NA,NA,NA,0
"1879","6a0b756dd47d16a4c82f5589",NA,NA,NA,NA,0
"1880","6a0dfefeb75ae8ac09c192c6",NA,NA,NA,NA,0
"1881","6a0e2d716e90edf1ea83dce1",NA,NA,NA,NA,0
"1882","6a0fdfd2db4241c9e5eca29a",NA,NA,NA,NA,0
"1883","6a14434573bcee3f17b7f762",NA,NA,NA,NA,0
"1884","6a14c84872f3851ab32e8c01",NA,NA,NA,NA,0
"1885","6a14e67cf20909f60e34ae64",NA,NA,NA,NA,0
"1886","6a14ed7d826b3c0b54334269",NA,NA,NA,NA,0
"1887","6a150fcbc5238897c2c9408e",NA,NA,NA,NA,0
"1888","6a18b37c0157d881234ed29f",NA,NA,NA,NA,0
"1889","6a199661a2f63c5bf9835b2e",NA,NA,NA,NA,0
"1890","6a1a3e6d47ea4b557072cc4d",NA,NA,NA,NA,0
"1891","6a1ae40320c9511f890515f7",NA,NA,NA,NA,0
"1892","6a1b544246f12219f033d3c3",NA,NA,NA,NA,0
"1893","6a1cb95bf369926ac77ea9e5",NA,NA,NA,NA,0
"1894","6a1de36b3f5c6160ff6bf6a4",NA,NA,NA,NA,0
"1895","6a1f832105dd8c89b5e930ad",NA,NA,NA,NA,0
"1896","6a2222ff6e1036656b0d5d08",NA,NA,NA,NA,0
"1897","6a232745f21e165e2b54ed58",NA,NA,NA,NA,0
"1898","6a2482e9af72b55296872b0d",NA,NA,NA,NA,0
"1899","6a2589e7b0645f2f7f1cc52c",NA,NA,NA,NA,0
"1900","6a3607f677860830aca5bdeb",NA,NA,NA,NA,0
"1901","62c5f85ccf34c8d9c0650f6e",NA,NA,NA,NA,0
"1902","661c09a749790db73f8faba5",NA,NA,NA,NA,0
"1903","66315563a848526fcfa7555b",NA,NA,NA,NA,0
"1904","66da162f5538535e93490441",NA,NA,NA,NA,0
"1905","676956116c1a3416bf7b2afe",NA,NA,NA,NA,0
"1906","695ea002344d7ca1605c747a",NA,NA,NA,NA,0
"1907","6965bd850ce22095dd7a84ca",NA,NA,NA,NA,0
"1908","6978d830c5d415696508430d",NA,NA,NA,NA,0
"1909","6987875a0a8fa6ed9ef00726",NA,NA,NA,NA,0
"1910","699b610e2ba4bade6f39121b",NA,NA,NA,NA,0
"1911","699cebf39bc275a312ffd51c",NA,NA,NA,NA,0
"1912","699e3cc79b0d3d96b469ca49",NA,NA,NA,NA,0
"1913","69a0734d1d433d3694c8438f",NA,NA,NA,NA,0
"1914","69a6eb2bc679065ed1cecc51",NA,NA,NA,NA,0
"1915","69a8cff018bead25e4a5d848",NA,NA,NA,NA,0
"1916","69b5c6bdbcf55371066f5e73",NA,NA,NA,NA,0
"1917","69ba37faee13f176e7635323",NA,NA,NA,NA,0
"1918","69bdf2afe629d42bfc47997f",NA,NA,NA,NA,0
"1919","69c093d33989aa791c4e8b2d",NA,NA,NA,NA,0
"1920","69c1256faa88d6296c98d745",NA,NA,NA,NA,0
"1921","69c2f0033339865c279814ca",NA,NA,NA,NA,0
"1922","69c6ec3a92185003cf70ded5",NA,NA,NA,NA,0
"1923","69cc1fac2b52b1c4dd21cc7d",NA,NA,NA,NA,0
"1924","69cec122e3cb56c2e7000c6b",NA,NA,NA,NA,0
"1925","69d2a8765e19038ab2fc0f56",NA,NA,NA,NA,0
"1926","69d5632f4815bcc4cb7242bf",NA,NA,NA,NA,0
"1927","69daf476f6bc0d990581aca6",NA,NA,NA,NA,0
"1928","69dbf4749918745fc7d8e820",NA,NA,NA,NA,0
"1929","69dc76f0a77a620367d666ec",NA,NA,NA,NA,0
"1930","69dfe696c433039b7add8013",NA,NA,NA,NA,0
"1931","69e816058da70eddb5dbc3e1",NA,NA,NA,NA,0
"1932","69e957ad6c65e153a1c65ae2",NA,NA,NA,NA,0
"1933","69ed15278090fe4438301d5c",NA,NA,NA,NA,0
"1934","69efe0b03221edd72686c185",NA,NA,NA,NA,0
"1935","69f0438cc141b27ed949788e",NA,NA,NA,NA,0
"1936","69f3d4f3fb7630947c56f1eb",NA,NA,NA,NA,0
"1937","69f6484996726366cacd162c",NA,NA,NA,NA,0
"1938","69f674db81cb46678aae6391",NA,NA,NA,NA,0
"1939","69f7b962446b32b08d58a1df",NA,NA,NA,NA,0
"1940","69f86a04fe802de5002bb70b",NA,NA,NA,NA,0
"1941","69f8db35f08d6c337883fcb4",NA,NA,NA,NA,0
"1942","69fb3314a5e95601464d1fea",NA,NA,NA,NA,0
"1943","69fb86296fb6f0919bf31075",NA,NA,NA,NA,0
"1944","69fcc8642de981c893eb6958",NA,NA,NA,NA,0
"1945","69fce9e45d612732dd1ae4e2",NA,NA,NA,NA,0
"1946","6a00b0ca46e3f2822d0349b6",NA,NA,NA,NA,0
"1947","6a00dbcc626a780a8e5c07a4",NA,NA,NA,NA,0
"1948","6a012d3c523e7311f4e55f61",NA,NA,NA,NA,0
"1949","6a01e843af8198a220b44a18",NA,NA,NA,NA,0
"1950","6a021dc98c730b8d3ce0deca",NA,NA,NA,NA,0
"1951","6a023ad806e8158958e73b75",NA,NA,NA,NA,0
"1952","6a05131f0ad03d07dd77178e",NA,NA,NA,NA,0
"1953","6a07687bad5809e8867bdffb",NA,NA,NA,NA,0
"1954","6a0a0fd9f370053c3505dc0f",NA,NA,NA,NA,0
"1955","6a0b756dd47d16a4c82f5589",NA,NA,NA,NA,0
"1956","6a0dfefeb75ae8ac09c192c6",NA,NA,NA,NA,0
"1957","6a0e2d716e90edf1ea83dce1",NA,NA,NA,NA,0
"1958","6a0fdfd2db4241c9e5eca29a",NA,NA,NA,NA,0
"1959","6a14434573bcee3f17b7f762",NA,NA,NA,NA,0
"1960","6a14c84872f3851ab32e8c01",NA,NA,NA,NA,0
"1961","6a14e67cf20909f60e34ae64",NA,NA,NA,NA,0
"1962","6a14ed7d826b3c0b54334269",NA,NA,NA,NA,0
"1963","6a150fcbc5238897c2c9408e",NA,NA,NA,NA,0
"1964","6a18b37c0157d881234ed29f",NA,NA,NA,NA,0
"1965","6a199661a2f63c5bf9835b2e",NA,NA,NA,NA,0
"1966","6a1a3e6d47ea4b557072cc4d",NA,NA,NA,NA,0
"1967","6a1ae40320c9511f890515f7",NA,NA,NA,NA,0
"1968","6a1b544246f12219f033d3c3",NA,NA,NA,NA,0
"1969","6a1cb95bf369926ac77ea9e5",NA,NA,NA,NA,0
"1970","6a1de36b3f5c6160ff6bf6a4",NA,NA,NA,NA,0
"1971","6a1f832105dd8c89b5e930ad",NA,NA,NA,NA,0
"1972","6a2222ff6e1036656b0d5d08",NA,NA,NA,NA,0
"1973","6a232745f21e165e2b54ed58",NA,NA,NA,NA,0
"1974","6a2482e9af72b55296872b0d",NA,NA,NA,NA,0
"1975","6a2589e7b0645f2f7f1cc52c",NA,NA,NA,NA,0
"1976","6a3607f677860830aca5bdeb",NA,NA,NA,NA,0
"1977","62c5f85ccf34c8d9c0650f6e",NA,NA,NA,NA,0
"1978","661c09a749790db73f8faba5",NA,NA,NA,NA,0
"1979","66315563a848526fcfa7555b",NA,NA,NA,NA,0
"1980","66da162f5538535e93490441",NA,NA,NA,NA,0
"1981","676956116c1a3416bf7b2afe",NA,NA,NA,NA,0
"1982","695ea002344d7ca1605c747a",NA,NA,NA,NA,0
"1983","6965bd850ce22095dd7a84ca",NA,NA,NA,NA,0
"1984","6978d830c5d415696508430d",NA,NA,NA,NA,0
"1985","6987875a0a8fa6ed9ef00726",NA,NA,NA,NA,0
"1986","699b610e2ba4bade6f39121b",NA,NA,NA,NA,0
"1987","699cebf39bc275a312ffd51c",NA,NA,NA,NA,0
"1988","699e3cc79b0d3d96b469ca49",NA,NA,NA,NA,0
"1989","69a0734d1d433d3694c8438f",NA,NA,NA,NA,0
"1990","69a6eb2bc679065ed1cecc51",NA,NA,NA,NA,0
"1991","69a8cff018bead25e4a5d848",NA,NA,NA,NA,0
"1992","69b5c6bdbcf55371066f5e73",NA,NA,NA,NA,0
"1993","69ba37faee13f176e7635323",NA,NA,NA,NA,0
"1994","69bdf2afe629d42bfc47997f",NA,NA,NA,NA,0
"1995","69c093d33989aa791c4e8b2d",NA,NA,NA,NA,0
"1996","69c1256faa88d6296c98d745",NA,NA,NA,NA,0
"1997","69c2f0033339865c279814ca",NA,NA,NA,NA,0
"1998","69c6ec3a92185003cf70ded5",NA,NA,NA,NA,0
"1999","69cc1fac2b52b1c4dd21cc7d",NA,NA,NA,NA,0
"2000","69cec122e3cb56c2e7000c6b",NA,NA,NA,NA,0
"2001","69d2a8765e19038ab2fc0f56",NA,NA,NA,NA,0
"2002","69d5632f4815bcc4cb7242bf",NA,NA,NA,NA,0
"2003","69daf476f6bc0d990581aca6",NA,NA,NA,NA,0
"2004","69dbf4749918745fc7d8e820",NA,NA,NA,NA,0
"2005","69dc76f0a77a620367d666ec",NA,NA,NA,NA,0
"2006","69dfe696c433039b7add8013",NA,NA,NA,NA,0
"2007","69e816058da70eddb5dbc3e1",NA,NA,NA,NA,0
"2008","69e957ad6c65e153a1c65ae2",NA,NA,NA,NA,0
"2009","69ed15278090fe4438301d5c",NA,NA,NA,NA,0
"2010","69efe0b03221edd72686c185",NA,NA,NA,NA,0
"2011","69f0438cc141b27ed949788e",NA,NA,NA,NA,0
"2012","69f3d4f3fb7630947c56f1eb",NA,NA,NA,NA,0
"2013","69f6484996726366cacd162c",NA,NA,NA,NA,0
"2014","69f674db81cb46678aae6391",NA,NA,NA,NA,0
"2015","69f7b962446b32b08d58a1df",NA,NA,NA,NA,0
"2016","69f86a04fe802de5002bb70b",NA,NA,NA,NA,0
"2017","69f8db35f08d6c337883fcb4",NA,NA,NA,NA,0
"2018","69fb3314a5e95601464d1fea",NA,NA,NA,NA,0
"2019","69fb86296fb6f0919bf31075",NA,NA,NA,NA,0
"2020","69fcc8642de981c893eb6958",NA,NA,NA,NA,0
"2021","69fce9e45d612732dd1ae4e2",NA,NA,NA,NA,0
"2022","6a00b0ca46e3f2822d0349b6",NA,NA,NA,NA,0
"2023","6a00dbcc626a780a8e5c07a4",NA,NA,NA,NA,0
"2024","6a012d3c523e7311f4e55f61",NA,NA,NA,NA,0
"2025","6a01e843af8198a220b44a18",NA,NA,NA,NA,0
"2026","6a021dc98c730b8d3ce0deca",NA,NA,NA,NA,0
"2027","6a023ad806e8158958e73b75",NA,NA,NA,NA,0
"2028","6a05131f0ad03d07dd77178e",NA,NA,NA,NA,0
"2029","6a07687bad5809e8867bdffb",NA,NA,NA,NA,0
"2030","6a0a0fd9f370053c3505dc0f",NA,NA,NA,NA,0
"2031","6a0b756dd47d16a4c82f5589",NA,NA,NA,NA,0
"2032","6a0dfefeb75ae8ac09c192c6",NA,NA,NA,NA,0
"2033","6a0e2d716e90edf1ea83dce1",NA,NA,NA,NA,0
"2034","6a0fdfd2db4241c9e5eca29a",NA,NA,NA,NA,0
"2035","6a14434573bcee3f17b7f762",NA,NA,NA,NA,0
"2036","6a14c84872f3851ab32e8c01",NA,NA,NA,NA,0
"2037","6a14e67cf20909f60e34ae64",NA,NA,NA,NA,0
"2038","6a14ed7d826b3c0b54334269",NA,NA,NA,NA,0
"2039","6a150fcbc5238897c2c9408e",NA,NA,NA,NA,0
"2040","6a18b37c0157d881234ed29f",NA,NA,NA,NA,0
"2041","6a199661a2f63c5bf9835b2e",NA,NA,NA,NA,0
"2042","6a1a3e6d47ea4b557072cc4d",NA,NA,NA,NA,0
"2043","6a1ae40320c9511f890515f7",NA,NA,NA,NA,0
"2044","6a1b544246f12219f033d3c3",NA,NA,NA,NA,0
"2045","6a1cb95bf369926ac77ea9e5",NA,NA,NA,NA,0
"2046","6a1de36b3f5c6160ff6bf6a4",NA,NA,NA,NA,0
"2047","6a1f832105dd8c89b5e930ad",NA,NA,NA,NA,0
"2048","6a2222ff6e1036656b0d5d08",NA,NA,NA,NA,0
"2049","6a232745f21e165e2b54ed58",NA,NA,NA,NA,0
"2050","6a2482e9af72b55296872b0d",NA,NA,NA,NA,0
"2051","6a2589e7b0645f2f7f1cc52c",NA,NA,NA,NA,0
"2052","6a3607f677860830aca5bdeb",NA,NA,NA,NA,0
"2053","62c5f85ccf34c8d9c0650f6e",NA,NA,NA,NA,0
"2054","661c09a749790db73f8faba5",NA,NA,NA,NA,0
"2055","66315563a848526fcfa7555b",NA,NA,NA,NA,0
"2056","66da162f5538535e93490441",NA,NA,NA,NA,0
"2057","676956116c1a3416bf7b2afe",NA,NA,NA,NA,0
"2058","695ea002344d7ca1605c747a",NA,NA,NA,NA,0
"2059","6965bd850ce22095dd7a84ca",NA,NA,NA,NA,0
"2060","6978d830c5d415696508430d",NA,NA,NA,NA,0
"2061","6987875a0a8fa6ed9ef00726",NA,NA,NA,NA,0
"2062","699b610e2ba4bade6f39121b",NA,NA,NA,NA,0
"2063","699cebf39bc275a312ffd51c",NA,NA,NA,NA,0
"2064","699e3cc79b0d3d96b469ca49",NA,NA,NA,NA,0
"2065","69a0734d1d433d3694c8438f",NA,NA,NA,NA,0
"2066","69a6eb2bc679065ed1cecc51",NA,NA,NA,NA,0
"2067","69a8cff018bead25e4a5d848",NA,NA,NA,NA,0
"2068","69b5c6bdbcf55371066f5e73",NA,NA,NA,NA,0
"2069","69ba37faee13f176e7635323",NA,NA,NA,NA,0
"2070","69bdf2afe629d42bfc47997f",NA,NA,NA,NA,0
"2071","69c093d33989aa791c4e8b2d",NA,NA,NA,NA,0
"2072","69c1256faa88d6296c98d745",NA,NA,NA,NA,0
"2073","69c2f0033339865c279814ca",NA,NA,NA,NA,0
"2074","69c6ec3a92185003cf70ded5",NA,NA,NA,NA,0
"2075","69cc1fac2b52b1c4dd21cc7d",NA,NA,NA,NA,0
"2076","69cec122e3cb56c2e7000c6b",NA,NA,NA,NA,0
"2077","69d2a8765e19038ab2fc0f56",NA,NA,NA,NA,0
"2078","69d5632f4815bcc4cb7242bf",NA,NA,NA,NA,0
"2079","69daf476f6bc0d990581aca6",NA,NA,NA,NA,0
"2080","69dbf4749918745fc7d8e820",NA,NA,NA,NA,0
"2081","69dc76f0a77a620367d666ec",NA,NA,NA,NA,0
"2082","69dfe696c433039b7add8013",NA,NA,NA,NA,0
"2083","69e816058da70eddb5dbc3e1",NA,NA,NA,NA,0
"2084","69e957ad6c65e153a1c65ae2",NA,NA,NA,NA,0
"2085","69ed15278090fe4438301d5c",NA,NA,NA,NA,0
"2086","69efe0b03221edd72686c185",NA,NA,NA,NA,0
"2087","69f0438cc141b27ed949788e",NA,NA,NA,NA,0
"2088","69f3d4f3fb7630947c56f1eb",NA,NA,NA,NA,0
"2089","69f6484996726366cacd162c",NA,NA,NA,NA,0
"2090","69f674db81cb46678aae6391",NA,NA,NA,NA,0
"2091","69f7b962446b32b08d58a1df",NA,NA,NA,NA,0
"2092","69f86a04fe802de5002bb70b",NA,NA,NA,NA,0
"2093","69f8db35f08d6c337883fcb4",NA,NA,NA,NA,0
"2094","69fb3314a5e95601464d1fea",NA,NA,NA,NA,0
"2095","69fb86296fb6f0919bf31075",NA,NA,NA,NA,0
"2096","69fcc8642de981c893eb6958",NA,NA,NA,NA,0
"2097","69fce9e45d612732dd1ae4e2",NA,NA,NA,NA,0
"2098","6a00b0ca46e3f2822d0349b6",NA,NA,NA,NA,0
"2099","6a00dbcc626a780a8e5c07a4",NA,NA,NA,NA,0
"2100","6a012d3c523e7311f4e55f61",NA,NA,NA,NA,0
"2101","6a01e843af8198a220b44a18",NA,NA,NA,NA,0
"2102","6a021dc98c730b8d3ce0deca",NA,NA,NA,NA,0
"2103","6a023ad806e8158958e73b75",NA,NA,NA,NA,0
"2104","6a05131f0ad03d07dd77178e",NA,NA,NA,NA,0
"2105","6a07687bad5809e8867bdffb",NA,NA,NA,NA,0
"2106","6a0a0fd9f370053c3505dc0f",NA,NA,NA,NA,0
"2107","6a0b756dd47d16a4c82f5589",NA,NA,NA,NA,0
"2108","6a0dfefeb75ae8ac09c192c6",NA,NA,NA,NA,0
"2109","6a0e2d716e90edf1ea83dce1",NA,NA,NA,NA,0
"2110","6a0fdfd2db4241c9e5eca29a",NA,NA,NA,NA,0
"2111","6a14434573bcee3f17b7f762",NA,NA,NA,NA,0
"2112","6a14c84872f3851ab32e8c01",NA,NA,NA,NA,0
"2113","6a14e67cf20909f60e34ae64",NA,NA,NA,NA,0
"2114","6a14ed7d826b3c0b54334269",NA,NA,NA,NA,0
"2115","6a150fcbc5238897c2c9408e",NA,NA,NA,NA,0
"2116","6a18b37c0157d881234ed29f",NA,NA,NA,NA,0
"2117","6a199661a2f63c5bf9835b2e",NA,NA,NA,NA,0
"2118","6a1a3e6d47ea4b557072cc4d",NA,NA,NA,NA,0
"2119","6a1ae40320c9511f890515f7",NA,NA,NA,NA,0
"2120","6a1b544246f12219f033d3c3",NA,NA,NA,NA,0
"2121","6a1cb95bf369926ac77ea9e5",NA,NA,NA,NA,0
"2122","6a1de36b3f5c6160ff6bf6a4",NA,NA,NA,NA,0
"2123","6a1f832105dd8c89b5e930ad",NA,NA,NA,NA,0
"2124","6a2222ff6e1036656b0d5d08",NA,NA,NA,NA,0
"2125","6a232745f21e165e2b54ed58",NA,NA,NA,NA,0
"2126","6a2482e9af72b55296872b0d",NA,NA,NA,NA,0
"2127","6a2589e7b0645f2f7f1cc52c",NA,NA,NA,NA,0
"2128","6a3607f677860830aca5bdeb",NA,NA,NA,NA,0
"2129","62c5f85ccf34c8d9c0650f6e",NA,NA,NA,NA,0
"2130","661c09a749790db73f8faba5",NA,NA,NA,NA,0
"2131","66315563a848526fcfa7555b",NA,NA,NA,NA,0
"2132","66da162f5538535e93490441",NA,NA,NA,NA,0
"2133","676956116c1a3416bf7b2afe",NA,NA,NA,NA,0
"2134","695ea002344d7ca1605c747a",NA,NA,NA,NA,0
"2135","6965bd850ce22095dd7a84ca",NA,NA,NA,NA,0
"2136","6978d830c5d415696508430d",NA,NA,NA,NA,0
"2137","6987875a0a8fa6ed9ef00726",NA,NA,NA,NA,0
"2138","699b610e2ba4bade6f39121b",NA,NA,NA,NA,0
"2139","699cebf39bc275a312ffd51c",NA,NA,NA,NA,0
"2140","699e3cc79b0d3d96b469ca49",NA,NA,NA,NA,0
"2141","69a0734d1d433d3694c8438f",NA,NA,NA,NA,0
"2142","69a6eb2bc679065ed1cecc51",NA,NA,NA,NA,0
"2143","69a8cff018bead25e4a5d848",NA,NA,NA,NA,0
"2144","69b5c6bdbcf55371066f5e73",NA,NA,NA,NA,0
"2145","69ba37faee13f176e7635323",NA,NA,NA,NA,0
"2146","69bdf2afe629d42bfc47997f",NA,NA,NA,NA,0
"2147","69c093d33989aa791c4e8b2d",NA,NA,NA,NA,0
"2148","69c1256faa88d6296c98d745",NA,NA,NA,NA,0
"2149","69c2f0033339865c279814ca",NA,NA,NA,NA,0
"2150","69c6ec3a92185003cf70ded5",NA,NA,NA,NA,0
"2151","69cc1fac2b52b1c4dd21cc7d",NA,NA,NA,NA,0
"2152","69cec122e3cb56c2e7000c6b",NA,NA,NA,NA,0
"2153","69d2a8765e19038ab2fc0f56",NA,NA,NA,NA,0
"2154","69d5632f4815bcc4cb7242bf",NA,NA,NA,NA,0
"2155","69daf476f6bc0d990581aca6",NA,NA,NA,NA,0
"2156","69dbf4749918745fc7d8e820",NA,NA,NA,NA,0
"2157","69dc76f0a77a620367d666ec",NA,NA,NA,NA,0
"2158","69dfe696c433039b7add8013",NA,NA,NA,NA,0
"2159","69e816058da70eddb5dbc3e1",NA,NA,NA,NA,0
"2160","69e957ad6c65e153a1c65ae2",NA,NA,NA,NA,0
"2161","69ed15278090fe4438301d5c",NA,NA,NA,NA,0
"2162","69efe0b03221edd72686c185",NA,NA,NA,NA,0
"2163","69f0438cc141b27ed949788e",NA,NA,NA,NA,0
"2164","69f3d4f3fb7630947c56f1eb",NA,NA,NA,NA,0
"2165","69f6484996726366cacd162c",NA,NA,NA,NA,0
"2166","69f674db81cb46678aae6391",NA,NA,NA,NA,0
"2167","69f7b962446b32b08d58a1df",NA,NA,NA,NA,0
"2168","69f86a04fe802de5002bb70b",NA,NA,NA,NA,0
"2169","69f8db35f08d6c337883fcb4",NA,NA,NA,NA,0
"2170","69fb3314a5e95601464d1fea",NA,NA,NA,NA,0
"2171","69fb86296fb6f0919bf31075",NA,NA,NA,NA,0
"2172","69fcc8642de981c893eb6958",NA,NA,NA,NA,0
"2173","69fce9e45d612732dd1ae4e2",NA,NA,NA,NA,0
"2174","6a00b0ca46e3f2822d0349b6",NA,NA,NA,NA,0
"2175","6a00dbcc626a780a8e5c07a4",NA,NA,NA,NA,0
"2176","6a012d3c523e7311f4e55f61",NA,NA,NA,NA,0
"2177","6a01e843af8198a220b44a18",NA,NA,NA,NA,0
"2178","6a021dc98c730b8d3ce0deca",NA,NA,NA,NA,0
"2179","6a023ad806e8158958e73b75",NA,NA,NA,NA,0
"2180","6a05131f0ad03d07dd77178e",NA,NA,NA,NA,0
"2181","6a07687bad5809e8867bdffb",NA,NA,NA,NA,0
"2182","6a0a0fd9f370053c3505dc0f",NA,NA,NA,NA,0
"2183","6a0b756dd47d16a4c82f5589",NA,NA,NA,NA,0
"2184","6a0dfefeb75ae8ac09c192c6",NA,NA,NA,NA,0
"2185","6a0e2d716e90edf1ea83dce1",NA,NA,NA,NA,0
"2186","6a0fdfd2db4241c9e5eca29a",NA,NA,NA,NA,0
"2187","6a14434573bcee3f17b7f762",NA,NA,NA,NA,0
"2188","6a14c84872f3851ab32e8c01",NA,NA,NA,NA,0
"2189","6a14e67cf20909f60e34ae64",NA,NA,NA,NA,0
"2190","6a14ed7d826b3c0b54334269",NA,NA,NA,NA,0
"2191","6a150fcbc5238897c2c9408e",NA,NA,NA,NA,0
"2192","6a18b37c0157d881234ed29f",NA,NA,NA,NA,0
"2193","6a199661a2f63c5bf9835b2e",NA,NA,NA,NA,0
"2194","6a1a3e6d47ea4b557072cc4d",NA,NA,NA,NA,0
"2195","6a1ae40320c9511f890515f7",NA,NA,NA,NA,0
"2196","6a1b544246f12219f033d3c3",NA,NA,NA,NA,0
"2197","6a1cb95bf369926ac77ea9e5",NA,NA,NA,NA,0
"2198","6a1de36b3f5c6160ff6bf6a4",NA,NA,NA,NA,0
"2199","6a1f832105dd8c89b5e930ad",NA,NA,NA,NA,0
"2200","6a2222ff6e1036656b0d5d08",NA,NA,NA,NA,0
"2201","6a232745f21e165e2b54ed58",NA,NA,NA,NA,0
"2202","6a2482e9af72b55296872b0d",NA,NA,NA,NA,0
"2203","6a2589e7b0645f2f7f1cc52c",NA,NA,NA,NA,0
"2204","6a3607f677860830aca5bdeb",NA,NA,NA,NA,0
"2205","62c5f85ccf34c8d9c0650f6e",NA,NA,NA,NA,0
"2206","661c09a749790db73f8faba5",NA,NA,NA,NA,0
"2207","66315563a848526fcfa7555b",NA,NA,NA,NA,0
"2208","66da162f5538535e93490441",NA,NA,NA,NA,0
"2209","676956116c1a3416bf7b2afe",NA,NA,NA,NA,0
"2210","695ea002344d7ca1605c747a",NA,NA,NA,NA,0
"2211","6965bd850ce22095dd7a84ca",NA,NA,NA,NA,0
"2212","6978d830c5d415696508430d",NA,NA,NA,NA,0
"2213","6987875a0a8fa6ed9ef00726",NA,NA,NA,NA,0
"2214","699b610e2ba4bade6f39121b",NA,NA,NA,NA,0
"2215","699cebf39bc275a312ffd51c",NA,NA,NA,NA,0
"2216","699e3cc79b0d3d96b469ca49",NA,NA,NA,NA,0
"2217","69a0734d1d433d3694c8438f",NA,NA,NA,NA,0
"2218","69a6eb2bc679065ed1cecc51",NA,NA,NA,NA,0
"2219","69a8cff018bead25e4a5d848",NA,NA,NA,NA,0
"2220","69b5c6bdbcf55371066f5e73",NA,NA,NA,NA,0
"2221","69ba37faee13f176e7635323",NA,NA,NA,NA,0
"2222","69bdf2afe629d42bfc47997f",NA,NA,NA,NA,0
"2223","69c093d33989aa791c4e8b2d",NA,NA,NA,NA,0
"2224","69c1256faa88d6296c98d745",NA,NA,NA,NA,0
"2225","69c2f0033339865c279814ca",NA,NA,NA,NA,0
"2226","69c6ec3a92185003cf70ded5",NA,NA,NA,NA,0
"2227","69cc1fac2b52b1c4dd21cc7d",NA,NA,NA,NA,0
"2228","69cec122e3cb56c2e7000c6b",NA,NA,NA,NA,0
"2229","69d2a8765e19038ab2fc0f56",NA,NA,NA,NA,0
"2230","69d5632f4815bcc4cb7242bf",NA,NA,NA,NA,0
"2231","69daf476f6bc0d990581aca6",NA,NA,NA,NA,0
"2232","69dbf4749918745fc7d8e820",NA,NA,NA,NA,0
"2233","69dc76f0a77a620367d666ec",NA,NA,NA,NA,0
"2234","69dfe696c433039b7add8013",NA,NA,NA,NA,0
"2235","69e816058da70eddb5dbc3e1",NA,NA,NA,NA,0
"2236","69e957ad6c65e153a1c65ae2",NA,NA,NA,NA,0
"2237","69ed15278090fe4438301d5c",NA,NA,NA,NA,0
"2238","69efe0b03221edd72686c185",NA,NA,NA,NA,0
"2239","69f0438cc141b27ed949788e",NA,NA,NA,NA,0
"2240","69f3d4f3fb7630947c56f1eb",NA,NA,NA,NA,0
"2241","69f6484996726366cacd162c",NA,NA,NA,NA,0
"2242","69f674db81cb46678aae6391",NA,NA,NA,NA,0
"2243","69f7b962446b32b08d58a1df",NA,NA,NA,NA,0
"2244","69f86a04fe802de5002bb70b",NA,NA,NA,NA,0
"2245","69f8db35f08d6c337883fcb4",NA,NA,NA,NA,0
"2246","69fb3314a5e95601464d1fea",NA,NA,NA,NA,0
"2247","69fb86296fb6f0919bf31075",NA,NA,NA,NA,0
"2248","69fcc8642de981c893eb6958",NA,NA,NA,NA,0
"2249","69fce9e45d612732dd1ae4e2",NA,NA,NA,NA,0
"2250","6a00b0ca46e3f2822d0349b6",NA,NA,NA,NA,0
"2251","6a00dbcc626a780a8e5c07a4",NA,NA,NA,NA,0
"2252","6a012d3c523e7311f4e55f61",NA,NA,NA,NA,0
"2253","6a01e843af8198a220b44a18",NA,NA,NA,NA,0
"2254","6a021dc98c730b8d3ce0deca",NA,NA,NA,NA,0
"2255","6a023ad806e8158958e73b75",NA,NA,NA,NA,0
"2256","6a05131f0ad03d07dd77178e",NA,NA,NA,NA,0
"2257","6a07687bad5809e8867bdffb",NA,NA,NA,NA,0
"2258","6a0a0fd9f370053c3505dc0f",NA,NA,NA,NA,0
"2259","6a0b756dd47d16a4c82f5589",NA,NA,NA,NA,0
"2260","6a0dfefeb75ae8ac09c192c6",NA,NA,NA,NA,0
"2261","6a0e2d716e90edf1ea83dce1",NA,NA,NA,NA,0
"2262","6a0fdfd2db4241c9e5eca29a",NA,NA,NA,NA,0
"2263","6a14434573bcee3f17b7f762",NA,NA,NA,NA,0
"2264","6a14c84872f3851ab32e8c01",NA,NA,NA,NA,0
"2265","6a14e67cf20909f60e34ae64",NA,NA,NA,NA,0
"2266","6a14ed7d826b3c0b54334269",NA,NA,NA,NA,0
"2267","6a150fcbc5238897c2c9408e",NA,NA,NA,NA,0
"2268","6a18b37c0157d881234ed29f",NA,NA,NA,NA,0
"2269","6a199661a2f63c5bf9835b2e",NA,NA,NA,NA,0
"2270","6a1a3e6d47ea4b557072cc4d",NA,NA,NA,NA,0
"2271","6a1ae40320c9511f890515f7",NA,NA,NA,NA,0
"2272","6a1b544246f12219f033d3c3",NA,NA,NA,NA,0
"2273","6a1cb95bf369926ac77ea9e5",NA,NA,NA,NA,0
"2274","6a1de36b3f5c6160ff6bf6a4",NA,NA,NA,NA,0
"2275","6a1f832105dd8c89b5e930ad",NA,NA,NA,NA,0
"2276","6a2222ff6e1036656b0d5d08",NA,NA,NA,NA,0
"2277","6a232745f21e165e2b54ed58",NA,NA,NA,NA,0
"2278","6a2482e9af72b55296872b0d",NA,NA,NA,NA,0
"2279","6a2589e7b0645f2f7f1cc52c",NA,NA,NA,NA,0
"2280","6a3607f677860830aca5bdeb",NA,NA,NA,NA,0
"2281","62c5f85ccf34c8d9c0650f6e",NA,NA,NA,NA,0
"2282","661c09a749790db73f8faba5",NA,NA,NA,NA,0
"2283","66315563a848526fcfa7555b",NA,NA,NA,NA,0
"2284","66da162f5538535e93490441",NA,NA,NA,NA,0
"2285","676956116c1a3416bf7b2afe",NA,NA,NA,NA,0
"2286","695ea002344d7ca1605c747a",NA,NA,NA,NA,0
"2287","6965bd850ce22095dd7a84ca",NA,NA,NA,NA,0
"2288","6978d830c5d415696508430d",NA,NA,NA,NA,0
"2289","6987875a0a8fa6ed9ef00726",NA,NA,NA,NA,0
"2290","699b610e2ba4bade6f39121b",NA,NA,NA,NA,0
"2291","699cebf39bc275a312ffd51c",NA,NA,NA,NA,0
"2292","699e3cc79b0d3d96b469ca49",NA,NA,NA,NA,0
"2293","69a0734d1d433d3694c8438f",NA,NA,NA,NA,0
"2294","69a6eb2bc679065ed1cecc51",NA,NA,NA,NA,0
"2295","69a8cff018bead25e4a5d848",NA,NA,NA,NA,0
"2296","69b5c6bdbcf55371066f5e73",NA,NA,NA,NA,0
"2297","69ba37faee13f176e7635323",NA,NA,NA,NA,0
"2298","69bdf2afe629d42bfc47997f",NA,NA,NA,NA,0
"2299","69c093d33989aa791c4e8b2d",NA,NA,NA,NA,0
"2300","69c1256faa88d6296c98d745",NA,NA,NA,NA,0
"2301","69c2f0033339865c279814ca",NA,NA,NA,NA,0
"2302","69c6ec3a92185003cf70ded5",NA,NA,NA,NA,0
"2303","69cc1fac2b52b1c4dd21cc7d",NA,NA,NA,NA,0
"2304","69cec122e3cb56c2e7000c6b",NA,NA,NA,NA,0
"2305","69d2a8765e19038ab2fc0f56",NA,NA,NA,NA,0
"2306","69d5632f4815bcc4cb7242bf",NA,NA,NA,NA,0
"2307","69daf476f6bc0d990581aca6",NA,NA,NA,NA,0
"2308","69dbf4749918745fc7d8e820",NA,NA,NA,NA,0
"2309","69dc76f0a77a620367d666ec",NA,NA,NA,NA,0
"2310","69dfe696c433039b7add8013",NA,NA,NA,NA,0
"2311","69e816058da70eddb5dbc3e1",NA,NA,NA,NA,0
"2312","69e957ad6c65e153a1c65ae2",NA,NA,NA,NA,0
"2313","69ed15278090fe4438301d5c",NA,NA,NA,NA,0
"2314","69efe0b03221edd72686c185",NA,NA,NA,NA,0
"2315","69f0438cc141b27ed949788e",NA,NA,NA,NA,0
"2316","69f3d4f3fb7630947c56f1eb",NA,NA,NA,NA,0
"2317","69f6484996726366cacd162c",NA,NA,NA,NA,0
"2318","69f674db81cb46678aae6391",NA,NA,NA,NA,0
"2319","69f7b962446b32b08d58a1df",NA,NA,NA,NA,0
"2320","69f86a04fe802de5002bb70b",NA,NA,NA,NA,0
"2321","69f8db35f08d6c337883fcb4",NA,NA,NA,NA,0
"2322","69fb3314a5e95601464d1fea",NA,NA,NA,NA,0
"2323","69fb86296fb6f0919bf31075",NA,NA,NA,NA,0
"2324","69fcc8642de981c893eb6958",NA,NA,NA,NA,0
"2325","69fce9e45d612732dd1ae4e2",NA,NA,NA,NA,0
"2326","6a00b0ca46e3f2822d0349b6",NA,NA,NA,NA,0
"2327","6a00dbcc626a780a8e5c07a4",NA,NA,NA,NA,0
"2328","6a012d3c523e7311f4e55f61",NA,NA,NA,NA,0
"2329","6a01e843af8198a220b44a18",NA,NA,NA,NA,0
"2330","6a021dc98c730b8d3ce0deca",NA,NA,NA,NA,0
"2331","6a023ad806e8158958e73b75",NA,NA,NA,NA,0
"2332","6a05131f0ad03d07dd77178e",NA,NA,NA,NA,0
"2333","6a07687bad5809e8867bdffb",NA,NA,NA,NA,0
"2334","6a0a0fd9f370053c3505dc0f",NA,NA,NA,NA,0
"2335","6a0b756dd47d16a4c82f5589",NA,NA,NA,NA,0
"2336","6a0dfefeb75ae8ac09c192c6",NA,NA,NA,NA,0
"2337","6a0e2d716e90edf1ea83dce1",NA,NA,NA,NA,0
"2338","6a0fdfd2db4241c9e5eca29a",NA,NA,NA,NA,0
"2339","6a14434573bcee3f17b7f762",NA,NA,NA,NA,0
"2340","6a14c84872f3851ab32e8c01",NA,NA,NA,NA,0
"2341","6a14e67cf20909f60e34ae64",NA,NA,NA,NA,0
"2342","6a14ed7d826b3c0b54334269",NA,NA,NA,NA,0
"2343","6a150fcbc5238897c2c9408e",NA,NA,NA,NA,0
"2344","6a18b37c0157d881234ed29f",NA,NA,NA,NA,0
"2345","6a199661a2f63c5bf9835b2e",NA,NA,NA,NA,0
"2346","6a1a3e6d47ea4b557072cc4d",NA,NA,NA,NA,0
"2347","6a1ae40320c9511f890515f7",NA,NA,NA,NA,0
"2348","6a1b544246f12219f033d3c3",NA,NA,NA,NA,0
"2349","6a1cb95bf369926ac77ea9e5",NA,NA,NA,NA,0
"2350","6a1de36b3f5c6160ff6bf6a4",NA,NA,NA,NA,0
"2351","6a1f832105dd8c89b5e930ad",NA,NA,NA,NA,0
"2352","6a2222ff6e1036656b0d5d08",NA,NA,NA,NA,0
"2353","6a232745f21e165e2b54ed58",NA,NA,NA,NA,0
"2354","6a2482e9af72b55296872b0d",NA,NA,NA,NA,0
"2355","6a2589e7b0645f2f7f1cc52c",NA,NA,NA,NA,0
"2356","6a3607f677860830aca5bdeb",NA,NA,NA,NA,0
"2357","62c5f85ccf34c8d9c0650f6e",NA,NA,NA,NA,0
"2358","661c09a749790db73f8faba5",NA,NA,NA,NA,0
"2359","66315563a848526fcfa7555b",NA,NA,NA,NA,0
"2360","66da162f5538535e93490441",NA,NA,NA,NA,0
"2361","676956116c1a3416bf7b2afe",NA,NA,NA,NA,0
"2362","695ea002344d7ca1605c747a",NA,NA,NA,NA,0
"2363","6965bd850ce22095dd7a84ca",NA,NA,NA,NA,0
"2364","6978d830c5d415696508430d",NA,NA,NA,NA,0
"2365","6987875a0a8fa6ed9ef00726",NA,NA,NA,NA,0
"2366","699b610e2ba4bade6f39121b",NA,NA,NA,NA,0
"2367","699cebf39bc275a312ffd51c",NA,NA,NA,NA,0
"2368","699e3cc79b0d3d96b469ca49",NA,NA,NA,NA,0
"2369","69a0734d1d433d3694c8438f",NA,NA,NA,NA,0
"2370","69a6eb2bc679065ed1cecc51",NA,NA,NA,NA,0
"2371","69a8cff018bead25e4a5d848",NA,NA,NA,NA,0
"2372","69b5c6bdbcf55371066f5e73",NA,NA,NA,NA,0
"2373","69ba37faee13f176e7635323",NA,NA,NA,NA,0
"2374","69bdf2afe629d42bfc47997f",NA,NA,NA,NA,0
"2375","69c093d33989aa791c4e8b2d",NA,NA,NA,NA,0
"2376","69c1256faa88d6296c98d745",NA,NA,NA,NA,0
"2377","69c2f0033339865c279814ca",NA,NA,NA,NA,0
"2378","69c6ec3a92185003cf70ded5",NA,NA,NA,NA,0
"2379","69cc1fac2b52b1c4dd21cc7d",NA,NA,NA,NA,0
"2380","69cec122e3cb56c2e7000c6b",NA,NA,NA,NA,0
"2381","69d2a8765e19038ab2fc0f56",NA,NA,NA,NA,0
"2382","69d5632f4815bcc4cb7242bf",NA,NA,NA,NA,0
"2383","69daf476f6bc0d990581aca6",NA,NA,NA,NA,0
"2384","69dbf4749918745fc7d8e820",NA,NA,NA,NA,0
"2385","69dc76f0a77a620367d666ec",NA,NA,NA,NA,0
"2386","69dfe696c433039b7add8013",NA,NA,NA,NA,0
"2387","69e816058da70eddb5dbc3e1",NA,NA,NA,NA,0
"2388","69e957ad6c65e153a1c65ae2",NA,NA,NA,NA,0
"2389","69ed15278090fe4438301d5c",NA,NA,NA,NA,0
"2390","69efe0b03221edd72686c185",NA,NA,NA,NA,0
"2391","69f0438cc141b27ed949788e",NA,NA,NA,NA,0
"2392","69f3d4f3fb7630947c56f1eb",NA,NA,NA,NA,0
"2393","69f6484996726366cacd162c",NA,NA,NA,NA,0
"2394","69f674db81cb46678aae6391",NA,NA,NA,NA,0
"2395","69f7b962446b32b08d58a1df",NA,NA,NA,NA,0
"2396","69f86a04fe802de5002bb70b",NA,NA,NA,NA,0
"2397","69f8db35f08d6c337883fcb4",NA,NA,NA,NA,0
"2398","69fb3314a5e95601464d1fea",NA,NA,NA,NA,0
"2399","69fb86296fb6f0919bf31075",NA,NA,NA,NA,0
"2400","69fcc8642de981c893eb6958",NA,NA,NA,NA,0
"2401","69fce9e45d612732dd1ae4e2",NA,NA,NA,NA,0
"2402","6a00b0ca46e3f2822d0349b6",NA,NA,NA,NA,0
"2403","6a00dbcc626a780a8e5c07a4",NA,NA,NA,NA,0
"2404","6a012d3c523e7311f4e55f61",NA,NA,NA,NA,0
"2405","6a01e843af8198a220b44a18",NA,NA,NA,NA,0
"2406","6a021dc98c730b8d3ce0deca",NA,NA,NA,NA,0
"2407","6a023ad806e8158958e73b75",NA,NA,NA,NA,0
"2408","6a05131f0ad03d07dd77178e",NA,NA,NA,NA,0
"2409","6a07687bad5809e8867bdffb",NA,NA,NA,NA,0
"2410","6a0a0fd9f370053c3505dc0f",NA,NA,NA,NA,0
"2411","6a0b756dd47d16a4c82f5589",NA,NA,NA,NA,0
"2412","6a0dfefeb75ae8ac09c192c6",NA,NA,NA,NA,0
"2413","6a0e2d716e90edf1ea83dce1",NA,NA,NA,NA,0
"2414","6a0fdfd2db4241c9e5eca29a",NA,NA,NA,NA,0
"2415","6a14434573bcee3f17b7f762",NA,NA,NA,NA,0
"2416","6a14c84872f3851ab32e8c01",NA,NA,NA,NA,0
"2417","6a14e67cf20909f60e34ae64",NA,NA,NA,NA,0
"2418","6a14ed7d826b3c0b54334269",NA,NA,NA,NA,0
"2419","6a150fcbc5238897c2c9408e",NA,NA,NA,NA,0
"2420","6a18b37c0157d881234ed29f",NA,NA,NA,NA,0
"2421","6a199661a2f63c5bf9835b2e",NA,NA,NA,NA,0
"2422","6a1a3e6d47ea4b557072cc4d",NA,NA,NA,NA,0
"2423","6a1ae40320c9511f890515f7",NA,NA,NA,NA,0
"2424","6a1b544246f12219f033d3c3",NA,NA,NA,NA,0
"2425","6a1cb95bf369926ac77ea9e5",NA,NA,NA,NA,0
"2426","6a1de36b3f5c6160ff6bf6a4",NA,NA,NA,NA,0
"2427","6a1f832105dd8c89b5e930ad",NA,NA,NA,NA,0
"2428","6a2222ff6e1036656b0d5d08",NA,NA,NA,NA,0
"2429","6a232745f21e165e2b54ed58",NA,NA,NA,NA,0
"2430","6a2482e9af72b55296872b0d",NA,NA,NA,NA,0
"2431","6a2589e7b0645f2f7f1cc52c",NA,NA,NA,NA,0
"2432","6a3607f677860830aca5bdeb",NA,NA,NA,NA,0
"2433","62c5f85ccf34c8d9c0650f6e",NA,NA,NA,NA,0
"2434","661c09a749790db73f8faba5",NA,NA,NA,NA,0
"2435","66315563a848526fcfa7555b",NA,NA,NA,NA,0
"2436","66da162f5538535e93490441",NA,NA,NA,NA,0
"2437","676956116c1a3416bf7b2afe",NA,NA,NA,NA,0
"2438","695ea002344d7ca1605c747a",NA,NA,NA,NA,0
"2439","6965bd850ce22095dd7a84ca",NA,NA,NA,NA,0
"2440","6978d830c5d415696508430d",NA,NA,NA,NA,0
"2441","6987875a0a8fa6ed9ef00726",NA,NA,NA,NA,0
"2442","699b610e2ba4bade6f39121b",NA,NA,NA,NA,0
"2443","699cebf39bc275a312ffd51c",NA,NA,NA,NA,0
"2444","699e3cc79b0d3d96b469ca49",NA,NA,NA,NA,0
"2445","69a0734d1d433d3694c8438f",NA,NA,NA,NA,0
"2446","69a6eb2bc679065ed1cecc51",NA,NA,NA,NA,0
"2447","69a8cff018bead25e4a5d848",NA,NA,NA,NA,0
"2448","69b5c6bdbcf55371066f5e73",NA,NA,NA,NA,0
"2449","69ba37faee13f176e7635323",NA,NA,NA,NA,0
"2450","69bdf2afe629d42bfc47997f",NA,NA,NA,NA,0
"2451","69c093d33989aa791c4e8b2d",NA,NA,NA,NA,0
"2452","69c1256faa88d6296c98d745",NA,NA,NA,NA,0
"2453","69c2f0033339865c279814ca",NA,NA,NA,NA,0
"2454","69c6ec3a92185003cf70ded5",NA,NA,NA,NA,0
"2455","69cc1fac2b52b1c4dd21cc7d",NA,NA,NA,NA,0
"2456","69cec122e3cb56c2e7000c6b",NA,NA,NA,NA,0
"2457","69d2a8765e19038ab2fc0f56",NA,NA,NA,NA,0
"2458","69d5632f4815bcc4cb7242bf",NA,NA,NA,NA,0
"2459","69daf476f6bc0d990581aca6",NA,NA,NA,NA,0
"2460","69dbf4749918745fc7d8e820",NA,NA,NA,NA,0
"2461","69dc76f0a77a620367d666ec",NA,NA,NA,NA,0
"2462","69dfe696c433039b7add8013",NA,NA,NA,NA,0
"2463","69e816058da70eddb5dbc3e1",NA,NA,NA,NA,0
"2464","69e957ad6c65e153a1c65ae2",NA,NA,NA,NA,0
"2465","69ed15278090fe4438301d5c",NA,NA,NA,NA,0
"2466","69efe0b03221edd72686c185",NA,NA,NA,NA,0
"2467","69f0438cc141b27ed949788e",NA,NA,NA,NA,0
"2468","69f3d4f3fb7630947c56f1eb",NA,NA,NA,NA,0
"2469","69f6484996726366cacd162c",NA,NA,NA,NA,0
"2470","69f674db81cb46678aae6391",NA,NA,NA,NA,0
"2471","69f7b962446b32b08d58a1df",NA,NA,NA,NA,0
"2472","69f86a04fe802de5002bb70b",NA,NA,NA,NA,0
"2473","69f8db35f08d6c337883fcb4",NA,NA,NA,NA,0
"2474","69fb3314a5e95601464d1fea",NA,NA,NA,NA,0
"2475","69fb86296fb6f0919bf31075",NA,NA,NA,NA,0
"2476","69fcc8642de981c893eb6958",NA,NA,NA,NA,0
"2477","69fce9e45d612732dd1ae4e2",NA,NA,NA,NA,0
"2478","6a00b0ca46e3f2822d0349b6",NA,NA,NA,NA,0
"2479","6a00dbcc626a780a8e5c07a4",NA,NA,NA,NA,0
"2480","6a012d3c523e7311f4e55f61",NA,NA,NA,NA,0
"2481","6a01e843af8198a220b44a18",NA,NA,NA,NA,0
"2482","6a021dc98c730b8d3ce0deca",NA,NA,NA,NA,0
"2483","6a023ad806e8158958e73b75",NA,NA,NA,NA,0
"2484","6a05131f0ad03d07dd77178e",NA,NA,NA,NA,0
"2485","6a07687bad5809e8867bdffb",NA,NA,NA,NA,0
"2486","6a0a0fd9f370053c3505dc0f",NA,NA,NA,NA,0
"2487","6a0b756dd47d16a4c82f5589",NA,NA,NA,NA,0
"2488","6a0dfefeb75ae8ac09c192c6",NA,NA,NA,NA,0
"2489","6a0e2d716e90edf1ea83dce1",NA,NA,NA,NA,0
"2490","6a0fdfd2db4241c9e5eca29a",NA,NA,NA,NA,0
"2491","6a14434573bcee3f17b7f762",NA,NA,NA,NA,0
"2492","6a14c84872f3851ab32e8c01",NA,NA,NA,NA,0
"2493","6a14e67cf20909f60e34ae64",NA,NA,NA,NA,0
"2494","6a14ed7d826b3c0b54334269",NA,NA,NA,NA,0
"2495","6a150fcbc5238897c2c9408e",NA,NA,NA,NA,0
"2496","6a18b37c0157d881234ed29f",NA,NA,NA,NA,0
"2497","6a199661a2f63c5bf9835b2e",NA,NA,NA,NA,0
"2498","6a1a3e6d47ea4b557072cc4d",NA,NA,NA,NA,0
"2499","6a1ae40320c9511f890515f7",NA,NA,NA,NA,0
"2500","6a1b544246f12219f033d3c3",NA,NA,NA,NA,0
"2501","6a1cb95bf369926ac77ea9e5",NA,NA,NA,NA,0
"2502","6a1de36b3f5c6160ff6bf6a4",NA,NA,NA,NA,0
"2503","6a1f832105dd8c89b5e930ad",NA,NA,NA,NA,0
"2504","6a2222ff6e1036656b0d5d08",NA,NA,NA,NA,0
"2505","6a232745f21e165e2b54ed58",NA,NA,NA,NA,0
"2506","6a2482e9af72b55296872b0d",NA,NA,NA,NA,0
"2507","6a2589e7b0645f2f7f1cc52c",NA,NA,NA,NA,0
"2508","6a3607f677860830aca5bdeb",NA,NA,NA,NA,0
"2509","62c5f85ccf34c8d9c0650f6e",NA,NA,NA,NA,0
"2510","661c09a749790db73f8faba5",NA,NA,NA,NA,0
"2511","66315563a848526fcfa7555b",NA,NA,NA,NA,0
"2512","66da162f5538535e93490441",NA,NA,NA,NA,0
"2513","676956116c1a3416bf7b2afe",NA,NA,NA,NA,0
"2514","695ea002344d7ca1605c747a",NA,NA,NA,NA,0
"2515","6965bd850ce22095dd7a84ca",NA,NA,NA,NA,0
"2516","6978d830c5d415696508430d",NA,NA,NA,NA,0
"2517","6987875a0a8fa6ed9ef00726",NA,NA,NA,NA,0
"2518","699b610e2ba4bade6f39121b",NA,NA,NA,NA,0
"2519","699cebf39bc275a312ffd51c",NA,NA,NA,NA,0
"2520","699e3cc79b0d3d96b469ca49",NA,NA,NA,NA,0
"2521","69a0734d1d433d3694c8438f",NA,NA,NA,NA,0
"2522","69a6eb2bc679065ed1cecc51",NA,NA,NA,NA,0
"2523","69a8cff018bead25e4a5d848",NA,NA,NA,NA,0
"2524","69b5c6bdbcf55371066f5e73",NA,NA,NA,NA,0
"2525","69ba37faee13f176e7635323",NA,NA,NA,NA,0
"2526","69bdf2afe629d42bfc47997f",NA,NA,NA,NA,0
"2527","69c093d33989aa791c4e8b2d",NA,NA,NA,NA,0
"2528","69c1256faa88d6296c98d745",NA,NA,NA,NA,0
"2529","69c2f0033339865c279814ca",NA,NA,NA,NA,0
"2530","69c6ec3a92185003cf70ded5",NA,NA,NA,NA,0
"2531","69cc1fac2b52b1c4dd21cc7d",NA,NA,NA,NA,0
"2532","69cec122e3cb56c2e7000c6b",NA,NA,NA,NA,0
"2533","69d2a8765e19038ab2fc0f56",NA,NA,NA,NA,0
"2534","69d5632f4815bcc4cb7242bf",NA,NA,NA,NA,0
"2535","69daf476f6bc0d990581aca6",NA,NA,NA,NA,0
"2536","69dbf4749918745fc7d8e820",NA,NA,NA,NA,0
"2537","69dc76f0a77a620367d666ec",NA,NA,NA,NA,0
"2538","69dfe696c433039b7add8013",NA,NA,NA,NA,0
"2539","69e816058da70eddb5dbc3e1",NA,NA,NA,NA,0
"2540","69e957ad6c65e153a1c65ae2",NA,NA,NA,NA,0
"2541","69ed15278090fe4438301d5c",NA,NA,NA,NA,0
"2542","69efe0b03221edd72686c185",NA,NA,NA,NA,0
"2543","69f0438cc141b27ed949788e",NA,NA,NA,NA,0
"2544","69f3d4f3fb7630947c56f1eb",NA,NA,NA,NA,0
"2545","69f6484996726366cacd162c",NA,NA,NA,NA,0
"2546","69f674db81cb46678aae6391",NA,NA,NA,NA,0
"2547","69f7b962446b32b08d58a1df",NA,NA,NA,NA,0
"2548","69f86a04fe802de5002bb70b",NA,NA,NA,NA,0
"2549","69f8db35f08d6c337883fcb4",NA,NA,NA,NA,0
"2550","69fb3314a5e95601464d1fea",NA,NA,NA,NA,0
"2551","69fb86296fb6f0919bf31075",NA,NA,NA,NA,0
"2552","69fcc8642de981c893eb6958",NA,NA,NA,NA,0
"2553","69fce9e45d612732dd1ae4e2",NA,NA,NA,NA,0
"2554","6a00b0ca46e3f2822d0349b6",NA,NA,NA,NA,0
"2555","6a00dbcc626a780a8e5c07a4",NA,NA,NA,NA,0
"2556","6a012d3c523e7311f4e55f61",NA,NA,NA,NA,0
"2557","6a01e843af8198a220b44a18",NA,NA,NA,NA,0
"2558","6a021dc98c730b8d3ce0deca",NA,NA,NA,NA,0
"2559","6a023ad806e8158958e73b75",NA,NA,NA,NA,0
"2560","6a05131f0ad03d07dd77178e",NA,NA,NA,NA,0
"2561","6a07687bad5809e8867bdffb",NA,NA,NA,NA,0
"2562","6a0a0fd9f370053c3505dc0f",NA,NA,NA,NA,0
"2563","6a0b756dd47d16a4c82f5589",NA,NA,NA,NA,0
"2564","6a0dfefeb75ae8ac09c192c6",NA,NA,NA,NA,0
"2565","6a0e2d716e90edf1ea83dce1",NA,NA,NA,NA,0
"2566","6a0fdfd2db4241c9e5eca29a",NA,NA,NA,NA,0
"2567","6a14434573bcee3f17b7f762",NA,NA,NA,NA,0
"2568","6a14c84872f3851ab32e8c01",NA,NA,NA,NA,0
"2569","6a14e67cf20909f60e34ae64",NA,NA,NA,NA,0
"2570","6a14ed7d826b3c0b54334269",NA,NA,NA,NA,0
"2571","6a150fcbc5238897c2c9408e",NA,NA,NA,NA,0
"2572","6a18b37c0157d881234ed29f",NA,NA,NA,NA,0
"2573","6a199661a2f63c5bf9835b2e",NA,NA,NA,NA,0
"2574","6a1a3e6d47ea4b557072cc4d",NA,NA,NA,NA,0
"2575","6a1ae40320c9511f890515f7",NA,NA,NA,NA,0
"2576","6a1b544246f12219f033d3c3",NA,NA,NA,NA,0
"2577","6a1cb95bf369926ac77ea9e5",NA,NA,NA,NA,0
"2578","6a1de36b3f5c6160ff6bf6a4",NA,NA,NA,NA,0
"2579","6a1f832105dd8c89b5e930ad",NA,NA,NA,NA,0
"2580","6a2222ff6e1036656b0d5d08",NA,NA,NA,NA,0
"2581","6a232745f21e165e2b54ed58",NA,NA,NA,NA,0
"2582","6a2482e9af72b55296872b0d",NA,NA,NA,NA,0
"2583","6a2589e7b0645f2f7f1cc52c",NA,NA,NA,NA,0
"2584","6a3607f677860830aca5bdeb",NA,NA,NA,NA,0
"2585","62c5f85ccf34c8d9c0650f6e",NA,NA,NA,NA,0
"2586","661c09a749790db73f8faba5",NA,NA,NA,NA,0
"2587","66315563a848526fcfa7555b",NA,NA,NA,NA,0
"2588","66da162f5538535e93490441",NA,NA,NA,NA,0
"2589","676956116c1a3416bf7b2afe",NA,NA,NA,NA,0
"2590","695ea002344d7ca1605c747a",NA,NA,NA,NA,0
"2591","6965bd850ce22095dd7a84ca",NA,NA,NA,NA,0
"2592","6978d830c5d415696508430d",NA,NA,NA,NA,0
"2593","6987875a0a8fa6ed9ef00726",NA,NA,NA,NA,0
"2594","699b610e2ba4bade6f39121b",NA,NA,NA,NA,0
"2595","699cebf39bc275a312ffd51c",NA,NA,NA,NA,0
"2596","699e3cc79b0d3d96b469ca49",NA,NA,NA,NA,0
"2597","69a0734d1d433d3694c8438f",NA,NA,NA,NA,0
"2598","69a6eb2bc679065ed1cecc51",NA,NA,NA,NA,0
"2599","69a8cff018bead25e4a5d848",NA,NA,NA,NA,0
"2600","69b5c6bdbcf55371066f5e73",NA,NA,NA,NA,0
"2601","69ba37faee13f176e7635323",NA,NA,NA,NA,0
"2602","69bdf2afe629d42bfc47997f",NA,NA,NA,NA,0
"2603","69c093d33989aa791c4e8b2d",NA,NA,NA,NA,0
"2604","69c1256faa88d6296c98d745",NA,NA,NA,NA,0
"2605","69c2f0033339865c279814ca",NA,NA,NA,NA,0
"2606","69c6ec3a92185003cf70ded5",NA,NA,NA,NA,0
"2607","69cc1fac2b52b1c4dd21cc7d",NA,NA,NA,NA,0
"2608","69cec122e3cb56c2e7000c6b",NA,NA,NA,NA,0
"2609","69d2a8765e19038ab2fc0f56",NA,NA,NA,NA,0
"2610","69d5632f4815bcc4cb7242bf",NA,NA,NA,NA,0
"2611","69daf476f6bc0d990581aca6",NA,NA,NA,NA,0
"2612","69dbf4749918745fc7d8e820",NA,NA,NA,NA,0
"2613","69dc76f0a77a620367d666ec",NA,NA,NA,NA,0
"2614","69dfe696c433039b7add8013",NA,NA,NA,NA,0
"2615","69e816058da70eddb5dbc3e1",NA,NA,NA,NA,0
"2616","69e957ad6c65e153a1c65ae2",NA,NA,NA,NA,0
"2617","69ed15278090fe4438301d5c",NA,NA,NA,NA,0
"2618","69efe0b03221edd72686c185",NA,NA,NA,NA,0
"2619","69f0438cc141b27ed949788e",NA,NA,NA,NA,0
"2620","69f3d4f3fb7630947c56f1eb",NA,NA,NA,NA,0
"2621","69f6484996726366cacd162c",NA,NA,NA,NA,0
"2622","69f674db81cb46678aae6391",NA,NA,NA,NA,0
"2623","69f7b962446b32b08d58a1df",NA,NA,NA,NA,0
"2624","69f86a04fe802de5002bb70b",NA,NA,NA,NA,0
"2625","69f8db35f08d6c337883fcb4",NA,NA,NA,NA,0
"2626","69fb3314a5e95601464d1fea",NA,NA,NA,NA,0
"2627","69fb86296fb6f0919bf31075",NA,NA,NA,NA,0
"2628","69fcc8642de981c893eb6958",NA,NA,NA,NA,0
"2629","69fce9e45d612732dd1ae4e2",NA,NA,NA,NA,0
"2630","6a00b0ca46e3f2822d0349b6",NA,NA,NA,NA,0
"2631","6a00dbcc626a780a8e5c07a4",NA,NA,NA,NA,0
"2632","6a012d3c523e7311f4e55f61",NA,NA,NA,NA,0
"2633","6a01e843af8198a220b44a18",NA,NA,NA,NA,0
"2634","6a021dc98c730b8d3ce0deca",NA,NA,NA,NA,0
"2635","6a023ad806e8158958e73b75",NA,NA,NA,NA,0
"2636","6a05131f0ad03d07dd77178e",NA,NA,NA,NA,0
"2637","6a07687bad5809e8867bdffb",NA,NA,NA,NA,0
"2638","6a0a0fd9f370053c3505dc0f",NA,NA,NA,NA,0
"2639","6a0b756dd47d16a4c82f5589",NA,NA,NA,NA,0
"2640","6a0dfefeb75ae8ac09c192c6",NA,NA,NA,NA,0
"2641","6a0e2d716e90edf1ea83dce1",NA,NA,NA,NA,0
"2642","6a0fdfd2db4241c9e5eca29a",NA,NA,NA,NA,0
"2643","6a14434573bcee3f17b7f762",NA,NA,NA,NA,0
"2644","6a14c84872f3851ab32e8c01",NA,NA,NA,NA,0
"2645","6a14e67cf20909f60e34ae64",NA,NA,NA,NA,0
"2646","6a14ed7d826b3c0b54334269",NA,NA,NA,NA,0
"2647","6a150fcbc5238897c2c9408e",NA,NA,NA,NA,0
"2648","6a18b37c0157d881234ed29f",NA,NA,NA,NA,0
"2649","6a199661a2f63c5bf9835b2e",NA,NA,NA,NA,0
"2650","6a1a3e6d47ea4b557072cc4d",NA,NA,NA,NA,0
"2651","6a1ae40320c9511f890515f7",NA,NA,NA,NA,0
"2652","6a1b544246f12219f033d3c3",NA,NA,NA,NA,0
"2653","6a1cb95bf369926ac77ea9e5",NA,NA,NA,NA,0
"2654","6a1de36b3f5c6160ff6bf6a4",NA,NA,NA,NA,0
"2655","6a1f832105dd8c89b5e930ad",NA,NA,NA,NA,0
"2656","6a2222ff6e1036656b0d5d08",NA,NA,NA,NA,0
"2657","6a232745f21e165e2b54ed58",NA,NA,NA,NA,0
"2658","6a2482e9af72b55296872b0d",NA,NA,NA,NA,0
"2659","6a2589e7b0645f2f7f1cc52c",NA,NA,NA,NA,0
"2660","6a3607f677860830aca5bdeb",NA,NA,NA,NA,0
"2661","62c5f85ccf34c8d9c0650f6e",NA,NA,NA,NA,0
"2662","661c09a749790db73f8faba5",NA,NA,NA,NA,0
"2663","66315563a848526fcfa7555b",NA,NA,NA,NA,0
"2664","66da162f5538535e93490441",NA,NA,NA,NA,0
"2665","676956116c1a3416bf7b2afe",NA,NA,NA,NA,0
"2666","695ea002344d7ca1605c747a",NA,NA,NA,NA,0
"2667","6965bd850ce22095dd7a84ca",NA,NA,NA,NA,0
"2668","6978d830c5d415696508430d",NA,NA,NA,NA,0
"2669","6987875a0a8fa6ed9ef00726",NA,NA,NA,NA,0
"2670","699b610e2ba4bade6f39121b",NA,NA,NA,NA,0
"2671","699cebf39bc275a312ffd51c",NA,NA,NA,NA,0
"2672","699e3cc79b0d3d96b469ca49",NA,NA,NA,NA,0
"2673","69a0734d1d433d3694c8438f",NA,NA,NA,NA,0
"2674","69a6eb2bc679065ed1cecc51",NA,NA,NA,NA,0
"2675","69a8cff018bead25e4a5d848",NA,NA,NA,NA,0
"2676","69b5c6bdbcf55371066f5e73",NA,NA,NA,NA,0
"2677","69ba37faee13f176e7635323",NA,NA,NA,NA,0
"2678","69bdf2afe629d42bfc47997f",NA,NA,NA,NA,0
"2679","69c093d33989aa791c4e8b2d",NA,NA,NA,NA,0
"2680","69c1256faa88d6296c98d745",NA,NA,NA,NA,0
"2681","69c2f0033339865c279814ca",NA,NA,NA,NA,0
"2682","69c6ec3a92185003cf70ded5",NA,NA,NA,NA,0
"2683","69cc1fac2b52b1c4dd21cc7d",NA,NA,NA,NA,0
"2684","69cec122e3cb56c2e7000c6b",NA,NA,NA,NA,0
"2685","69d2a8765e19038ab2fc0f56",NA,NA,NA,NA,0
"2686","69d5632f4815bcc4cb7242bf",NA,NA,NA,NA,0
"2687","69daf476f6bc0d990581aca6",NA,NA,NA,NA,0
"2688","69dbf4749918745fc7d8e820",NA,NA,NA,NA,0
"2689","69dc76f0a77a620367d666ec",NA,NA,NA,NA,0
"2690","69dfe696c433039b7add8013",NA,NA,NA,NA,0
"2691","69e816058da70eddb5dbc3e1",NA,NA,NA,NA,0
"2692","69e957ad6c65e153a1c65ae2",NA,NA,NA,NA,0
"2693","69ed15278090fe4438301d5c",NA,NA,NA,NA,0
"2694","69efe0b03221edd72686c185",NA,NA,NA,NA,0
"2695","69f0438cc141b27ed949788e",NA,NA,NA,NA,0
"2696","69f3d4f3fb7630947c56f1eb",NA,NA,NA,NA,0
"2697","69f6484996726366cacd162c",NA,NA,NA,NA,0
"2698","69f674db81cb46678aae6391",NA,NA,NA,NA,0
"2699","69f7b962446b32b08d58a1df",NA,NA,NA,NA,0
"2700","69f86a04fe802de5002bb70b",NA,NA,NA,NA,0
"2701","69f8db35f08d6c337883fcb4",NA,NA,NA,NA,0
"2702","69fb3314a5e95601464d1fea",NA,NA,NA,NA,0
"2703","69fb86296fb6f0919bf31075",NA,NA,NA,NA,0
"2704","69fcc8642de981c893eb6958",NA,NA,NA,NA,0
"2705","69fce9e45d612732dd1ae4e2",NA,NA,NA,NA,0
"2706","6a00b0ca46e3f2822d0349b6",NA,NA,NA,NA,0
"2707","6a00dbcc626a780a8e5c07a4",NA,NA,NA,NA,0
"2708","6a012d3c523e7311f4e55f61",NA,NA,NA,NA,0
"2709","6a01e843af8198a220b44a18",NA,NA,NA,NA,0
"2710","6a021dc98c730b8d3ce0deca",NA,NA,NA,NA,0
"2711","6a023ad806e8158958e73b75",NA,NA,NA,NA,0
"2712","6a05131f0ad03d07dd77178e",NA,NA,NA,NA,0
"2713","6a07687bad5809e8867bdffb",NA,NA,NA,NA,0
"2714","6a0a0fd9f370053c3505dc0f",NA,NA,NA,NA,0
"2715","6a0b756dd47d16a4c82f5589",NA,NA,NA,NA,0
"2716","6a0dfefeb75ae8ac09c192c6",NA,NA,NA,NA,0
"2717","6a0e2d716e90edf1ea83dce1",NA,NA,NA,NA,0
"2718","6a0fdfd2db4241c9e5eca29a",NA,NA,NA,NA,0
"2719","6a14434573bcee3f17b7f762",NA,NA,NA,NA,0
"2720","6a14c84872f3851ab32e8c01",NA,NA,NA,NA,0
"2721","6a14e67cf20909f60e34ae64",NA,NA,NA,NA,0
"2722","6a14ed7d826b3c0b54334269",NA,NA,NA,NA,0
"2723","6a150fcbc5238897c2c9408e",NA,NA,NA,NA,0
"2724","6a18b37c0157d881234ed29f",NA,NA,NA,NA,0
"2725","6a199661a2f63c5bf9835b2e",NA,NA,NA,NA,0
"2726","6a1a3e6d47ea4b557072cc4d",NA,NA,NA,NA,0
"2727","6a1ae40320c9511f890515f7",NA,NA,NA,NA,0
"2728","6a1b544246f12219f033d3c3",NA,NA,NA,NA,0
"2729","6a1cb95bf369926ac77ea9e5",NA,NA,NA,NA,0
"2730","6a1de36b3f5c6160ff6bf6a4",NA,NA,NA,NA,0
"2731","6a1f832105dd8c89b5e930ad",NA,NA,NA,NA,0
"2732","6a2222ff6e1036656b0d5d08",NA,NA,NA,NA,0
"2733","6a232745f21e165e2b54ed58",NA,NA,NA,NA,0
"2734","6a2482e9af72b55296872b0d",NA,NA,NA,NA,0
"2735","6a2589e7b0645f2f7f1cc52c",NA,NA,NA,NA,0
"2736","6a3607f677860830aca5bdeb",NA,NA,NA,NA,0
"2737","62c5f85ccf34c8d9c0650f6e",NA,NA,NA,NA,0
"2738","661c09a749790db73f8faba5",NA,NA,NA,NA,0
"2739","66315563a848526fcfa7555b",NA,NA,NA,NA,0
"2740","66da162f5538535e93490441",NA,NA,NA,NA,0
"2741","676956116c1a3416bf7b2afe",NA,NA,NA,NA,0
"2742","695ea002344d7ca1605c747a",NA,NA,NA,NA,0
"2743","6965bd850ce22095dd7a84ca",NA,NA,NA,NA,0
"2744","6978d830c5d415696508430d",NA,NA,NA,NA,0
"2745","6987875a0a8fa6ed9ef00726",NA,NA,NA,NA,0
"2746","699b610e2ba4bade6f39121b",NA,NA,NA,NA,0
"2747","699cebf39bc275a312ffd51c",NA,NA,NA,NA,0
"2748","699e3cc79b0d3d96b469ca49",NA,NA,NA,NA,0
"2749","69a0734d1d433d3694c8438f",NA,NA,NA,NA,0
"2750","69a6eb2bc679065ed1cecc51",NA,NA,NA,NA,0
"2751","69a8cff018bead25e4a5d848",NA,NA,NA,NA,0
"2752","69b5c6bdbcf55371066f5e73",NA,NA,NA,NA,0
"2753","69ba37faee13f176e7635323",NA,NA,NA,NA,0
"2754","69bdf2afe629d42bfc47997f",NA,NA,NA,NA,0
"2755","69c093d33989aa791c4e8b2d",NA,NA,NA,NA,0
"2756","69c1256faa88d6296c98d745",NA,NA,NA,NA,0
"2757","69c2f0033339865c279814ca",NA,NA,NA,NA,0
"2758","69c6ec3a92185003cf70ded5",NA,NA,NA,NA,0
"2759","69cc1fac2b52b1c4dd21cc7d",NA,NA,NA,NA,0
"2760","69cec122e3cb56c2e7000c6b",NA,NA,NA,NA,0
"2761","69d2a8765e19038ab2fc0f56",NA,NA,NA,NA,0
"2762","69d5632f4815bcc4cb7242bf",NA,NA,NA,NA,0
"2763","69daf476f6bc0d990581aca6",NA,NA,NA,NA,0
"2764","69dbf4749918745fc7d8e820",NA,NA,NA,NA,0
"2765","69dc76f0a77a620367d666ec",NA,NA,NA,NA,0
"2766","69dfe696c433039b7add8013",NA,NA,NA,NA,0
"2767","69e816058da70eddb5dbc3e1",NA,NA,NA,NA,0
"2768","69e957ad6c65e153a1c65ae2",NA,NA,NA,NA,0
"2769","69ed15278090fe4438301d5c",NA,NA,NA,NA,0
"2770","69efe0b03221edd72686c185",NA,NA,NA,NA,0
"2771","69f0438cc141b27ed949788e",NA,NA,NA,NA,0
"2772","69f3d4f3fb7630947c56f1eb",NA,NA,NA,NA,0
"2773","69f6484996726366cacd162c",NA,NA,NA,NA,0
"2774","69f674db81cb46678aae6391",NA,NA,NA,NA,0
"2775","69f7b962446b32b08d58a1df",NA,NA,NA,NA,0
"2776","69f86a04fe802de5002bb70b",NA,NA,NA,NA,0
"2777","69f8db35f08d6c337883fcb4",NA,NA,NA,NA,0
"2778","69fb3314a5e95601464d1fea",NA,NA,NA,NA,0
"2779","69fb86296fb6f0919bf31075",NA,NA,NA,NA,0
"2780","69fcc8642de981c893eb6958",NA,NA,NA,NA,0
"2781","69fce9e45d612732dd1ae4e2",NA,NA,NA,NA,0
"2782","6a00b0ca46e3f2822d0349b6",NA,NA,NA,NA,0
"2783","6a00dbcc626a780a8e5c07a4",NA,NA,NA,NA,0
"2784","6a012d3c523e7311f4e55f61",NA,NA,NA,NA,0
"2785","6a01e843af8198a220b44a18",NA,NA,NA,NA,0
"2786","6a021dc98c730b8d3ce0deca",NA,NA,NA,NA,0
"2787","6a023ad806e8158958e73b75",NA,NA,NA,NA,0
"2788","6a05131f0ad03d07dd77178e",NA,NA,NA,NA,0
"2789","6a07687bad5809e8867bdffb",NA,NA,NA,NA,0
"2790","6a0a0fd9f370053c3505dc0f",NA,NA,NA,NA,0
"2791","6a0b756dd47d16a4c82f5589",NA,NA,NA,NA,0
"2792","6a0dfefeb75ae8ac09c192c6",NA,NA,NA,NA,0
"2793","6a0e2d716e90edf1ea83dce1",NA,NA,NA,NA,0
"2794","6a0fdfd2db4241c9e5eca29a",NA,NA,NA,NA,0
"2795","6a14434573bcee3f17b7f762",NA,NA,NA,NA,0
"2796","6a14c84872f3851ab32e8c01",NA,NA,NA,NA,0
"2797","6a14e67cf20909f60e34ae64",NA,NA,NA,NA,0
"2798","6a14ed7d826b3c0b54334269",NA,NA,NA,NA,0
"2799","6a150fcbc5238897c2c9408e",NA,NA,NA,NA,0
"2800","6a18b37c0157d881234ed29f",NA,NA,NA,NA,0
"2801","6a199661a2f63c5bf9835b2e",NA,NA,NA,NA,0
"2802","6a1a3e6d47ea4b557072cc4d",NA,NA,NA,NA,0
"2803","6a1ae40320c9511f890515f7",NA,NA,NA,NA,0
"2804","6a1b544246f12219f033d3c3",NA,NA,NA,NA,0
"2805","6a1cb95bf369926ac77ea9e5",NA,NA,NA,NA,0
"2806","6a1de36b3f5c6160ff6bf6a4",NA,NA,NA,NA,0
"2807","6a1f832105dd8c89b5e930ad",NA,NA,NA,NA,0
"2808","6a2222ff6e1036656b0d5d08",NA,NA,NA,NA,0
"2809","6a232745f21e165e2b54ed58",NA,NA,NA,NA,0
"2810","6a2482e9af72b55296872b0d",NA,NA,NA,NA,0
"2811","6a2589e7b0645f2f7f1cc52c",NA,NA,NA,NA,0
"2812","6a3607f677860830aca5bdeb",NA,NA,NA,NA,0
"2813","62c5f85ccf34c8d9c0650f6e",NA,NA,NA,NA,0
"2814","661c09a749790db73f8faba5",NA,NA,NA,NA,0
"2815","66315563a848526fcfa7555b",NA,NA,NA,NA,0
"2816","66da162f5538535e93490441",NA,NA,NA,NA,0
"2817","676956116c1a3416bf7b2afe",NA,NA,NA,NA,0
"2818","695ea002344d7ca1605c747a",NA,NA,NA,NA,0
"2819","6965bd850ce22095dd7a84ca",NA,NA,NA,NA,0
"2820","6978d830c5d415696508430d",NA,NA,NA,NA,0
"2821","6987875a0a8fa6ed9ef00726",NA,NA,NA,NA,0
"2822","699b610e2ba4bade6f39121b",NA,NA,NA,NA,0
"2823","699cebf39bc275a312ffd51c",NA,NA,NA,NA,0
"2824","699e3cc79b0d3d96b469ca49",NA,NA,NA,NA,0
"2825","69a0734d1d433d3694c8438f",NA,NA,NA,NA,0
"2826","69a6eb2bc679065ed1cecc51",NA,NA,NA,NA,0
"2827","69a8cff018bead25e4a5d848",NA,NA,NA,NA,0
"2828","69b5c6bdbcf55371066f5e73",NA,NA,NA,NA,0
"2829","69ba37faee13f176e7635323",NA,NA,NA,NA,0
"2830","69bdf2afe629d42bfc47997f",NA,NA,NA,NA,0
"2831","69c093d33989aa791c4e8b2d",NA,NA,NA,NA,0
"2832","69c1256faa88d6296c98d745",NA,NA,NA,NA,0
"2833","69c2f0033339865c279814ca",NA,NA,NA,NA,0
"2834","69c6ec3a92185003cf70ded5",NA,NA,NA,NA,0
"2835","69cc1fac2b52b1c4dd21cc7d",NA,NA,NA,NA,0
"2836","69cec122e3cb56c2e7000c6b",NA,NA,NA,NA,0
"2837","69d2a8765e19038ab2fc0f56",NA,NA,NA,NA,0
"2838","69d5632f4815bcc4cb7242bf",NA,NA,NA,NA,0
"2839","69daf476f6bc0d990581aca6",NA,NA,NA,NA,0
"2840","69dbf4749918745fc7d8e820",NA,NA,NA,NA,0
"2841","69dc76f0a77a620367d666ec",NA,NA,NA,NA,0
"2842","69dfe696c433039b7add8013",NA,NA,NA,NA,0
"2843","69e816058da70eddb5dbc3e1",NA,NA,NA,NA,0
"2844","69e957ad6c65e153a1c65ae2",NA,NA,NA,NA,0
"2845","69ed15278090fe4438301d5c",NA,NA,NA,NA,0
"2846","69efe0b03221edd72686c185",NA,NA,NA,NA,0
"2847","69f0438cc141b27ed949788e",NA,NA,NA,NA,0
"2848","69f3d4f3fb7630947c56f1eb",NA,NA,NA,NA,0
"2849","69f6484996726366cacd162c",NA,NA,NA,NA,0
"2850","69f674db81cb46678aae6391",NA,NA,NA,NA,0
"2851","69f7b962446b32b08d58a1df",NA,NA,NA,NA,0
"2852","69f86a04fe802de5002bb70b",NA,NA,NA,NA,0
"2853","69f8db35f08d6c337883fcb4",NA,NA,NA,NA,0
"2854","69fb3314a5e95601464d1fea",NA,NA,NA,NA,0
"2855","69fb86296fb6f0919bf31075",NA,NA,NA,NA,0
"2856","69fcc8642de981c893eb6958",NA,NA,NA,NA,0
"2857","69fce9e45d612732dd1ae4e2",NA,NA,NA,NA,0
"2858","6a00b0ca46e3f2822d0349b6",NA,NA,NA,NA,0
"2859","6a00dbcc626a780a8e5c07a4",NA,NA,NA,NA,0
"2860","6a012d3c523e7311f4e55f61",NA,NA,NA,NA,0
"2861","6a01e843af8198a220b44a18",NA,NA,NA,NA,0
"2862","6a021dc98c730b8d3ce0deca",NA,NA,NA,NA,0
"2863","6a023ad806e8158958e73b75",NA,NA,NA,NA,0
"2864","6a05131f0ad03d07dd77178e",NA,NA,NA,NA,0
"2865","6a07687bad5809e8867bdffb",NA,NA,NA,NA,0
"2866","6a0a0fd9f370053c3505dc0f",NA,NA,NA,NA,0
"2867","6a0b756dd47d16a4c82f5589",NA,NA,NA,NA,0
"2868","6a0dfefeb75ae8ac09c192c6",NA,NA,NA,NA,0
"2869","6a0e2d716e90edf1ea83dce1",NA,NA,NA,NA,0
"2870","6a0fdfd2db4241c9e5eca29a",NA,NA,NA,NA,0
"2871","6a14434573bcee3f17b7f762",NA,NA,NA,NA,0
"2872","6a14c84872f3851ab32e8c01",NA,NA,NA,NA,0
"2873","6a14e67cf20909f60e34ae64",NA,NA,NA,NA,0
"2874","6a14ed7d826b3c0b54334269",NA,NA,NA,NA,0
"2875","6a150fcbc5238897c2c9408e",NA,NA,NA,NA,0
"2876","6a18b37c0157d881234ed29f",NA,NA,NA,NA,0
"2877","6a199661a2f63c5bf9835b2e",NA,NA,NA,NA,0
"2878","6a1a3e6d47ea4b557072cc4d",NA,NA,NA,NA,0
"2879","6a1ae40320c9511f890515f7",NA,NA,NA,NA,0
"2880","6a1b544246f12219f033d3c3",NA,NA,NA,NA,0
"2881","6a1cb95bf369926ac77ea9e5",NA,NA,NA,NA,0
"2882","6a1de36b3f5c6160ff6bf6a4",NA,NA,NA,NA,0
"2883","6a1f832105dd8c89b5e930ad",NA,NA,NA,NA,0
"2884","6a2222ff6e1036656b0d5d08",NA,NA,NA,NA,0
"2885","6a232745f21e165e2b54ed58",NA,NA,NA,NA,0
"2886","6a2482e9af72b55296872b0d",NA,NA,NA,NA,0
"2887","6a2589e7b0645f2f7f1cc52c",NA,NA,NA,NA,0
"2888","6a3607f677860830aca5bdeb",NA,NA,NA,NA,0
"2889","62c5f85ccf34c8d9c0650f6e",NA,NA,NA,NA,0
"2890","661c09a749790db73f8faba5",NA,NA,NA,NA,0
"2891","66315563a848526fcfa7555b",NA,NA,NA,NA,0
"2892","66da162f5538535e93490441",NA,NA,NA,NA,0
"2893","676956116c1a3416bf7b2afe",NA,NA,NA,NA,0
"2894","695ea002344d7ca1605c747a",NA,NA,NA,NA,0
"2895","6965bd850ce22095dd7a84ca",NA,NA,NA,NA,0
"2896","6978d830c5d415696508430d",NA,NA,NA,NA,0
"2897","6987875a0a8fa6ed9ef00726",NA,NA,NA,NA,0
"2898","699b610e2ba4bade6f39121b",NA,NA,NA,NA,0
"2899","699cebf39bc275a312ffd51c",NA,NA,NA,NA,0
"2900","699e3cc79b0d3d96b469ca49",NA,NA,NA,NA,0
"2901","69a0734d1d433d3694c8438f",NA,NA,NA,NA,0
"2902","69a6eb2bc679065ed1cecc51",NA,NA,NA,NA,0
"2903","69a8cff018bead25e4a5d848",NA,NA,NA,NA,0
"2904","69b5c6bdbcf55371066f5e73",NA,NA,NA,NA,0
"2905","69ba37faee13f176e7635323",NA,NA,NA,NA,0
"2906","69bdf2afe629d42bfc47997f",NA,NA,NA,NA,0
"2907","69c093d33989aa791c4e8b2d",NA,NA,NA,NA,0
"2908","69c1256faa88d6296c98d745",NA,NA,NA,NA,0
"2909","69c2f0033339865c279814ca",NA,NA,NA,NA,0
"2910","69c6ec3a92185003cf70ded5",NA,NA,NA,NA,0
"2911","69cc1fac2b52b1c4dd21cc7d",NA,NA,NA,NA,0
"2912","69cec122e3cb56c2e7000c6b",NA,NA,NA,NA,0
"2913","69d2a8765e19038ab2fc0f56",NA,NA,NA,NA,0
"2914","69d5632f4815bcc4cb7242bf",NA,NA,NA,NA,0
"2915","69daf476f6bc0d990581aca6",NA,NA,NA,NA,0
"2916","69dbf4749918745fc7d8e820",NA,NA,NA,NA,0
"2917","69dc76f0a77a620367d666ec",NA,NA,NA,NA,0
"2918","69dfe696c433039b7add8013",NA,NA,NA,NA,0
"2919","69e816058da70eddb5dbc3e1",NA,NA,NA,NA,0
"2920","69e957ad6c65e153a1c65ae2",NA,NA,NA,NA,0
"2921","69ed15278090fe4438301d5c",NA,NA,NA,NA,0
"2922","69efe0b03221edd72686c185",NA,NA,NA,NA,0
"2923","69f0438cc141b27ed949788e",NA,NA,NA,NA,0
"2924","69f3d4f3fb7630947c56f1eb",NA,NA,NA,NA,0
"2925","69f6484996726366cacd162c",NA,NA,NA,NA,0
"2926","69f674db81cb46678aae6391",NA,NA,NA,NA,0
"2927","69f7b962446b32b08d58a1df",NA,NA,NA,NA,0
"2928","69f86a04fe802de5002bb70b",NA,NA,NA,NA,0
"2929","69f8db35f08d6c337883fcb4",NA,NA,NA,NA,0
"2930","69fb3314a5e95601464d1fea",NA,NA,NA,NA,0
"2931","69fb86296fb6f0919bf31075",NA,NA,NA,NA,0
"2932","69fcc8642de981c893eb6958",NA,NA,NA,NA,0
"2933","69fce9e45d612732dd1ae4e2",NA,NA,NA,NA,0
"2934","6a00b0ca46e3f2822d0349b6",NA,NA,NA,NA,0
"2935","6a00dbcc626a780a8e5c07a4",NA,NA,NA,NA,0
"2936","6a012d3c523e7311f4e55f61",NA,NA,NA,NA,0
"2937","6a01e843af8198a220b44a18",NA,NA,NA,NA,0
"2938","6a021dc98c730b8d3ce0deca",NA,NA,NA,NA,0
"2939","6a023ad806e8158958e73b75",NA,NA,NA,NA,0
"2940","6a05131f0ad03d07dd77178e",NA,NA,NA,NA,0
"2941","6a07687bad5809e8867bdffb",NA,NA,NA,NA,0
"2942","6a0a0fd9f370053c3505dc0f",NA,NA,NA,NA,0
"2943","6a0b756dd47d16a4c82f5589",NA,NA,NA,NA,0
"2944","6a0dfefeb75ae8ac09c192c6",NA,NA,NA,NA,0
"2945","6a0e2d716e90edf1ea83dce1",NA,NA,NA,NA,0
"2946","6a0fdfd2db4241c9e5eca29a",NA,NA,NA,NA,0
"2947","6a14434573bcee3f17b7f762",NA,NA,NA,NA,0
"2948","6a14c84872f3851ab32e8c01",NA,NA,NA,NA,0
"2949","6a14e67cf20909f60e34ae64",NA,NA,NA,NA,0
"2950","6a14ed7d826b3c0b54334269",NA,NA,NA,NA,0
"2951","6a150fcbc5238897c2c9408e",NA,NA,NA,NA,0
"2952","6a18b37c0157d881234ed29f",NA,NA,NA,NA,0
"2953","6a199661a2f63c5bf9835b2e",NA,NA,NA,NA,0
"2954","6a1a3e6d47ea4b557072cc4d",NA,NA,NA,NA,0
"2955","6a1ae40320c9511f890515f7",NA,NA,NA,NA,0
"2956","6a1b544246f12219f033d3c3",NA,NA,NA,NA,0
"2957","6a1cb95bf369926ac77ea9e5",NA,NA,NA,NA,0
"2958","6a1de36b3f5c6160ff6bf6a4",NA,NA,NA,NA,0
"2959","6a1f832105dd8c89b5e930ad",NA,NA,NA,NA,0
"2960","6a2222ff6e1036656b0d5d08",NA,NA,NA,NA,0
"2961","6a232745f21e165e2b54ed58",NA,NA,NA,NA,0
"2962","6a2482e9af72b55296872b0d",NA,NA,NA,NA,0
"2963","6a2589e7b0645f2f7f1cc52c",NA,NA,NA,NA,0
"2964","6a3607f677860830aca5bdeb",NA,NA,NA,NA,0
"2965","62c5f85ccf34c8d9c0650f6e",NA,NA,NA,NA,0
"2966","661c09a749790db73f8faba5",NA,NA,NA,NA,0
"2967","66315563a848526fcfa7555b",NA,NA,NA,NA,0
"2968","66da162f5538535e93490441",NA,NA,NA,NA,0
"2969","676956116c1a3416bf7b2afe",NA,NA,NA,NA,0
"2970","695ea002344d7ca1605c747a",NA,NA,NA,NA,0
"2971","6965bd850ce22095dd7a84ca",NA,NA,NA,NA,0
"2972","6978d830c5d415696508430d",NA,NA,NA,NA,0
"2973","6987875a0a8fa6ed9ef00726",NA,NA,NA,NA,0
"2974","699b610e2ba4bade6f39121b",NA,NA,NA,NA,0
"2975","699cebf39bc275a312ffd51c",NA,NA,NA,NA,0
"2976","699e3cc79b0d3d96b469ca49",NA,NA,NA,NA,0
"2977","69a0734d1d433d3694c8438f",NA,NA,NA,NA,0
"2978","69a6eb2bc679065ed1cecc51",NA,NA,NA,NA,0
"2979","69a8cff018bead25e4a5d848",NA,NA,NA,NA,0
"2980","69b5c6bdbcf55371066f5e73",NA,NA,NA,NA,0
"2981","69ba37faee13f176e7635323",NA,NA,NA,NA,0
"2982","69bdf2afe629d42bfc47997f",NA,NA,NA,NA,0
"2983","69c093d33989aa791c4e8b2d",NA,NA,NA,NA,0
"2984","69c1256faa88d6296c98d745",NA,NA,NA,NA,0
"2985","69c2f0033339865c279814ca",NA,NA,NA,NA,0
"2986","69c6ec3a92185003cf70ded5",NA,NA,NA,NA,0
"2987","69cc1fac2b52b1c4dd21cc7d",NA,NA,NA,NA,0
"2988","69cec122e3cb56c2e7000c6b",NA,NA,NA,NA,0
"2989","69d2a8765e19038ab2fc0f56",NA,NA,NA,NA,0
"2990","69d5632f4815bcc4cb7242bf",NA,NA,NA,NA,0
"2991","69daf476f6bc0d990581aca6",NA,NA,NA,NA,0
"2992","69dbf4749918745fc7d8e820",NA,NA,NA,NA,0
"2993","69dc76f0a77a620367d666ec",NA,NA,NA,NA,0
"2994","69dfe696c433039b7add8013",NA,NA,NA,NA,0
"2995","69e816058da70eddb5dbc3e1",NA,NA,NA,NA,0
"2996","69e957ad6c65e153a1c65ae2",NA,NA,NA,NA,0
"2997","69ed15278090fe4438301d5c",NA,NA,NA,NA,0
"2998","69efe0b03221edd72686c185",NA,NA,NA,NA,0
"2999","69f0438cc141b27ed949788e",NA,NA,NA,NA,0
"3000","69f3d4f3fb7630947c56f1eb",NA,NA,NA,NA,0
"3001","69f6484996726366cacd162c",NA,NA,NA,NA,0
"3002","69f674db81cb46678aae6391",NA,NA,NA,NA,0
"3003","69f7b962446b32b08d58a1df",NA,NA,NA,NA,0
"3004","69f86a04fe802de5002bb70b",NA,NA,NA,NA,0
"3005","69f8db35f08d6c337883fcb4",NA,NA,NA,NA,0
"3006","69fb3314a5e95601464d1fea",NA,NA,NA,NA,0
"3007","69fb86296fb6f0919bf31075",NA,NA,NA,NA,0
"3008","69fcc8642de981c893eb6958",NA,NA,NA,NA,0
"3009","69fce9e45d612732dd1ae4e2",NA,NA,NA,NA,0
"3010","6a00b0ca46e3f2822d0349b6",NA,NA,NA,NA,0
"3011","6a00dbcc626a780a8e5c07a4",NA,NA,NA,NA,0
"3012","6a012d3c523e7311f4e55f61",NA,NA,NA,NA,0
"3013","6a01e843af8198a220b44a18",NA,NA,NA,NA,0
"3014","6a021dc98c730b8d3ce0deca",NA,NA,NA,NA,0
"3015","6a023ad806e8158958e73b75",NA,NA,NA,NA,0
"3016","6a05131f0ad03d07dd77178e",NA,NA,NA,NA,0
"3017","6a07687bad5809e8867bdffb",NA,NA,NA,NA,0
"3018","6a0a0fd9f370053c3505dc0f",NA,NA,NA,NA,0
"3019","6a0b756dd47d16a4c82f5589",NA,NA,NA,NA,0
"3020","6a0dfefeb75ae8ac09c192c6",NA,NA,NA,NA,0
"3021","6a0e2d716e90edf1ea83dce1",NA,NA,NA,NA,0
"3022","6a0fdfd2db4241c9e5eca29a",NA,NA,NA,NA,0
"3023","6a14434573bcee3f17b7f762",NA,NA,NA,NA,0
"3024","6a14c84872f3851ab32e8c01",NA,NA,NA,NA,0
"3025","6a14e67cf20909f60e34ae64",NA,NA,NA,NA,0
"3026","6a14ed7d826b3c0b54334269",NA,NA,NA,NA,0
"3027","6a150fcbc5238897c2c9408e",NA,NA,NA,NA,0
"3028","6a18b37c0157d881234ed29f",NA,NA,NA,NA,0
"3029","6a199661a2f63c5bf9835b2e",NA,NA,NA,NA,0
"3030","6a1a3e6d47ea4b557072cc4d",NA,NA,NA,NA,0
"3031","6a1ae40320c9511f890515f7",NA,NA,NA,NA,0
"3032","6a1b544246f12219f033d3c3",NA,NA,NA,NA,0
"3033","6a1cb95bf369926ac77ea9e5",NA,NA,NA,NA,0
"3034","6a1de36b3f5c6160ff6bf6a4",NA,NA,NA,NA,0
"3035","6a1f832105dd8c89b5e930ad",NA,NA,NA,NA,0
"3036","6a2222ff6e1036656b0d5d08",NA,NA,NA,NA,0
"3037","6a232745f21e165e2b54ed58",NA,NA,NA,NA,0
"3038","6a2482e9af72b55296872b0d",NA,NA,NA,NA,0
"3039","6a2589e7b0645f2f7f1cc52c",NA,NA,NA,NA,0
"3040","6a3607f677860830aca5bdeb",NA,NA,NA,NA,0
"3041","62c5f85ccf34c8d9c0650f6e",NA,NA,NA,NA,0
"3042","661c09a749790db73f8faba5",NA,NA,NA,NA,0
"3043","66315563a848526fcfa7555b",NA,NA,NA,NA,0
"3044","66da162f5538535e93490441",NA,NA,NA,NA,0
"3045","676956116c1a3416bf7b2afe",NA,NA,NA,NA,0
"3046","695ea002344d7ca1605c747a",NA,NA,NA,NA,0
"3047","6965bd850ce22095dd7a84ca",NA,NA,NA,NA,0
"3048","6978d830c5d415696508430d",NA,NA,NA,NA,0
"3049","6987875a0a8fa6ed9ef00726",NA,NA,NA,NA,0
"3050","699b610e2ba4bade6f39121b",NA,NA,NA,NA,0
"3051","699cebf39bc275a312ffd51c",NA,NA,NA,NA,0
"3052","699e3cc79b0d3d96b469ca49",NA,NA,NA,NA,0
"3053","69a0734d1d433d3694c8438f",NA,NA,NA,NA,0
"3054","69a6eb2bc679065ed1cecc51",NA,NA,NA,NA,0
"3055","69a8cff018bead25e4a5d848",NA,NA,NA,NA,0
"3056","69b5c6bdbcf55371066f5e73",NA,NA,NA,NA,0
"3057","69ba37faee13f176e7635323",NA,NA,NA,NA,0
"3058","69bdf2afe629d42bfc47997f",NA,NA,NA,NA,0
"3059","69c093d33989aa791c4e8b2d",NA,NA,NA,NA,0
"3060","69c1256faa88d6296c98d745",NA,NA,NA,NA,0
"3061","69c2f0033339865c279814ca",NA,NA,NA,NA,0
"3062","69c6ec3a92185003cf70ded5",NA,NA,NA,NA,0
"3063","69cc1fac2b52b1c4dd21cc7d",NA,NA,NA,NA,0
"3064","69cec122e3cb56c2e7000c6b",NA,NA,NA,NA,0
"3065","69d2a8765e19038ab2fc0f56",NA,NA,NA,NA,0
"3066","69d5632f4815bcc4cb7242bf",NA,NA,NA,NA,0
"3067","69daf476f6bc0d990581aca6",NA,NA,NA,NA,0
"3068","69dbf4749918745fc7d8e820",NA,NA,NA,NA,0
"3069","69dc76f0a77a620367d666ec",NA,NA,NA,NA,0
"3070","69dfe696c433039b7add8013",NA,NA,NA,NA,0
"3071","69e816058da70eddb5dbc3e1",NA,NA,NA,NA,0
"3072","69e957ad6c65e153a1c65ae2",NA,NA,NA,NA,0
"3073","69ed15278090fe4438301d5c",NA,NA,NA,NA,0
"3074","69efe0b03221edd72686c185",NA,NA,NA,NA,0
"3075","69f0438cc141b27ed949788e",NA,NA,NA,NA,0
"3076","69f3d4f3fb7630947c56f1eb",NA,NA,NA,NA,0
"3077","69f6484996726366cacd162c",NA,NA,NA,NA,0
"3078","69f674db81cb46678aae6391",NA,NA,NA,NA,0
"3079","69f7b962446b32b08d58a1df",NA,NA,NA,NA,0
"3080","69f86a04fe802de5002bb70b",NA,NA,NA,NA,0
"3081","69f8db35f08d6c337883fcb4",NA,NA,NA,NA,0
"3082","69fb3314a5e95601464d1fea",NA,NA,NA,NA,0
"3083","69fb86296fb6f0919bf31075",NA,NA,NA,NA,0
"3084","69fcc8642de981c893eb6958",NA,NA,NA,NA,0
"3085","69fce9e45d612732dd1ae4e2",NA,NA,NA,NA,0
"3086","6a00b0ca46e3f2822d0349b6",NA,NA,NA,NA,0
"3087","6a00dbcc626a780a8e5c07a4",NA,NA,NA,NA,0
"3088","6a012d3c523e7311f4e55f61",NA,NA,NA,NA,0
"3089","6a01e843af8198a220b44a18",NA,NA,NA,NA,0
"3090","6a021dc98c730b8d3ce0deca",NA,NA,NA,NA,0
"3091","6a023ad806e8158958e73b75",NA,NA,NA,NA,0
"3092","6a05131f0ad03d07dd77178e",NA,NA,NA,NA,0
"3093","6a07687bad5809e8867bdffb",NA,NA,NA,NA,0
"3094","6a0a0fd9f370053c3505dc0f",NA,NA,NA,NA,0
"3095","6a0b756dd47d16a4c82f5589",NA,NA,NA,NA,0
"3096","6a0dfefeb75ae8ac09c192c6",NA,NA,NA,NA,0
"3097","6a0e2d716e90edf1ea83dce1",NA,NA,NA,NA,0
"3098","6a0fdfd2db4241c9e5eca29a",NA,NA,NA,NA,0
"3099","6a14434573bcee3f17b7f762",NA,NA,NA,NA,0
"3100","6a14c84872f3851ab32e8c01",NA,NA,NA,NA,0
"3101","6a14e67cf20909f60e34ae64",NA,NA,NA,NA,0
"3102","6a14ed7d826b3c0b54334269",NA,NA,NA,NA,0
"3103","6a150fcbc5238897c2c9408e",NA,NA,NA,NA,0
"3104","6a18b37c0157d881234ed29f",NA,NA,NA,NA,0
"3105","6a199661a2f63c5bf9835b2e",NA,NA,NA,NA,0
"3106","6a1a3e6d47ea4b557072cc4d",NA,NA,NA,NA,0
"3107","6a1ae40320c9511f890515f7",NA,NA,NA,NA,0
"3108","6a1b544246f12219f033d3c3",NA,NA,NA,NA,0
"3109","6a1cb95bf369926ac77ea9e5",NA,NA,NA,NA,0
"3110","6a1de36b3f5c6160ff6bf6a4",NA,NA,NA,NA,0
"3111","6a1f832105dd8c89b5e930ad",NA,NA,NA,NA,0
"3112","6a2222ff6e1036656b0d5d08",NA,NA,NA,NA,0
"3113","6a232745f21e165e2b54ed58",NA,NA,NA,NA,0
"3114","6a2482e9af72b55296872b0d",NA,NA,NA,NA,0
"3115","6a2589e7b0645f2f7f1cc52c",NA,NA,NA,NA,0
"3116","6a3607f677860830aca5bdeb",NA,NA,NA,NA,0
"3117","62c5f85ccf34c8d9c0650f6e",NA,NA,NA,NA,0
"3118","661c09a749790db73f8faba5",NA,NA,NA,NA,0
"3119","66315563a848526fcfa7555b",NA,NA,NA,NA,0
"3120","66da162f5538535e93490441",NA,NA,NA,NA,0
"3121","676956116c1a3416bf7b2afe",NA,NA,NA,NA,0
"3122","695ea002344d7ca1605c747a",NA,NA,NA,NA,0
"3123","6965bd850ce22095dd7a84ca",NA,NA,NA,NA,0
"3124","6978d830c5d415696508430d",NA,NA,NA,NA,0
"3125","6987875a0a8fa6ed9ef00726",NA,NA,NA,NA,0
"3126","699b610e2ba4bade6f39121b",NA,NA,NA,NA,0
"3127","699cebf39bc275a312ffd51c",NA,NA,NA,NA,0
"3128","699e3cc79b0d3d96b469ca49",NA,NA,NA,NA,0
"3129","69a0734d1d433d3694c8438f",NA,NA,NA,NA,0
"3130","69a6eb2bc679065ed1cecc51",NA,NA,NA,NA,0
"3131","69a8cff018bead25e4a5d848",NA,NA,NA,NA,0
"3132","69b5c6bdbcf55371066f5e73",NA,NA,NA,NA,0
"3133","69ba37faee13f176e7635323",NA,NA,NA,NA,0
"3134","69bdf2afe629d42bfc47997f",NA,NA,NA,NA,0
"3135","69c093d33989aa791c4e8b2d",NA,NA,NA,NA,0
"3136","69c1256faa88d6296c98d745",NA,NA,NA,NA,0
"3137","69c2f0033339865c279814ca",NA,NA,NA,NA,0
"3138","69c6ec3a92185003cf70ded5",NA,NA,NA,NA,0
"3139","69cc1fac2b52b1c4dd21cc7d",NA,NA,NA,NA,0
"3140","69cec122e3cb56c2e7000c6b",NA,NA,NA,NA,0
"3141","69d2a8765e19038ab2fc0f56",NA,NA,NA,NA,0
"3142","69d5632f4815bcc4cb7242bf",NA,NA,NA,NA,0
"3143","69daf476f6bc0d990581aca6",NA,NA,NA,NA,0
"3144","69dbf4749918745fc7d8e820",NA,NA,NA,NA,0
"3145","69dc76f0a77a620367d666ec",NA,NA,NA,NA,0
"3146","69dfe696c433039b7add8013",NA,NA,NA,NA,0
"3147","69e816058da70eddb5dbc3e1",NA,NA,NA,NA,0
"3148","69e957ad6c65e153a1c65ae2",NA,NA,NA,NA,0
"3149","69ed15278090fe4438301d5c",NA,NA,NA,NA,0
"3150","69efe0b03221edd72686c185",NA,NA,NA,NA,0
"3151","69f0438cc141b27ed949788e",NA,NA,NA,NA,0
"3152","69f3d4f3fb7630947c56f1eb",NA,NA,NA,NA,0
"3153","69f6484996726366cacd162c",NA,NA,NA,NA,0
"3154","69f674db81cb46678aae6391",NA,NA,NA,NA,0
"3155","69f7b962446b32b08d58a1df",NA,NA,NA,NA,0
"3156","69f86a04fe802de5002bb70b",NA,NA,NA,NA,0
"3157","69f8db35f08d6c337883fcb4",NA,NA,NA,NA,0
"3158","69fb3314a5e95601464d1fea",NA,NA,NA,NA,0
"3159","69fb86296fb6f0919bf31075",NA,NA,NA,NA,0
"3160","69fcc8642de981c893eb6958",NA,NA,NA,NA,0
"3161","69fce9e45d612732dd1ae4e2",NA,NA,NA,NA,0
"3162","6a00b0ca46e3f2822d0349b6",NA,NA,NA,NA,0
"3163","6a00dbcc626a780a8e5c07a4",NA,NA,NA,NA,0
"3164","6a012d3c523e7311f4e55f61",NA,NA,NA,NA,0
"3165","6a01e843af8198a220b44a18",NA,NA,NA,NA,0
"3166","6a021dc98c730b8d3ce0deca",NA,NA,NA,NA,0
"3167","6a023ad806e8158958e73b75",NA,NA,NA,NA,0
"3168","6a05131f0ad03d07dd77178e",NA,NA,NA,NA,0
"3169","6a07687bad5809e8867bdffb",NA,NA,NA,NA,0
"3170","6a0a0fd9f370053c3505dc0f",NA,NA,NA,NA,0
"3171","6a0b756dd47d16a4c82f5589",NA,NA,NA,NA,0
"3172","6a0dfefeb75ae8ac09c192c6",NA,NA,NA,NA,0
"3173","6a0e2d716e90edf1ea83dce1",NA,NA,NA,NA,0
"3174","6a0fdfd2db4241c9e5eca29a",NA,NA,NA,NA,0
"3175","6a14434573bcee3f17b7f762",NA,NA,NA,NA,0
"3176","6a14c84872f3851ab32e8c01",NA,NA,NA,NA,0
"3177","6a14e67cf20909f60e34ae64",NA,NA,NA,NA,0
"3178","6a14ed7d826b3c0b54334269",NA,NA,NA,NA,0
"3179","6a150fcbc5238897c2c9408e",NA,NA,NA,NA,0
"3180","6a18b37c0157d881234ed29f",NA,NA,NA,NA,0
"3181","6a199661a2f63c5bf9835b2e",NA,NA,NA,NA,0
"3182","6a1a3e6d47ea4b557072cc4d",NA,NA,NA,NA,0
"3183","6a1ae40320c9511f890515f7",NA,NA,NA,NA,0
"3184","6a1b544246f12219f033d3c3",NA,NA,NA,NA,0
"3185","6a1cb95bf369926ac77ea9e5",NA,NA,NA,NA,0
"3186","6a1de36b3f5c6160ff6bf6a4",NA,NA,NA,NA,0
"3187","6a1f832105dd8c89b5e930ad",NA,NA,NA,NA,0
"3188","6a2222ff6e1036656b0d5d08",NA,NA,NA,NA,0
"3189","6a232745f21e165e2b54ed58",NA,NA,NA,NA,0
"3190","6a2482e9af72b55296872b0d",NA,NA,NA,NA,0
"3191","6a2589e7b0645f2f7f1cc52c",NA,NA,NA,NA,0
"3192","6a3607f677860830aca5bdeb",NA,NA,NA,NA,0
"3193","62c5f85ccf34c8d9c0650f6e",NA,NA,NA,NA,0
"3194","661c09a749790db73f8faba5",NA,NA,NA,NA,0
"3195","66315563a848526fcfa7555b",NA,NA,NA,NA,0
"3196","66da162f5538535e93490441",NA,NA,NA,NA,0
"3197","676956116c1a3416bf7b2afe",NA,NA,NA,NA,0
"3198","695ea002344d7ca1605c747a",NA,NA,NA,NA,0
"3199","6965bd850ce22095dd7a84ca",NA,NA,NA,NA,0
"3200","6978d830c5d415696508430d",NA,NA,NA,NA,0
"3201","6987875a0a8fa6ed9ef00726",NA,NA,NA,NA,0
"3202","699b610e2ba4bade6f39121b",NA,NA,NA,NA,0
"3203","699cebf39bc275a312ffd51c",NA,NA,NA,NA,0
"3204","699e3cc79b0d3d96b469ca49",NA,NA,NA,NA,0
"3205","69a0734d1d433d3694c8438f",NA,NA,NA,NA,0
"3206","69a6eb2bc679065ed1cecc51",NA,NA,NA,NA,0
"3207","69a8cff018bead25e4a5d848",NA,NA,NA,NA,0
"3208","69b5c6bdbcf55371066f5e73",NA,NA,NA,NA,0
"3209","69ba37faee13f176e7635323",NA,NA,NA,NA,0
"3210","69bdf2afe629d42bfc47997f",NA,NA,NA,NA,0
"3211","69c093d33989aa791c4e8b2d",NA,NA,NA,NA,0
"3212","69c1256faa88d6296c98d745",NA,NA,NA,NA,0
"3213","69c2f0033339865c279814ca",NA,NA,NA,NA,0
"3214","69c6ec3a92185003cf70ded5",NA,NA,NA,NA,0
"3215","69cc1fac2b52b1c4dd21cc7d",NA,NA,NA,NA,0
"3216","69cec122e3cb56c2e7000c6b",NA,NA,NA,NA,0
"3217","69d2a8765e19038ab2fc0f56",NA,NA,NA,NA,0
"3218","69d5632f4815bcc4cb7242bf",NA,NA,NA,NA,0
"3219","69daf476f6bc0d990581aca6",NA,NA,NA,NA,0
"3220","69dbf4749918745fc7d8e820",NA,NA,NA,NA,0
"3221","69dc76f0a77a620367d666ec",NA,NA,NA,NA,0
"3222","69dfe696c433039b7add8013",NA,NA,NA,NA,0
"3223","69e816058da70eddb5dbc3e1",NA,NA,NA,NA,0
"3224","69e957ad6c65e153a1c65ae2",NA,NA,NA,NA,0
"3225","69ed15278090fe4438301d5c",NA,NA,NA,NA,0
"3226","69efe0b03221edd72686c185",NA,NA,NA,NA,0
"3227","69f0438cc141b27ed949788e",NA,NA,NA,NA,0
"3228","69f3d4f3fb7630947c56f1eb",NA,NA,NA,NA,0
"3229","69f6484996726366cacd162c",NA,NA,NA,NA,0
"3230","69f674db81cb46678aae6391",NA,NA,NA,NA,0
"3231","69f7b962446b32b08d58a1df",NA,NA,NA,NA,0
"3232","69f86a04fe802de5002bb70b",NA,NA,NA,NA,0
"3233","69f8db35f08d6c337883fcb4",NA,NA,NA,NA,0
"3234","69fb3314a5e95601464d1fea",NA,NA,NA,NA,0
"3235","69fb86296fb6f0919bf31075",NA,NA,NA,NA,0
"3236","69fcc8642de981c893eb6958",NA,NA,NA,NA,0
"3237","69fce9e45d612732dd1ae4e2",NA,NA,NA,NA,0
"3238","6a00b0ca46e3f2822d0349b6",NA,NA,NA,NA,0
"3239","6a00dbcc626a780a8e5c07a4",NA,NA,NA,NA,0
"3240","6a012d3c523e7311f4e55f61",NA,NA,NA,NA,0
"3241","6a01e843af8198a220b44a18",NA,NA,NA,NA,0
"3242","6a021dc98c730b8d3ce0deca",NA,NA,NA,NA,0
"3243","6a023ad806e8158958e73b75",NA,NA,NA,NA,0
"3244","6a05131f0ad03d07dd77178e",NA,NA,NA,NA,0
"3245","6a07687bad5809e8867bdffb",NA,NA,NA,NA,0
"3246","6a0a0fd9f370053c3505dc0f",NA,NA,NA,NA,0
"3247","6a0b756dd47d16a4c82f5589",NA,NA,NA,NA,0
"3248","6a0dfefeb75ae8ac09c192c6",NA,NA,NA,NA,0
"3249","6a0e2d716e90edf1ea83dce1",NA,NA,NA,NA,0
"3250","6a0fdfd2db4241c9e5eca29a",NA,NA,NA,NA,0
"3251","6a14434573bcee3f17b7f762",NA,NA,NA,NA,0
"3252","6a14c84872f3851ab32e8c01",NA,NA,NA,NA,0
"3253","6a14e67cf20909f60e34ae64",NA,NA,NA,NA,0
"3254","6a14ed7d826b3c0b54334269",NA,NA,NA,NA,0
"3255","6a150fcbc5238897c2c9408e",NA,NA,NA,NA,0
"3256","6a18b37c0157d881234ed29f",NA,NA,NA,NA,0
"3257","6a199661a2f63c5bf9835b2e",NA,NA,NA,NA,0
"3258","6a1a3e6d47ea4b557072cc4d",NA,NA,NA,NA,0
"3259","6a1ae40320c9511f890515f7",NA,NA,NA,NA,0
"3260","6a1b544246f12219f033d3c3",NA,NA,NA,NA,0
"3261","6a1cb95bf369926ac77ea9e5",NA,NA,NA,NA,0
"3262","6a1de36b3f5c6160ff6bf6a4",NA,NA,NA,NA,0
"3263","6a1f832105dd8c89b5e930ad",NA,NA,NA,NA,0
"3264","6a2222ff6e1036656b0d5d08",NA,NA,NA,NA,0
"3265","6a232745f21e165e2b54ed58",NA,NA,NA,NA,0
"3266","6a2482e9af72b55296872b0d",NA,NA,NA,NA,0
"3267","6a2589e7b0645f2f7f1cc52c",NA,NA,NA,NA,0
"3268","6a3607f677860830aca5bdeb",NA,NA,NA,NA,0
"3269","62c5f85ccf34c8d9c0650f6e",NA,NA,NA,NA,0
"3270","661c09a749790db73f8faba5",NA,NA,NA,NA,0
"3271","66315563a848526fcfa7555b",NA,NA,NA,NA,0
"3272","66da162f5538535e93490441",NA,NA,NA,NA,0
"3273","676956116c1a3416bf7b2afe",NA,NA,NA,NA,0
"3274","695ea002344d7ca1605c747a",NA,NA,NA,NA,0
"3275","6965bd850ce22095dd7a84ca",NA,NA,NA,NA,0
"3276","6978d830c5d415696508430d",NA,NA,NA,NA,0
"3277","6987875a0a8fa6ed9ef00726",NA,NA,NA,NA,0
"3278","699b610e2ba4bade6f39121b",NA,NA,NA,NA,0
"3279","699cebf39bc275a312ffd51c",NA,NA,NA,NA,0
"3280","699e3cc79b0d3d96b469ca49",NA,NA,NA,NA,0
"3281","69a0734d1d433d3694c8438f",NA,NA,NA,NA,0
"3282","69a6eb2bc679065ed1cecc51",NA,NA,NA,NA,0
"3283","69a8cff018bead25e4a5d848",NA,NA,NA,NA,0
"3284","69b5c6bdbcf55371066f5e73",NA,NA,NA,NA,0
"3285","69ba37faee13f176e7635323",NA,NA,NA,NA,0
"3286","69bdf2afe629d42bfc47997f",NA,NA,NA,NA,0
"3287","69c093d33989aa791c4e8b2d",NA,NA,NA,NA,0
"3288","69c1256faa88d6296c98d745",NA,NA,NA,NA,0
"3289","69c2f0033339865c279814ca",NA,NA,NA,NA,0
"3290","69c6ec3a92185003cf70ded5",NA,NA,NA,NA,0
"3291","69cc1fac2b52b1c4dd21cc7d",NA,NA,NA,NA,0
"3292","69cec122e3cb56c2e7000c6b",NA,NA,NA,NA,0
"3293","69d2a8765e19038ab2fc0f56",NA,NA,NA,NA,0
"3294","69d5632f4815bcc4cb7242bf",NA,NA,NA,NA,0
"3295","69daf476f6bc0d990581aca6",NA,NA,NA,NA,0
"3296","69dbf4749918745fc7d8e820",NA,NA,NA,NA,0
"3297","69dc76f0a77a620367d666ec",NA,NA,NA,NA,0
"3298","69dfe696c433039b7add8013",NA,NA,NA,NA,0
"3299","69e816058da70eddb5dbc3e1",NA,NA,NA,NA,0
"3300","69e957ad6c65e153a1c65ae2",NA,NA,NA,NA,0
"3301","69ed15278090fe4438301d5c",NA,NA,NA,NA,0
"3302","69efe0b03221edd72686c185",NA,NA,NA,NA,0
"3303","69f0438cc141b27ed949788e",NA,NA,NA,NA,0
"3304","69f3d4f3fb7630947c56f1eb",NA,NA,NA,NA,0
"3305","69f6484996726366cacd162c",NA,NA,NA,NA,0
"3306","69f674db81cb46678aae6391",NA,NA,NA,NA,0
"3307","69f7b962446b32b08d58a1df",NA,NA,NA,NA,0
"3308","69f86a04fe802de5002bb70b",NA,NA,NA,NA,0
"3309","69f8db35f08d6c337883fcb4",NA,NA,NA,NA,0
"3310","69fb3314a5e95601464d1fea",NA,NA,NA,NA,0
"3311","69fb86296fb6f0919bf31075",NA,NA,NA,NA,0
"3312","69fcc8642de981c893eb6958",NA,NA,NA,NA,0
"3313","69fce9e45d612732dd1ae4e2",NA,NA,NA,NA,0
"3314","6a00b0ca46e3f2822d0349b6",NA,NA,NA,NA,0
"3315","6a00dbcc626a780a8e5c07a4",NA,NA,NA,NA,0
"3316","6a012d3c523e7311f4e55f61",NA,NA,NA,NA,0
"3317","6a01e843af8198a220b44a18",NA,NA,NA,NA,0
"3318","6a021dc98c730b8d3ce0deca",NA,NA,NA,NA,0
"3319","6a023ad806e8158958e73b75",NA,NA,NA,NA,0
"3320","6a05131f0ad03d07dd77178e",NA,NA,NA,NA,0
"3321","6a07687bad5809e8867bdffb",NA,NA,NA,NA,0
"3322","6a0a0fd9f370053c3505dc0f",NA,NA,NA,NA,0
"3323","6a0b756dd47d16a4c82f5589",NA,NA,NA,NA,0
"3324","6a0dfefeb75ae8ac09c192c6",NA,NA,NA,NA,0
"3325","6a0e2d716e90edf1ea83dce1",NA,NA,NA,NA,0
"3326","6a0fdfd2db4241c9e5eca29a",NA,NA,NA,NA,0
"3327","6a14434573bcee3f17b7f762",NA,NA,NA,NA,0
"3328","6a14c84872f3851ab32e8c01",NA,NA,NA,NA,0
"3329","6a14e67cf20909f60e34ae64",NA,NA,NA,NA,0
"3330","6a14ed7d826b3c0b54334269",NA,NA,NA,NA,0
"3331","6a150fcbc5238897c2c9408e",NA,NA,NA,NA,0
"3332","6a18b37c0157d881234ed29f",NA,NA,NA,NA,0
"3333","6a199661a2f63c5bf9835b2e",NA,NA,NA,NA,0
"3334","6a1a3e6d47ea4b557072cc4d",NA,NA,NA,NA,0
"3335","6a1ae40320c9511f890515f7",NA,NA,NA,NA,0
"3336","6a1b544246f12219f033d3c3",NA,NA,NA,NA,0
"3337","6a1cb95bf369926ac77ea9e5",NA,NA,NA,NA,0
"3338","6a1de36b3f5c6160ff6bf6a4",NA,NA,NA,NA,0
"3339","6a1f832105dd8c89b5e930ad",NA,NA,NA,NA,0
"3340","6a2222ff6e1036656b0d5d08",NA,NA,NA,NA,0
"3341","6a232745f21e165e2b54ed58",NA,NA,NA,NA,0
"3342","6a2482e9af72b55296872b0d",NA,NA,NA,NA,0
"3343","6a2589e7b0645f2f7f1cc52c",NA,NA,NA,NA,0
"3344","6a3607f677860830aca5bdeb",NA,NA,NA,NA,0
"3345","62c5f85ccf34c8d9c0650f6e",NA,NA,NA,NA,0
"3346","661c09a749790db73f8faba5",NA,NA,NA,NA,0
"3347","66315563a848526fcfa7555b",NA,NA,NA,NA,0
"3348","66da162f5538535e93490441",NA,NA,NA,NA,0
"3349","676956116c1a3416bf7b2afe",NA,NA,NA,NA,0
"3350","695ea002344d7ca1605c747a",NA,NA,NA,NA,0
"3351","6965bd850ce22095dd7a84ca",NA,NA,NA,NA,0
"3352","6978d830c5d415696508430d",NA,NA,NA,NA,0
"3353","6987875a0a8fa6ed9ef00726",NA,NA,NA,NA,0
"3354","699b610e2ba4bade6f39121b",NA,NA,NA,NA,0
"3355","699cebf39bc275a312ffd51c",NA,NA,NA,NA,0
"3356","699e3cc79b0d3d96b469ca49",NA,NA,NA,NA,0
"3357","69a0734d1d433d3694c8438f",NA,NA,NA,NA,0
"3358","69a6eb2bc679065ed1cecc51",NA,NA,NA,NA,0
"3359","69a8cff018bead25e4a5d848",NA,NA,NA,NA,0
"3360","69b5c6bdbcf55371066f5e73",NA,NA,NA,NA,0
"3361","69ba37faee13f176e7635323",NA,NA,NA,NA,0
"3362","69bdf2afe629d42bfc47997f",NA,NA,NA,NA,0
"3363","69c093d33989aa791c4e8b2d",NA,NA,NA,NA,0
"3364","69c1256faa88d6296c98d745",NA,NA,NA,NA,0
"3365","69c2f0033339865c279814ca",NA,NA,NA,NA,0
"3366","69c6ec3a92185003cf70ded5",NA,NA,NA,NA,0
"3367","69cc1fac2b52b1c4dd21cc7d",NA,NA,NA,NA,0
"3368","69cec122e3cb56c2e7000c6b",NA,NA,NA,NA,0
"3369","69d2a8765e19038ab2fc0f56",NA,NA,NA,NA,0
"3370","69d5632f4815bcc4cb7242bf",NA,NA,NA,NA,0
"3371","69daf476f6bc0d990581aca6",NA,NA,NA,NA,0
"3372","69dbf4749918745fc7d8e820",NA,NA,NA,NA,0
"3373","69dc76f0a77a620367d666ec",NA,NA,NA,NA,0
"3374","69dfe696c433039b7add8013",NA,NA,NA,NA,0
"3375","69e816058da70eddb5dbc3e1",NA,NA,NA,NA,0
"3376","69e957ad6c65e153a1c65ae2",NA,NA,NA,NA,0
"3377","69ed15278090fe4438301d5c",NA,NA,NA,NA,0
"3378","69efe0b03221edd72686c185",NA,NA,NA,NA,0
"3379","69f0438cc141b27ed949788e",NA,NA,NA,NA,0
"3380","69f3d4f3fb7630947c56f1eb",NA,NA,NA,NA,0
"3381","69f6484996726366cacd162c",NA,NA,NA,NA,0
"3382","69f674db81cb46678aae6391",NA,NA,NA,NA,0
"3383","69f7b962446b32b08d58a1df",NA,NA,NA,NA,0
"3384","69f86a04fe802de5002bb70b",NA,NA,NA,NA,0
"3385","69f8db35f08d6c337883fcb4",NA,NA,NA,NA,0
"3386","69fb3314a5e95601464d1fea",NA,NA,NA,NA,0
"3387","69fb86296fb6f0919bf31075",NA,NA,NA,NA,0
"3388","69fcc8642de981c893eb6958",NA,NA,NA,NA,0
"3389","69fce9e45d612732dd1ae4e2",NA,NA,NA,NA,0
"3390","6a00b0ca46e3f2822d0349b6",NA,NA,NA,NA,0
"3391","6a00dbcc626a780a8e5c07a4",NA,NA,NA,NA,0
"3392","6a012d3c523e7311f4e55f61",NA,NA,NA,NA,0
"3393","6a01e843af8198a220b44a18",NA,NA,NA,NA,0
"3394","6a021dc98c730b8d3ce0deca",NA,NA,NA,NA,0
"3395","6a023ad806e8158958e73b75",NA,NA,NA,NA,0
"3396","6a05131f0ad03d07dd77178e",NA,NA,NA,NA,0
"3397","6a07687bad5809e8867bdffb",NA,NA,NA,NA,0
"3398","6a0a0fd9f370053c3505dc0f",NA,NA,NA,NA,0
"3399","6a0b756dd47d16a4c82f5589",NA,NA,NA,NA,0
"3400","6a0dfefeb75ae8ac09c192c6",NA,NA,NA,NA,0
"3401","6a0e2d716e90edf1ea83dce1",NA,NA,NA,NA,0
"3402","6a0fdfd2db4241c9e5eca29a",NA,NA,NA,NA,0
"3403","6a14434573bcee3f17b7f762",NA,NA,NA,NA,0
"3404","6a14c84872f3851ab32e8c01",NA,NA,NA,NA,0
"3405","6a14e67cf20909f60e34ae64",NA,NA,NA,NA,0
"3406","6a14ed7d826b3c0b54334269",NA,NA,NA,NA,0
"3407","6a150fcbc5238897c2c9408e",NA,NA,NA,NA,0
"3408","6a18b37c0157d881234ed29f",NA,NA,NA,NA,0
"3409","6a199661a2f63c5bf9835b2e",NA,NA,NA,NA,0
"3410","6a1a3e6d47ea4b557072cc4d",NA,NA,NA,NA,0
"3411","6a1ae40320c9511f890515f7",NA,NA,NA,NA,0
"3412","6a1b544246f12219f033d3c3",NA,NA,NA,NA,0
"3413","6a1cb95bf369926ac77ea9e5",NA,NA,NA,NA,0
"3414","6a1de36b3f5c6160ff6bf6a4",NA,NA,NA,NA,0
"3415","6a1f832105dd8c89b5e930ad",NA,NA,NA,NA,0
"3416","6a2222ff6e1036656b0d5d08",NA,NA,NA,NA,0
"3417","6a232745f21e165e2b54ed58",NA,NA,NA,NA,0
"3418","6a2482e9af72b55296872b0d",NA,NA,NA,NA,0
"3419","6a2589e7b0645f2f7f1cc52c",NA,NA,NA,NA,0
"3420","6a3607f677860830aca5bdeb",NA,NA,NA,NA,0
"3421","62c5f85ccf34c8d9c0650f6e",NA,NA,NA,NA,0
"3422","661c09a749790db73f8faba5",NA,NA,NA,NA,0
"3423","66315563a848526fcfa7555b",NA,NA,NA,NA,0
"3424","66da162f5538535e93490441",NA,NA,NA,NA,0
"3425","676956116c1a3416bf7b2afe",NA,NA,NA,NA,0
"3426","695ea002344d7ca1605c747a",NA,NA,NA,NA,0
"3427","6965bd850ce22095dd7a84ca",NA,NA,NA,NA,0
"3428","6978d830c5d415696508430d",NA,NA,NA,NA,0
"3429","6987875a0a8fa6ed9ef00726",NA,NA,NA,NA,0
"3430","699b610e2ba4bade6f39121b",NA,NA,NA,NA,0
"3431","699cebf39bc275a312ffd51c",NA,NA,NA,NA,0
"3432","699e3cc79b0d3d96b469ca49",NA,NA,NA,NA,0
"3433","69a0734d1d433d3694c8438f",NA,NA,NA,NA,0
"3434","69a6eb2bc679065ed1cecc51",NA,NA,NA,NA,0
"3435","69a8cff018bead25e4a5d848",NA,NA,NA,NA,0
"3436","69b5c6bdbcf55371066f5e73",NA,NA,NA,NA,0
"3437","69ba37faee13f176e7635323",NA,NA,NA,NA,0
"3438","69bdf2afe629d42bfc47997f",NA,NA,NA,NA,0
"3439","69c093d33989aa791c4e8b2d",NA,NA,NA,NA,0
"3440","69c1256faa88d6296c98d745",NA,NA,NA,NA,0
"3441","69c2f0033339865c279814ca",NA,NA,NA,NA,0
"3442","69c6ec3a92185003cf70ded5",NA,NA,NA,NA,0
"3443","69cc1fac2b52b1c4dd21cc7d",NA,NA,NA,NA,0
"3444","69cec122e3cb56c2e7000c6b",NA,NA,NA,NA,0
"3445","69d2a8765e19038ab2fc0f56",NA,NA,NA,NA,0
"3446","69d5632f4815bcc4cb7242bf",NA,NA,NA,NA,0
"3447","69daf476f6bc0d990581aca6",NA,NA,NA,NA,0
"3448","69dbf4749918745fc7d8e820",NA,NA,NA,NA,0
"3449","69dc76f0a77a620367d666ec",NA,NA,NA,NA,0
"3450","69dfe696c433039b7add8013",NA,NA,NA,NA,0
"3451","69e816058da70eddb5dbc3e1",NA,NA,NA,NA,0
"3452","69e957ad6c65e153a1c65ae2",NA,NA,NA,NA,0
"3453","69ed15278090fe4438301d5c",NA,NA,NA,NA,0
"3454","69efe0b03221edd72686c185",NA,NA,NA,NA,0
"3455","69f0438cc141b27ed949788e",NA,NA,NA,NA,0
"3456","69f3d4f3fb7630947c56f1eb",NA,NA,NA,NA,0
"3457","69f6484996726366cacd162c",NA,NA,NA,NA,0
"3458","69f674db81cb46678aae6391",NA,NA,NA,NA,0
"3459","69f7b962446b32b08d58a1df",NA,NA,NA,NA,0
"3460","69f86a04fe802de5002bb70b",NA,NA,NA,NA,0
"3461","69f8db35f08d6c337883fcb4",NA,NA,NA,NA,0
"3462","69fb3314a5e95601464d1fea",NA,NA,NA,NA,0
"3463","69fb86296fb6f0919bf31075",NA,NA,NA,NA,0
"3464","69fcc8642de981c893eb6958",NA,NA,NA,NA,0
"3465","69fce9e45d612732dd1ae4e2",NA,NA,NA,NA,0
"3466","6a00b0ca46e3f2822d0349b6",NA,NA,NA,NA,0
"3467","6a00dbcc626a780a8e5c07a4",NA,NA,NA,NA,0
"3468","6a012d3c523e7311f4e55f61",NA,NA,NA,NA,0
"3469","6a01e843af8198a220b44a18",NA,NA,NA,NA,0
"3470","6a021dc98c730b8d3ce0deca",NA,NA,NA,NA,0
"3471","6a023ad806e8158958e73b75",NA,NA,NA,NA,0
"3472","6a05131f0ad03d07dd77178e",NA,NA,NA,NA,0
"3473","6a07687bad5809e8867bdffb",NA,NA,NA,NA,0
"3474","6a0a0fd9f370053c3505dc0f",NA,NA,NA,NA,0
"3475","6a0b756dd47d16a4c82f5589",NA,NA,NA,NA,0
"3476","6a0dfefeb75ae8ac09c192c6",NA,NA,NA,NA,0
"3477","6a0e2d716e90edf1ea83dce1",NA,NA,NA,NA,0
"3478","6a0fdfd2db4241c9e5eca29a",NA,NA,NA,NA,0
"3479","6a14434573bcee3f17b7f762",NA,NA,NA,NA,0
"3480","6a14c84872f3851ab32e8c01",NA,NA,NA,NA,0
"3481","6a14e67cf20909f60e34ae64",NA,NA,NA,NA,0
"3482","6a14ed7d826b3c0b54334269",NA,NA,NA,NA,0
"3483","6a150fcbc5238897c2c9408e",NA,NA,NA,NA,0
"3484","6a18b37c0157d881234ed29f",NA,NA,NA,NA,0
"3485","6a199661a2f63c5bf9835b2e",NA,NA,NA,NA,0
"3486","6a1a3e6d47ea4b557072cc4d",NA,NA,NA,NA,0
"3487","6a1ae40320c9511f890515f7",NA,NA,NA,NA,0
"3488","6a1b544246f12219f033d3c3",NA,NA,NA,NA,0
"3489","6a1cb95bf369926ac77ea9e5",NA,NA,NA,NA,0
"3490","6a1de36b3f5c6160ff6bf6a4",NA,NA,NA,NA,0
"3491","6a1f832105dd8c89b5e930ad",NA,NA,NA,NA,0
"3492","6a2222ff6e1036656b0d5d08",NA,NA,NA,NA,0
"3493","6a232745f21e165e2b54ed58",NA,NA,NA,NA,0
"3494","6a2482e9af72b55296872b0d",NA,NA,NA,NA,0
"3495","6a2589e7b0645f2f7f1cc52c",NA,NA,NA,NA,0
"3496","6a3607f677860830aca5bdeb",NA,NA,NA,NA,0
"3497","62c5f85ccf34c8d9c0650f6e",NA,NA,NA,NA,0
"3498","661c09a749790db73f8faba5",NA,NA,NA,NA,0
"3499","66315563a848526fcfa7555b",NA,NA,NA,NA,0
"3500","66da162f5538535e93490441",NA,NA,NA,NA,0
"3501","676956116c1a3416bf7b2afe",NA,NA,NA,NA,0
"3502","695ea002344d7ca1605c747a",NA,NA,NA,NA,0
"3503","6965bd850ce22095dd7a84ca",NA,NA,NA,NA,0
"3504","6978d830c5d415696508430d",NA,NA,NA,NA,0
"3505","6987875a0a8fa6ed9ef00726",NA,NA,NA,NA,0
"3506","699b610e2ba4bade6f39121b",NA,NA,NA,NA,0
"3507","699cebf39bc275a312ffd51c",NA,NA,NA,NA,0
"3508","699e3cc79b0d3d96b469ca49",NA,NA,NA,NA,0
"3509","69a0734d1d433d3694c8438f",NA,NA,NA,NA,0
"3510","69a6eb2bc679065ed1cecc51",NA,NA,NA,NA,0
"3511","69a8cff018bead25e4a5d848",NA,NA,NA,NA,0
"3512","69b5c6bdbcf55371066f5e73",NA,NA,NA,NA,0
"3513","69ba37faee13f176e7635323",NA,NA,NA,NA,0
"3514","69bdf2afe629d42bfc47997f",NA,NA,NA,NA,0
"3515","69c093d33989aa791c4e8b2d",NA,NA,NA,NA,0
"3516","69c1256faa88d6296c98d745",NA,NA,NA,NA,0
"3517","69c2f0033339865c279814ca",NA,NA,NA,NA,0
"3518","69c6ec3a92185003cf70ded5",NA,NA,NA,NA,0
"3519","69cc1fac2b52b1c4dd21cc7d",NA,NA,NA,NA,0
"3520","69cec122e3cb56c2e7000c6b",NA,NA,NA,NA,0
"3521","69d2a8765e19038ab2fc0f56",NA,NA,NA,NA,0
"3522","69d5632f4815bcc4cb7242bf",NA,NA,NA,NA,0
"3523","69daf476f6bc0d990581aca6",NA,NA,NA,NA,0
"3524","69dbf4749918745fc7d8e820",NA,NA,NA,NA,0
"3525","69dc76f0a77a620367d666ec",NA,NA,NA,NA,0
"3526","69dfe696c433039b7add8013",NA,NA,NA,NA,0
"3527","69e816058da70eddb5dbc3e1",NA,NA,NA,NA,0
"3528","69e957ad6c65e153a1c65ae2",NA,NA,NA,NA,0
"3529","69ed15278090fe4438301d5c",NA,NA,NA,NA,0
"3530","69efe0b03221edd72686c185",NA,NA,NA,NA,0
"3531","69f0438cc141b27ed949788e",NA,NA,NA,NA,0
"3532","69f3d4f3fb7630947c56f1eb",NA,NA,NA,NA,0
"3533","69f6484996726366cacd162c",NA,NA,NA,NA,0
"3534","69f674db81cb46678aae6391",NA,NA,NA,NA,0
"3535","69f7b962446b32b08d58a1df",NA,NA,NA,NA,0
"3536","69f86a04fe802de5002bb70b",NA,NA,NA,NA,0
"3537","69f8db35f08d6c337883fcb4",NA,NA,NA,NA,0
"3538","69fb3314a5e95601464d1fea",NA,NA,NA,NA,0
"3539","69fb86296fb6f0919bf31075",NA,NA,NA,NA,0
"3540","69fcc8642de981c893eb6958",NA,NA,NA,NA,0
"3541","69fce9e45d612732dd1ae4e2",NA,NA,NA,NA,0
"3542","6a00b0ca46e3f2822d0349b6",NA,NA,NA,NA,0
"3543","6a00dbcc626a780a8e5c07a4",NA,NA,NA,NA,0
"3544","6a012d3c523e7311f4e55f61",NA,NA,NA,NA,0
"3545","6a01e843af8198a220b44a18",NA,NA,NA,NA,0
"3546","6a021dc98c730b8d3ce0deca",NA,NA,NA,NA,0
"3547","6a023ad806e8158958e73b75",NA,NA,NA,NA,0
"3548","6a05131f0ad03d07dd77178e",NA,NA,NA,NA,0
"3549","6a07687bad5809e8867bdffb",NA,NA,NA,NA,0
"3550","6a0a0fd9f370053c3505dc0f",NA,NA,NA,NA,0
"3551","6a0b756dd47d16a4c82f5589",NA,NA,NA,NA,0
"3552","6a0dfefeb75ae8ac09c192c6",NA,NA,NA,NA,0
"3553","6a0e2d716e90edf1ea83dce1",NA,NA,NA,NA,0
"3554","6a0fdfd2db4241c9e5eca29a",NA,NA,NA,NA,0
"3555","6a14434573bcee3f17b7f762",NA,NA,NA,NA,0
"3556","6a14c84872f3851ab32e8c01",NA,NA,NA,NA,0
"3557","6a14e67cf20909f60e34ae64",NA,NA,NA,NA,0
"3558","6a14ed7d826b3c0b54334269",NA,NA,NA,NA,0
"3559","6a150fcbc5238897c2c9408e",NA,NA,NA,NA,0
"3560","6a18b37c0157d881234ed29f",NA,NA,NA,NA,0
"3561","6a199661a2f63c5bf9835b2e",NA,NA,NA,NA,0
"3562","6a1a3e6d47ea4b557072cc4d",NA,NA,NA,NA,0
"3563","6a1ae40320c9511f890515f7",NA,NA,NA,NA,0
"3564","6a1b544246f12219f033d3c3",NA,NA,NA,NA,0
"3565","6a1cb95bf369926ac77ea9e5",NA,NA,NA,NA,0
"3566","6a1de36b3f5c6160ff6bf6a4",NA,NA,NA,NA,0
"3567","6a1f832105dd8c89b5e930ad",NA,NA,NA,NA,0
"3568","6a2222ff6e1036656b0d5d08",NA,NA,NA,NA,0
"3569","6a232745f21e165e2b54ed58",NA,NA,NA,NA,0
"3570","6a2482e9af72b55296872b0d",NA,NA,NA,NA,0
"3571","6a2589e7b0645f2f7f1cc52c",NA,NA,NA,NA,0
"3572","6a3607f677860830aca5bdeb",NA,NA,NA,NA,0
"3573","62c5f85ccf34c8d9c0650f6e",NA,NA,NA,NA,0
"3574","661c09a749790db73f8faba5",NA,NA,NA,NA,0
"3575","66315563a848526fcfa7555b",NA,NA,NA,NA,0
"3576","66da162f5538535e93490441",NA,NA,NA,NA,0
"3577","676956116c1a3416bf7b2afe",NA,NA,NA,NA,0
"3578","695ea002344d7ca1605c747a",NA,NA,NA,NA,0
"3579","6965bd850ce22095dd7a84ca",NA,NA,NA,NA,0
"3580","6978d830c5d415696508430d",NA,NA,NA,NA,0
"3581","6987875a0a8fa6ed9ef00726",NA,NA,NA,NA,0
"3582","699b610e2ba4bade6f39121b",NA,NA,NA,NA,0
"3583","699cebf39bc275a312ffd51c",NA,NA,NA,NA,0
"3584","699e3cc79b0d3d96b469ca49",NA,NA,NA,NA,0
"3585","69a0734d1d433d3694c8438f",NA,NA,NA,NA,0
"3586","69a6eb2bc679065ed1cecc51",NA,NA,NA,NA,0
"3587","69a8cff018bead25e4a5d848",NA,NA,NA,NA,0
"3588","69b5c6bdbcf55371066f5e73",NA,NA,NA,NA,0
"3589","69ba37faee13f176e7635323",NA,NA,NA,NA,0
"3590","69bdf2afe629d42bfc47997f",NA,NA,NA,NA,0
"3591","69c093d33989aa791c4e8b2d",NA,NA,NA,NA,0
"3592","69c1256faa88d6296c98d745",NA,NA,NA,NA,0
"3593","69c2f0033339865c279814ca",NA,NA,NA,NA,0
"3594","69c6ec3a92185003cf70ded5",NA,NA,NA,NA,0
"3595","69cc1fac2b52b1c4dd21cc7d",NA,NA,NA,NA,0
"3596","69cec122e3cb56c2e7000c6b",NA,NA,NA,NA,0
"3597","69d2a8765e19038ab2fc0f56",NA,NA,NA,NA,0
"3598","69d5632f4815bcc4cb7242bf",NA,NA,NA,NA,0
"3599","69daf476f6bc0d990581aca6",NA,NA,NA,NA,0
"3600","69dbf4749918745fc7d8e820",NA,NA,NA,NA,0
"3601","69dc76f0a77a620367d666ec",NA,NA,NA,NA,0
"3602","69dfe696c433039b7add8013",NA,NA,NA,NA,0
"3603","69e816058da70eddb5dbc3e1",NA,NA,NA,NA,0
"3604","69e957ad6c65e153a1c65ae2",NA,NA,NA,NA,0
"3605","69ed15278090fe4438301d5c",NA,NA,NA,NA,0
"3606","69efe0b03221edd72686c185",NA,NA,NA,NA,0
"3607","69f0438cc141b27ed949788e",NA,NA,NA,NA,0
"3608","69f3d4f3fb7630947c56f1eb",NA,NA,NA,NA,0
"3609","69f6484996726366cacd162c",NA,NA,NA,NA,0
"3610","69f674db81cb46678aae6391",NA,NA,NA,NA,0
"3611","69f7b962446b32b08d58a1df",NA,NA,NA,NA,0
"3612","69f86a04fe802de5002bb70b",NA,NA,NA,NA,0
"3613","69f8db35f08d6c337883fcb4",NA,NA,NA,NA,0
"3614","69fb3314a5e95601464d1fea",NA,NA,NA,NA,0
"3615","69fb86296fb6f0919bf31075",NA,NA,NA,NA,0
"3616","69fcc8642de981c893eb6958",NA,NA,NA,NA,0
"3617","69fce9e45d612732dd1ae4e2",NA,NA,NA,NA,0
"3618","6a00b0ca46e3f2822d0349b6",NA,NA,NA,NA,0
"3619","6a00dbcc626a780a8e5c07a4",NA,NA,NA,NA,0
"3620","6a012d3c523e7311f4e55f61",NA,NA,NA,NA,0
"3621","6a01e843af8198a220b44a18",NA,NA,NA,NA,0
"3622","6a021dc98c730b8d3ce0deca",NA,NA,NA,NA,0
"3623","6a023ad806e8158958e73b75",NA,NA,NA,NA,0
"3624","6a05131f0ad03d07dd77178e",NA,NA,NA,NA,0
"3625","6a07687bad5809e8867bdffb",NA,NA,NA,NA,0
"3626","6a0a0fd9f370053c3505dc0f",NA,NA,NA,NA,0
"3627","6a0b756dd47d16a4c82f5589",NA,NA,NA,NA,0
"3628","6a0dfefeb75ae8ac09c192c6",NA,NA,NA,NA,0
"3629","6a0e2d716e90edf1ea83dce1",NA,NA,NA,NA,0
"3630","6a0fdfd2db4241c9e5eca29a",NA,NA,NA,NA,0
"3631","6a14434573bcee3f17b7f762",NA,NA,NA,NA,0
"3632","6a14c84872f3851ab32e8c01",NA,NA,NA,NA,0
"3633","6a14e67cf20909f60e34ae64",NA,NA,NA,NA,0
"3634","6a14ed7d826b3c0b54334269",NA,NA,NA,NA,0
"3635","6a150fcbc5238897c2c9408e",NA,NA,NA,NA,0
"3636","6a18b37c0157d881234ed29f",NA,NA,NA,NA,0
"3637","6a199661a2f63c5bf9835b2e",NA,NA,NA,NA,0
"3638","6a1a3e6d47ea4b557072cc4d",NA,NA,NA,NA,0
"3639","6a1ae40320c9511f890515f7",NA,NA,NA,NA,0
"3640","6a1b544246f12219f033d3c3",NA,NA,NA,NA,0
"3641","6a1cb95bf369926ac77ea9e5",NA,NA,NA,NA,0
"3642","6a1de36b3f5c6160ff6bf6a4",NA,NA,NA,NA,0
"3643","6a1f832105dd8c89b5e930ad",NA,NA,NA,NA,0
"3644","6a2222ff6e1036656b0d5d08",NA,NA,NA,NA,0
"3645","6a232745f21e165e2b54ed58",NA,NA,NA,NA,0
"3646","6a2482e9af72b55296872b0d",NA,NA,NA,NA,0
"3647","6a2589e7b0645f2f7f1cc52c",NA,NA,NA,NA,0
"3648","6a3607f677860830aca5bdeb",NA,NA,NA,NA,0
"3649","62c5f85ccf34c8d9c0650f6e",NA,NA,NA,NA,0
"3650","661c09a749790db73f8faba5",NA,NA,NA,NA,0
"3651","66315563a848526fcfa7555b",NA,NA,NA,NA,0
"3652","66da162f5538535e93490441",NA,NA,NA,NA,0
"3653","676956116c1a3416bf7b2afe",NA,NA,NA,NA,0
"3654","695ea002344d7ca1605c747a",NA,NA,NA,NA,0
"3655","6965bd850ce22095dd7a84ca",NA,NA,NA,NA,0
"3656","6978d830c5d415696508430d",NA,NA,NA,NA,0
"3657","6987875a0a8fa6ed9ef00726",NA,NA,NA,NA,0
"3658","699b610e2ba4bade6f39121b",NA,NA,NA,NA,0
"3659","699cebf39bc275a312ffd51c",NA,NA,NA,NA,0
"3660","699e3cc79b0d3d96b469ca49",NA,NA,NA,NA,0
"3661","69a0734d1d433d3694c8438f",NA,NA,NA,NA,0
"3662","69a6eb2bc679065ed1cecc51",NA,NA,NA,NA,0
"3663","69a8cff018bead25e4a5d848",NA,NA,NA,NA,0
"3664","69b5c6bdbcf55371066f5e73",NA,NA,NA,NA,0
"3665","69ba37faee13f176e7635323",NA,NA,NA,NA,0
"3666","69bdf2afe629d42bfc47997f",NA,NA,NA,NA,0
"3667","69c093d33989aa791c4e8b2d",NA,NA,NA,NA,0
"3668","69c1256faa88d6296c98d745",NA,NA,NA,NA,0
"3669","69c2f0033339865c279814ca",NA,NA,NA,NA,0
"3670","69c6ec3a92185003cf70ded5",NA,NA,NA,NA,0
"3671","69cc1fac2b52b1c4dd21cc7d",NA,NA,NA,NA,0
"3672","69cec122e3cb56c2e7000c6b",NA,NA,NA,NA,0
"3673","69d2a8765e19038ab2fc0f56",NA,NA,NA,NA,0
"3674","69d5632f4815bcc4cb7242bf",NA,NA,NA,NA,0
"3675","69daf476f6bc0d990581aca6",NA,NA,NA,NA,0
"3676","69dbf4749918745fc7d8e820",NA,NA,NA,NA,0
"3677","69dc76f0a77a620367d666ec",NA,NA,NA,NA,0
"3678","69dfe696c433039b7add8013",NA,NA,NA,NA,0
"3679","69e816058da70eddb5dbc3e1",NA,NA,NA,NA,0
"3680","69e957ad6c65e153a1c65ae2",NA,NA,NA,NA,0
"3681","69ed15278090fe4438301d5c",NA,NA,NA,NA,0
"3682","69efe0b03221edd72686c185",NA,NA,NA,NA,0
"3683","69f0438cc141b27ed949788e",NA,NA,NA,NA,0
"3684","69f3d4f3fb7630947c56f1eb",NA,NA,NA,NA,0
"3685","69f6484996726366cacd162c",NA,NA,NA,NA,0
"3686","69f674db81cb46678aae6391",NA,NA,NA,NA,0
"3687","69f7b962446b32b08d58a1df",NA,NA,NA,NA,0
"3688","69f86a04fe802de5002bb70b",NA,NA,NA,NA,0
"3689","69f8db35f08d6c337883fcb4",NA,NA,NA,NA,0
"3690","69fb3314a5e95601464d1fea",NA,NA,NA,NA,0
"3691","69fb86296fb6f0919bf31075",NA,NA,NA,NA,0
"3692","69fcc8642de981c893eb6958",NA,NA,NA,NA,0
"3693","69fce9e45d612732dd1ae4e2",NA,NA,NA,NA,0
"3694","6a00b0ca46e3f2822d0349b6",NA,NA,NA,NA,0
"3695","6a00dbcc626a780a8e5c07a4",NA,NA,NA,NA,0
"3696","6a012d3c523e7311f4e55f61",NA,NA,NA,NA,0
"3697","6a01e843af8198a220b44a18",NA,NA,NA,NA,0
"3698","6a021dc98c730b8d3ce0deca",NA,NA,NA,NA,0
"3699","6a023ad806e8158958e73b75",NA,NA,NA,NA,0
"3700","6a05131f0ad03d07dd77178e",NA,NA,NA,NA,0
"3701","6a07687bad5809e8867bdffb",NA,NA,NA,NA,0
"3702","6a0a0fd9f370053c3505dc0f",NA,NA,NA,NA,0
"3703","6a0b756dd47d16a4c82f5589",NA,NA,NA,NA,0
"3704","6a0dfefeb75ae8ac09c192c6",NA,NA,NA,NA,0
"3705","6a0e2d716e90edf1ea83dce1",NA,NA,NA,NA,0
"3706","6a0fdfd2db4241c9e5eca29a",NA,NA,NA,NA,0
"3707","6a14434573bcee3f17b7f762",NA,NA,NA,NA,0
"3708","6a14c84872f3851ab32e8c01",NA,NA,NA,NA,0
"3709","6a14e67cf20909f60e34ae64",NA,NA,NA,NA,0
"3710","6a14ed7d826b3c0b54334269",NA,NA,NA,NA,0
"3711","6a150fcbc5238897c2c9408e",NA,NA,NA,NA,0
"3712","6a18b37c0157d881234ed29f",NA,NA,NA,NA,0
"3713","6a199661a2f63c5bf9835b2e",NA,NA,NA,NA,0
"3714","6a1a3e6d47ea4b557072cc4d",NA,NA,NA,NA,0
"3715","6a1ae40320c9511f890515f7",NA,NA,NA,NA,0
"3716","6a1b544246f12219f033d3c3",NA,NA,NA,NA,0
"3717","6a1cb95bf369926ac77ea9e5",NA,NA,NA,NA,0
"3718","6a1de36b3f5c6160ff6bf6a4",NA,NA,NA,NA,0
"3719","6a1f832105dd8c89b5e930ad",NA,NA,NA,NA,0
"3720","6a2222ff6e1036656b0d5d08",NA,NA,NA,NA,0
"3721","6a232745f21e165e2b54ed58",NA,NA,NA,NA,0
"3722","6a2482e9af72b55296872b0d",NA,NA,NA,NA,0
"3723","6a2589e7b0645f2f7f1cc52c",NA,NA,NA,NA,0
"3724","6a3607f677860830aca5bdeb",NA,NA,NA,NA,0
"3725","62c5f85ccf34c8d9c0650f6e",NA,NA,NA,NA,0
"3726","661c09a749790db73f8faba5",NA,NA,NA,NA,0
"3727","66315563a848526fcfa7555b",NA,NA,NA,NA,0
"3728","66da162f5538535e93490441",NA,NA,NA,NA,0
"3729","676956116c1a3416bf7b2afe",NA,NA,NA,NA,0
"3730","695ea002344d7ca1605c747a",NA,NA,NA,NA,0
"3731","6965bd850ce22095dd7a84ca",NA,NA,NA,NA,0
"3732","6978d830c5d415696508430d",NA,NA,NA,NA,0
"3733","6987875a0a8fa6ed9ef00726",NA,NA,NA,NA,0
"3734","699b610e2ba4bade6f39121b",NA,NA,NA,NA,0
"3735","699cebf39bc275a312ffd51c",NA,NA,NA,NA,0
"3736","699e3cc79b0d3d96b469ca49",NA,NA,NA,NA,0
"3737","69a0734d1d433d3694c8438f",NA,NA,NA,NA,0
"3738","69a6eb2bc679065ed1cecc51",NA,NA,NA,NA,0
"3739","69a8cff018bead25e4a5d848",NA,NA,NA,NA,0
"3740","69b5c6bdbcf55371066f5e73",NA,NA,NA,NA,0
"3741","69ba37faee13f176e7635323",NA,NA,NA,NA,0
"3742","69bdf2afe629d42bfc47997f",NA,NA,NA,NA,0
"3743","69c093d33989aa791c4e8b2d",NA,NA,NA,NA,0
"3744","69c1256faa88d6296c98d745",NA,NA,NA,NA,0
"3745","69c2f0033339865c279814ca",NA,NA,NA,NA,0
"3746","69c6ec3a92185003cf70ded5",NA,NA,NA,NA,0
"3747","69cc1fac2b52b1c4dd21cc7d",NA,NA,NA,NA,0
"3748","69cec122e3cb56c2e7000c6b",NA,NA,NA,NA,0
"3749","69d2a8765e19038ab2fc0f56",NA,NA,NA,NA,0
"3750","69d5632f4815bcc4cb7242bf",NA,NA,NA,NA,0
"3751","69daf476f6bc0d990581aca6",NA,NA,NA,NA,0
"3752","69dbf4749918745fc7d8e820",NA,NA,NA,NA,0
"3753","69dc76f0a77a620367d666ec",NA,NA,NA,NA,0
"3754","69dfe696c433039b7add8013",NA,NA,NA,NA,0
"3755","69e816058da70eddb5dbc3e1",NA,NA,NA,NA,0
"3756","69e957ad6c65e153a1c65ae2",NA,NA,NA,NA,0
"3757","69ed15278090fe4438301d5c",NA,NA,NA,NA,0
"3758","69efe0b03221edd72686c185",NA,NA,NA,NA,0
"3759","69f0438cc141b27ed949788e",NA,NA,NA,NA,0
"3760","69f3d4f3fb7630947c56f1eb",NA,NA,NA,NA,0
"3761","69f6484996726366cacd162c",NA,NA,NA,NA,0
"3762","69f674db81cb46678aae6391",NA,NA,NA,NA,0
"3763","69f7b962446b32b08d58a1df",NA,NA,NA,NA,0
"3764","69f86a04fe802de5002bb70b",NA,NA,NA,NA,0
"3765","69f8db35f08d6c337883fcb4",NA,NA,NA,NA,0
"3766","69fb3314a5e95601464d1fea",NA,NA,NA,NA,0
"3767","69fb86296fb6f0919bf31075",NA,NA,NA,NA,0
"3768","69fcc8642de981c893eb6958",NA,NA,NA,NA,0
"3769","69fce9e45d612732dd1ae4e2",NA,NA,NA,NA,0
"3770","6a00b0ca46e3f2822d0349b6",NA,NA,NA,NA,0
"3771","6a00dbcc626a780a8e5c07a4",NA,NA,NA,NA,0
"3772","6a012d3c523e7311f4e55f61",NA,NA,NA,NA,0
"3773","6a01e843af8198a220b44a18",NA,NA,NA,NA,0
"3774","6a021dc98c730b8d3ce0deca",NA,NA,NA,NA,0
"3775","6a023ad806e8158958e73b75",NA,NA,NA,NA,0
"3776","6a05131f0ad03d07dd77178e",NA,NA,NA,NA,0
"3777","6a07687bad5809e8867bdffb",NA,NA,NA,NA,0
"3778","6a0a0fd9f370053c3505dc0f",NA,NA,NA,NA,0
"3779","6a0b756dd47d16a4c82f5589",NA,NA,NA,NA,0
"3780","6a0dfefeb75ae8ac09c192c6",NA,NA,NA,NA,0
"3781","6a0e2d716e90edf1ea83dce1",NA,NA,NA,NA,0
"3782","6a0fdfd2db4241c9e5eca29a",NA,NA,NA,NA,0
"3783","6a14434573bcee3f17b7f762",NA,NA,NA,NA,0
"3784","6a14c84872f3851ab32e8c01",NA,NA,NA,NA,0
"3785","6a14e67cf20909f60e34ae64",NA,NA,NA,NA,0
"3786","6a14ed7d826b3c0b54334269",NA,NA,NA,NA,0
"3787","6a150fcbc5238897c2c9408e",NA,NA,NA,NA,0
"3788","6a18b37c0157d881234ed29f",NA,NA,NA,NA,0
"3789","6a199661a2f63c5bf9835b2e",NA,NA,NA,NA,0
"3790","6a1a3e6d47ea4b557072cc4d",NA,NA,NA,NA,0
"3791","6a1ae40320c9511f890515f7",NA,NA,NA,NA,0
"3792","6a1b544246f12219f033d3c3",NA,NA,NA,NA,0
"3793","6a1cb95bf369926ac77ea9e5",NA,NA,NA,NA,0
"3794","6a1de36b3f5c6160ff6bf6a4",NA,NA,NA,NA,0
"3795","6a1f832105dd8c89b5e930ad",NA,NA,NA,NA,0
"3796","6a2222ff6e1036656b0d5d08",NA,NA,NA,NA,0
"3797","6a232745f21e165e2b54ed58",NA,NA,NA,NA,0
"3798","6a2482e9af72b55296872b0d",NA,NA,NA,NA,0
"3799","6a2589e7b0645f2f7f1cc52c",NA,NA,NA,NA,0
"3800","6a3607f677860830aca5bdeb",NA,NA,NA,NA,0
"3801","62c5f85ccf34c8d9c0650f6e",NA,NA,NA,NA,0
"3802","661c09a749790db73f8faba5",NA,NA,NA,NA,0
"3803","66315563a848526fcfa7555b",NA,NA,NA,NA,0
"3804","66da162f5538535e93490441",NA,NA,NA,NA,0
"3805","676956116c1a3416bf7b2afe",NA,NA,NA,NA,0
"3806","695ea002344d7ca1605c747a",NA,NA,NA,NA,0
"3807","6965bd850ce22095dd7a84ca",NA,NA,NA,NA,0
"3808","6978d830c5d415696508430d",NA,NA,NA,NA,0
"3809","6987875a0a8fa6ed9ef00726",NA,NA,NA,NA,0
"3810","699b610e2ba4bade6f39121b",NA,NA,NA,NA,0
"3811","699cebf39bc275a312ffd51c",NA,NA,NA,NA,0
"3812","699e3cc79b0d3d96b469ca49",NA,NA,NA,NA,0
"3813","69a0734d1d433d3694c8438f",NA,NA,NA,NA,0
"3814","69a6eb2bc679065ed1cecc51",NA,NA,NA,NA,0
"3815","69a8cff018bead25e4a5d848",NA,NA,NA,NA,0
"3816","69b5c6bdbcf55371066f5e73",NA,NA,NA,NA,0
"3817","69ba37faee13f176e7635323",NA,NA,NA,NA,0
"3818","69bdf2afe629d42bfc47997f",NA,NA,NA,NA,0
"3819","69c093d33989aa791c4e8b2d",NA,NA,NA,NA,0
"3820","69c1256faa88d6296c98d745",NA,NA,NA,NA,0
"3821","69c2f0033339865c279814ca",NA,NA,NA,NA,0
"3822","69c6ec3a92185003cf70ded5",NA,NA,NA,NA,0
"3823","69cc1fac2b52b1c4dd21cc7d",NA,NA,NA,NA,0
"3824","69cec122e3cb56c2e7000c6b",NA,NA,NA,NA,0
"3825","69d2a8765e19038ab2fc0f56",NA,NA,NA,NA,0
"3826","69d5632f4815bcc4cb7242bf",NA,NA,NA,NA,0
"3827","69daf476f6bc0d990581aca6",NA,NA,NA,NA,0
"3828","69dbf4749918745fc7d8e820",NA,NA,NA,NA,0
"3829","69dc76f0a77a620367d666ec",NA,NA,NA,NA,0
"3830","69dfe696c433039b7add8013",NA,NA,NA,NA,0
"3831","69e816058da70eddb5dbc3e1",NA,NA,NA,NA,0
"3832","69e957ad6c65e153a1c65ae2",NA,NA,NA,NA,0
"3833","69ed15278090fe4438301d5c",NA,NA,NA,NA,0
"3834","69efe0b03221edd72686c185",NA,NA,NA,NA,0
"3835","69f0438cc141b27ed949788e",NA,NA,NA,NA,0
"3836","69f3d4f3fb7630947c56f1eb",NA,NA,NA,NA,0
"3837","69f6484996726366cacd162c",NA,NA,NA,NA,0
"3838","69f674db81cb46678aae6391",NA,NA,NA,NA,0
"3839","69f7b962446b32b08d58a1df",NA,NA,NA,NA,0
"3840","69f86a04fe802de5002bb70b",NA,NA,NA,NA,0
"3841","69f8db35f08d6c337883fcb4",NA,NA,NA,NA,0
"3842","69fb3314a5e95601464d1fea",NA,NA,NA,NA,0
"3843","69fb86296fb6f0919bf31075",NA,NA,NA,NA,0
"3844","69fcc8642de981c893eb6958",NA,NA,NA,NA,0
"3845","69fce9e45d612732dd1ae4e2",NA,NA,NA,NA,0
"3846","6a00b0ca46e3f2822d0349b6",NA,NA,NA,NA,0
"3847","6a00dbcc626a780a8e5c07a4",NA,NA,NA,NA,0
"3848","6a012d3c523e7311f4e55f61",NA,NA,NA,NA,0
"3849","6a01e843af8198a220b44a18",NA,NA,NA,NA,0
"3850","6a021dc98c730b8d3ce0deca",NA,NA,NA,NA,0
"3851","6a023ad806e8158958e73b75",NA,NA,NA,NA,0
"3852","6a05131f0ad03d07dd77178e",NA,NA,NA,NA,0
"3853","6a07687bad5809e8867bdffb",NA,NA,NA,NA,0
"3854","6a0a0fd9f370053c3505dc0f",NA,NA,NA,NA,0
"3855","6a0b756dd47d16a4c82f5589",NA,NA,NA,NA,0
"3856","6a0dfefeb75ae8ac09c192c6",NA,NA,NA,NA,0
"3857","6a0e2d716e90edf1ea83dce1",NA,NA,NA,NA,0
"3858","6a0fdfd2db4241c9e5eca29a",NA,NA,NA,NA,0
"3859","6a14434573bcee3f17b7f762",NA,NA,NA,NA,0
"3860","6a14c84872f3851ab32e8c01",NA,NA,NA,NA,0
"3861","6a14e67cf20909f60e34ae64",NA,NA,NA,NA,0
"3862","6a14ed7d826b3c0b54334269",NA,NA,NA,NA,0
"3863","6a150fcbc5238897c2c9408e",NA,NA,NA,NA,0
"3864","6a18b37c0157d881234ed29f",NA,NA,NA,NA,0
"3865","6a199661a2f63c5bf9835b2e",NA,NA,NA,NA,0
"3866","6a1a3e6d47ea4b557072cc4d",NA,NA,NA,NA,0
"3867","6a1ae40320c9511f890515f7",NA,NA,NA,NA,0
"3868","6a1b544246f12219f033d3c3",NA,NA,NA,NA,0
"3869","6a1cb95bf369926ac77ea9e5",NA,NA,NA,NA,0
"3870","6a1de36b3f5c6160ff6bf6a4",NA,NA,NA,NA,0
"3871","6a1f832105dd8c89b5e930ad",NA,NA,NA,NA,0
"3872","6a2222ff6e1036656b0d5d08",NA,NA,NA,NA,0
"3873","6a232745f21e165e2b54ed58",NA,NA,NA,NA,0
"3874","6a2482e9af72b55296872b0d",NA,NA,NA,NA,0
"3875","6a2589e7b0645f2f7f1cc52c",NA,NA,NA,NA,0
"3876","6a3607f677860830aca5bdeb",NA,NA,NA,NA,0
"3877","62c5f85ccf34c8d9c0650f6e",NA,NA,NA,NA,0
"3878","661c09a749790db73f8faba5",NA,NA,NA,NA,0
"3879","66315563a848526fcfa7555b",NA,NA,NA,NA,0
"3880","66da162f5538535e93490441",NA,NA,NA,NA,0
"3881","676956116c1a3416bf7b2afe",NA,NA,NA,NA,0
"3882","695ea002344d7ca1605c747a",NA,NA,NA,NA,0
"3883","6965bd850ce22095dd7a84ca",NA,NA,NA,NA,0
"3884","6978d830c5d415696508430d",NA,NA,NA,NA,0
"3885","6987875a0a8fa6ed9ef00726",NA,NA,NA,NA,0
"3886","699b610e2ba4bade6f39121b",NA,NA,NA,NA,0
"3887","699cebf39bc275a312ffd51c",NA,NA,NA,NA,0
"3888","699e3cc79b0d3d96b469ca49",NA,NA,NA,NA,0
"3889","69a0734d1d433d3694c8438f",NA,NA,NA,NA,0
"3890","69a6eb2bc679065ed1cecc51",NA,NA,NA,NA,0
"3891","69a8cff018bead25e4a5d848",NA,NA,NA,NA,0
"3892","69b5c6bdbcf55371066f5e73",NA,NA,NA,NA,0
"3893","69ba37faee13f176e7635323",NA,NA,NA,NA,0
"3894","69bdf2afe629d42bfc47997f",NA,NA,NA,NA,0
"3895","69c093d33989aa791c4e8b2d",NA,NA,NA,NA,0
"3896","69c1256faa88d6296c98d745",NA,NA,NA,NA,0
"3897","69c2f0033339865c279814ca",NA,NA,NA,NA,0
"3898","69c6ec3a92185003cf70ded5",NA,NA,NA,NA,0
"3899","69cc1fac2b52b1c4dd21cc7d",NA,NA,NA,NA,0
"3900","69cec122e3cb56c2e7000c6b",NA,NA,NA,NA,0
"3901","69d2a8765e19038ab2fc0f56",NA,NA,NA,NA,0
"3902","69d5632f4815bcc4cb7242bf",NA,NA,NA,NA,0
"3903","69daf476f6bc0d990581aca6",NA,NA,NA,NA,0
"3904","69dbf4749918745fc7d8e820",NA,NA,NA,NA,0
"3905","69dc76f0a77a620367d666ec",NA,NA,NA,NA,0
"3906","69dfe696c433039b7add8013",NA,NA,NA,NA,0
"3907","69e816058da70eddb5dbc3e1",NA,NA,NA,NA,0
"3908","69e957ad6c65e153a1c65ae2",NA,NA,NA,NA,0
"3909","69ed15278090fe4438301d5c",NA,NA,NA,NA,0
"3910","69efe0b03221edd72686c185",NA,NA,NA,NA,0
"3911","69f0438cc141b27ed949788e",NA,NA,NA,NA,0
"3912","69f3d4f3fb7630947c56f1eb",NA,NA,NA,NA,0
"3913","69f6484996726366cacd162c",NA,NA,NA,NA,0
"3914","69f674db81cb46678aae6391",NA,NA,NA,NA,0
"3915","69f7b962446b32b08d58a1df",NA,NA,NA,NA,0
"3916","69f86a04fe802de5002bb70b",NA,NA,NA,NA,0
"3917","69f8db35f08d6c337883fcb4",NA,NA,NA,NA,0
"3918","69fb3314a5e95601464d1fea",NA,NA,NA,NA,0
"3919","69fb86296fb6f0919bf31075",NA,NA,NA,NA,0
"3920","69fcc8642de981c893eb6958",NA,NA,NA,NA,0
"3921","69fce9e45d612732dd1ae4e2",NA,NA,NA,NA,0
"3922","6a00b0ca46e3f2822d0349b6",NA,NA,NA,NA,0
"3923","6a00dbcc626a780a8e5c07a4",NA,NA,NA,NA,0
"3924","6a012d3c523e7311f4e55f61",NA,NA,NA,NA,0
"3925","6a01e843af8198a220b44a18",NA,NA,NA,NA,0
"3926","6a021dc98c730b8d3ce0deca",NA,NA,NA,NA,0
"3927","6a023ad806e8158958e73b75",NA,NA,NA,NA,0
"3928","6a05131f0ad03d07dd77178e",NA,NA,NA,NA,0
"3929","6a07687bad5809e8867bdffb",NA,NA,NA,NA,0
"3930","6a0a0fd9f370053c3505dc0f",NA,NA,NA,NA,0
"3931","6a0b756dd47d16a4c82f5589",NA,NA,NA,NA,0
"3932","6a0dfefeb75ae8ac09c192c6",NA,NA,NA,NA,0
"3933","6a0e2d716e90edf1ea83dce1",NA,NA,NA,NA,0
"3934","6a0fdfd2db4241c9e5eca29a",NA,NA,NA,NA,0
"3935","6a14434573bcee3f17b7f762",NA,NA,NA,NA,0
"3936","6a14c84872f3851ab32e8c01",NA,NA,NA,NA,0
"3937","6a14e67cf20909f60e34ae64",NA,NA,NA,NA,0
"3938","6a14ed7d826b3c0b54334269",NA,NA,NA,NA,0
"3939","6a150fcbc5238897c2c9408e",NA,NA,NA,NA,0
"3940","6a18b37c0157d881234ed29f",NA,NA,NA,NA,0
"3941","6a199661a2f63c5bf9835b2e",NA,NA,NA,NA,0
"3942","6a1a3e6d47ea4b557072cc4d",NA,NA,NA,NA,0
"3943","6a1ae40320c9511f890515f7",NA,NA,NA,NA,0
"3944","6a1b544246f12219f033d3c3",NA,NA,NA,NA,0
"3945","6a1cb95bf369926ac77ea9e5",NA,NA,NA,NA,0
"3946","6a1de36b3f5c6160ff6bf6a4",NA,NA,NA,NA,0
"3947","6a1f832105dd8c89b5e930ad",NA,NA,NA,NA,0
"3948","6a2222ff6e1036656b0d5d08",NA,NA,NA,NA,0
"3949","6a232745f21e165e2b54ed58",NA,NA,NA,NA,0
"3950","6a2482e9af72b55296872b0d",NA,NA,NA,NA,0
"3951","6a2589e7b0645f2f7f1cc52c",NA,NA,NA,NA,0
"3952","6a3607f677860830aca5bdeb",NA,NA,NA,NA,0
"3953","62c5f85ccf34c8d9c0650f6e",NA,NA,NA,NA,0
"3954","661c09a749790db73f8faba5",NA,NA,NA,NA,0
"3955","66315563a848526fcfa7555b",NA,NA,NA,NA,0
"3956","66da162f5538535e93490441",NA,NA,NA,NA,0
"3957","676956116c1a3416bf7b2afe",NA,NA,NA,NA,0
"3958","695ea002344d7ca1605c747a",NA,NA,NA,NA,0
"3959","6965bd850ce22095dd7a84ca",NA,NA,NA,NA,0
"3960","6978d830c5d415696508430d",NA,NA,NA,NA,0
"3961","6987875a0a8fa6ed9ef00726",NA,NA,NA,NA,0
"3962","699b610e2ba4bade6f39121b",NA,NA,NA,NA,0
"3963","699cebf39bc275a312ffd51c",NA,NA,NA,NA,0
"3964","699e3cc79b0d3d96b469ca49",NA,NA,NA,NA,0
"3965","69a0734d1d433d3694c8438f",NA,NA,NA,NA,0
"3966","69a6eb2bc679065ed1cecc51",NA,NA,NA,NA,0
"3967","69a8cff018bead25e4a5d848",NA,NA,NA,NA,0
"3968","69b5c6bdbcf55371066f5e73",NA,NA,NA,NA,0
"3969","69ba37faee13f176e7635323",NA,NA,NA,NA,0
"3970","69bdf2afe629d42bfc47997f",NA,NA,NA,NA,0
"3971","69c093d33989aa791c4e8b2d",NA,NA,NA,NA,0
"3972","69c1256faa88d6296c98d745",NA,NA,NA,NA,0
"3973","69c2f0033339865c279814ca",NA,NA,NA,NA,0
"3974","69c6ec3a92185003cf70ded5",NA,NA,NA,NA,0
"3975","69cc1fac2b52b1c4dd21cc7d",NA,NA,NA,NA,0
"3976","69cec122e3cb56c2e7000c6b",NA,NA,NA,NA,0
"3977","69d2a8765e19038ab2fc0f56",NA,NA,NA,NA,0
"3978","69d5632f4815bcc4cb7242bf",NA,NA,NA,NA,0
"3979","69daf476f6bc0d990581aca6",NA,NA,NA,NA,0
"3980","69dbf4749918745fc7d8e820",NA,NA,NA,NA,0
"3981","69dc76f0a77a620367d666ec",NA,NA,NA,NA,0
"3982","69dfe696c433039b7add8013",NA,NA,NA,NA,0
"3983","69e816058da70eddb5dbc3e1",NA,NA,NA,NA,0
"3984","69e957ad6c65e153a1c65ae2",NA,NA,NA,NA,0
"3985","69ed15278090fe4438301d5c",NA,NA,NA,NA,0
"3986","69efe0b03221edd72686c185",NA,NA,NA,NA,0
"3987","69f0438cc141b27ed949788e",NA,NA,NA,NA,0
"3988","69f3d4f3fb7630947c56f1eb",NA,NA,NA,NA,0
"3989","69f6484996726366cacd162c",NA,NA,NA,NA,0
"3990","69f674db81cb46678aae6391",NA,NA,NA,NA,0
"3991","69f7b962446b32b08d58a1df",NA,NA,NA,NA,0
"3992","69f86a04fe802de5002bb70b",NA,NA,NA,NA,0
"3993","69f8db35f08d6c337883fcb4",NA,NA,NA,NA,0
"3994","69fb3314a5e95601464d1fea",NA,NA,NA,NA,0
"3995","69fb86296fb6f0919bf31075",NA,NA,NA,NA,0
"3996","69fcc8642de981c893eb6958",NA,NA,NA,NA,0
"3997","69fce9e45d612732dd1ae4e2",NA,NA,NA,NA,0
"3998","6a00b0ca46e3f2822d0349b6",NA,NA,NA,NA,0
"3999","6a00dbcc626a780a8e5c07a4",NA,NA,NA,NA,0
"4000","6a012d3c523e7311f4e55f61",NA,NA,NA,NA,0
"4001","6a01e843af8198a220b44a18",NA,NA,NA,NA,0
"4002","6a021dc98c730b8d3ce0deca",NA,NA,NA,NA,0
"4003","6a023ad806e8158958e73b75",NA,NA,NA,NA,0
"4004","6a05131f0ad03d07dd77178e",NA,NA,NA,NA,0
"4005","6a07687bad5809e8867bdffb",NA,NA,NA,NA,0
"4006","6a0a0fd9f370053c3505dc0f",NA,NA,NA,NA,0
"4007","6a0b756dd47d16a4c82f5589",NA,NA,NA,NA,0
"4008","6a0dfefeb75ae8ac09c192c6",NA,NA,NA,NA,0
"4009","6a0e2d716e90edf1ea83dce1",NA,NA,NA,NA,0
"4010","6a0fdfd2db4241c9e5eca29a",NA,NA,NA,NA,0
"4011","6a14434573bcee3f17b7f762",NA,NA,NA,NA,0
"4012","6a14c84872f3851ab32e8c01",NA,NA,NA,NA,0
"4013","6a14e67cf20909f60e34ae64",NA,NA,NA,NA,0
"4014","6a14ed7d826b3c0b54334269",NA,NA,NA,NA,0
"4015","6a150fcbc5238897c2c9408e",NA,NA,NA,NA,0
"4016","6a18b37c0157d881234ed29f",NA,NA,NA,NA,0
"4017","6a199661a2f63c5bf9835b2e",NA,NA,NA,NA,0
"4018","6a1a3e6d47ea4b557072cc4d",NA,NA,NA,NA,0
"4019","6a1ae40320c9511f890515f7",NA,NA,NA,NA,0
"4020","6a1b544246f12219f033d3c3",NA,NA,NA,NA,0
"4021","6a1cb95bf369926ac77ea9e5",NA,NA,NA,NA,0
"4022","6a1de36b3f5c6160ff6bf6a4",NA,NA,NA,NA,0
"4023","6a1f832105dd8c89b5e930ad",NA,NA,NA,NA,0
"4024","6a2222ff6e1036656b0d5d08",NA,NA,NA,NA,0
"4025","6a232745f21e165e2b54ed58",NA,NA,NA,NA,0
"4026","6a2482e9af72b55296872b0d",NA,NA,NA,NA,0
"4027","6a2589e7b0645f2f7f1cc52c",NA,NA,NA,NA,0
"4028","6a3607f677860830aca5bdeb",NA,NA,NA,NA,0
"4029","62c5f85ccf34c8d9c0650f6e",NA,NA,NA,NA,0
"4030","661c09a749790db73f8faba5",NA,NA,NA,NA,0
"4031","66315563a848526fcfa7555b",NA,NA,NA,NA,0
"4032","66da162f5538535e93490441",NA,NA,NA,NA,0
"4033","676956116c1a3416bf7b2afe",NA,NA,NA,NA,0
"4034","695ea002344d7ca1605c747a",NA,NA,NA,NA,0
"4035","6965bd850ce22095dd7a84ca",NA,NA,NA,NA,0
"4036","6978d830c5d415696508430d",NA,NA,NA,NA,0
"4037","6987875a0a8fa6ed9ef00726",NA,NA,NA,NA,0
"4038","699b610e2ba4bade6f39121b",NA,NA,NA,NA,0
"4039","699cebf39bc275a312ffd51c",NA,NA,NA,NA,0
"4040","699e3cc79b0d3d96b469ca49",NA,NA,NA,NA,0
"4041","69a0734d1d433d3694c8438f",NA,NA,NA,NA,0
"4042","69a6eb2bc679065ed1cecc51",NA,NA,NA,NA,0
"4043","69a8cff018bead25e4a5d848",NA,NA,NA,NA,0
"4044","69b5c6bdbcf55371066f5e73",NA,NA,NA,NA,0
"4045","69ba37faee13f176e7635323",NA,NA,NA,NA,0
"4046","69bdf2afe629d42bfc47997f",NA,NA,NA,NA,0
"4047","69c093d33989aa791c4e8b2d",NA,NA,NA,NA,0
"4048","69c1256faa88d6296c98d745",NA,NA,NA,NA,0
"4049","69c2f0033339865c279814ca",NA,NA,NA,NA,0
"4050","69c6ec3a92185003cf70ded5",NA,NA,NA,NA,0
"4051","69cc1fac2b52b1c4dd21cc7d",NA,NA,NA,NA,0
"4052","69cec122e3cb56c2e7000c6b",NA,NA,NA,NA,0
"4053","69d2a8765e19038ab2fc0f56",NA,NA,NA,NA,0
"4054","69d5632f4815bcc4cb7242bf",NA,NA,NA,NA,0
"4055","69daf476f6bc0d990581aca6",NA,NA,NA,NA,0
"4056","69dbf4749918745fc7d8e820",NA,NA,NA,NA,0
"4057","69dc76f0a77a620367d666ec",NA,NA,NA,NA,0
"4058","69dfe696c433039b7add8013",NA,NA,NA,NA,0
"4059","69e816058da70eddb5dbc3e1",NA,NA,NA,NA,0
"4060","69e957ad6c65e153a1c65ae2",NA,NA,NA,NA,0
"4061","69ed15278090fe4438301d5c",NA,NA,NA,NA,0
"4062","69efe0b03221edd72686c185",NA,NA,NA,NA,0
"4063","69f0438cc141b27ed949788e",NA,NA,NA,NA,0
"4064","69f3d4f3fb7630947c56f1eb",NA,NA,NA,NA,0
"4065","69f6484996726366cacd162c",NA,NA,NA,NA,0
"4066","69f674db81cb46678aae6391",NA,NA,NA,NA,0
"4067","69f7b962446b32b08d58a1df",NA,NA,NA,NA,0
"4068","69f86a04fe802de5002bb70b",NA,NA,NA,NA,0
"4069","69f8db35f08d6c337883fcb4",NA,NA,NA,NA,0
"4070","69fb3314a5e95601464d1fea",NA,NA,NA,NA,0
"4071","69fb86296fb6f0919bf31075",NA,NA,NA,NA,0
"4072","69fcc8642de981c893eb6958",NA,NA,NA,NA,0
"4073","69fce9e45d612732dd1ae4e2",NA,NA,NA,NA,0
"4074","6a00b0ca46e3f2822d0349b6",NA,NA,NA,NA,0
"4075","6a00dbcc626a780a8e5c07a4",NA,NA,NA,NA,0
"4076","6a012d3c523e7311f4e55f61",NA,NA,NA,NA,0
"4077","6a01e843af8198a220b44a18",NA,NA,NA,NA,0
"4078","6a021dc98c730b8d3ce0deca",NA,NA,NA,NA,0
"4079","6a023ad806e8158958e73b75",NA,NA,NA,NA,0
"4080","6a05131f0ad03d07dd77178e",NA,NA,NA,NA,0
"4081","6a07687bad5809e8867bdffb",NA,NA,NA,NA,0
"4082","6a0a0fd9f370053c3505dc0f",NA,NA,NA,NA,0
"4083","6a0b756dd47d16a4c82f5589",NA,NA,NA,NA,0
"4084","6a0dfefeb75ae8ac09c192c6",NA,NA,NA,NA,0
"4085","6a0e2d716e90edf1ea83dce1",NA,NA,NA,NA,0
"4086","6a0fdfd2db4241c9e5eca29a",NA,NA,NA,NA,0
"4087","6a14434573bcee3f17b7f762",NA,NA,NA,NA,0
"4088","6a14c84872f3851ab32e8c01",NA,NA,NA,NA,0
"4089","6a14e67cf20909f60e34ae64",NA,NA,NA,NA,0
"4090","6a14ed7d826b3c0b54334269",NA,NA,NA,NA,0
"4091","6a150fcbc5238897c2c9408e",NA,NA,NA,NA,0
"4092","6a18b37c0157d881234ed29f",NA,NA,NA,NA,0
"4093","6a199661a2f63c5bf9835b2e",NA,NA,NA,NA,0
"4094","6a1a3e6d47ea4b557072cc4d",NA,NA,NA,NA,0
"4095","6a1ae40320c9511f890515f7",NA,NA,NA,NA,0
"4096","6a1b544246f12219f033d3c3",NA,NA,NA,NA,0
"4097","6a1cb95bf369926ac77ea9e5",NA,NA,NA,NA,0
"4098","6a1de36b3f5c6160ff6bf6a4",NA,NA,NA,NA,0
"4099","6a1f832105dd8c89b5e930ad",NA,NA,NA,NA,0
"4100","6a2222ff6e1036656b0d5d08",NA,NA,NA,NA,0
"4101","6a232745f21e165e2b54ed58",NA,NA,NA,NA,0
"4102","6a2482e9af72b55296872b0d",NA,NA,NA,NA,0
"4103","6a2589e7b0645f2f7f1cc52c",NA,NA,NA,NA,0
"4104","6a3607f677860830aca5bdeb",NA,NA,NA,NA,0
"4105","62c5f85ccf34c8d9c0650f6e",NA,NA,NA,NA,0
"4106","661c09a749790db73f8faba5",NA,NA,NA,NA,0
"4107","66315563a848526fcfa7555b",NA,NA,NA,NA,0
"4108","66da162f5538535e93490441",NA,NA,NA,NA,0
"4109","676956116c1a3416bf7b2afe",NA,NA,NA,NA,0
"4110","695ea002344d7ca1605c747a",NA,NA,NA,NA,0
"4111","6965bd850ce22095dd7a84ca",NA,NA,NA,NA,0
"4112","6978d830c5d415696508430d",NA,NA,NA,NA,0
"4113","6987875a0a8fa6ed9ef00726",NA,NA,NA,NA,0
"4114","699b610e2ba4bade6f39121b",NA,NA,NA,NA,0
"4115","699cebf39bc275a312ffd51c",NA,NA,NA,NA,0
"4116","699e3cc79b0d3d96b469ca49",NA,NA,NA,NA,0
"4117","69a0734d1d433d3694c8438f",NA,NA,NA,NA,0
"4118","69a6eb2bc679065ed1cecc51",NA,NA,NA,NA,0
"4119","69a8cff018bead25e4a5d848",NA,NA,NA,NA,0
"4120","69b5c6bdbcf55371066f5e73",NA,NA,NA,NA,0
"4121","69ba37faee13f176e7635323",NA,NA,NA,NA,0
"4122","69bdf2afe629d42bfc47997f",NA,NA,NA,NA,0
"4123","69c093d33989aa791c4e8b2d",NA,NA,NA,NA,0
"4124","69c1256faa88d6296c98d745",NA,NA,NA,NA,0
"4125","69c2f0033339865c279814ca",NA,NA,NA,NA,0
"4126","69c6ec3a92185003cf70ded5",NA,NA,NA,NA,0
"4127","69cc1fac2b52b1c4dd21cc7d",NA,NA,NA,NA,0
"4128","69cec122e3cb56c2e7000c6b",NA,NA,NA,NA,0
"4129","69d2a8765e19038ab2fc0f56",NA,NA,NA,NA,0
"4130","69d5632f4815bcc4cb7242bf",NA,NA,NA,NA,0
"4131","69daf476f6bc0d990581aca6",NA,NA,NA,NA,0
"4132","69dbf4749918745fc7d8e820",NA,NA,NA,NA,0
"4133","69dc76f0a77a620367d666ec",NA,NA,NA,NA,0
"4134","69dfe696c433039b7add8013",NA,NA,NA,NA,0
"4135","69e816058da70eddb5dbc3e1",NA,NA,NA,NA,0
"4136","69e957ad6c65e153a1c65ae2",NA,NA,NA,NA,0
"4137","69ed15278090fe4438301d5c",NA,NA,NA,NA,0
"4138","69efe0b03221edd72686c185",NA,NA,NA,NA,0
"4139","69f0438cc141b27ed949788e",NA,NA,NA,NA,0
"4140","69f3d4f3fb7630947c56f1eb",NA,NA,NA,NA,0
"4141","69f6484996726366cacd162c",NA,NA,NA,NA,0
"4142","69f674db81cb46678aae6391",NA,NA,NA,NA,0
"4143","69f7b962446b32b08d58a1df",NA,NA,NA,NA,0
"4144","69f86a04fe802de5002bb70b",NA,NA,NA,NA,0
"4145","69f8db35f08d6c337883fcb4",NA,NA,NA,NA,0
"4146","69fb3314a5e95601464d1fea",NA,NA,NA,NA,0
"4147","69fb86296fb6f0919bf31075",NA,NA,NA,NA,0
"4148","69fcc8642de981c893eb6958",NA,NA,NA,NA,0
"4149","69fce9e45d612732dd1ae4e2",NA,NA,NA,NA,0
"4150","6a00b0ca46e3f2822d0349b6",NA,NA,NA,NA,0
"4151","6a00dbcc626a780a8e5c07a4",NA,NA,NA,NA,0
"4152","6a012d3c523e7311f4e55f61",NA,NA,NA,NA,0
"4153","6a01e843af8198a220b44a18",NA,NA,NA,NA,0
"4154","6a021dc98c730b8d3ce0deca",NA,NA,NA,NA,0
"4155","6a023ad806e8158958e73b75",NA,NA,NA,NA,0
"4156","6a05131f0ad03d07dd77178e",NA,NA,NA,NA,0
"4157","6a07687bad5809e8867bdffb",NA,NA,NA,NA,0
"4158","6a0a0fd9f370053c3505dc0f",NA,NA,NA,NA,0
"4159","6a0b756dd47d16a4c82f5589",NA,NA,NA,NA,0
"4160","6a0dfefeb75ae8ac09c192c6",NA,NA,NA,NA,0
"4161","6a0e2d716e90edf1ea83dce1",NA,NA,NA,NA,0
"4162","6a0fdfd2db4241c9e5eca29a",NA,NA,NA,NA,0
"4163","6a14434573bcee3f17b7f762",NA,NA,NA,NA,0
"4164","6a14c84872f3851ab32e8c01",NA,NA,NA,NA,0
"4165","6a14e67cf20909f60e34ae64",NA,NA,NA,NA,0
"4166","6a14ed7d826b3c0b54334269",NA,NA,NA,NA,0
"4167","6a150fcbc5238897c2c9408e",NA,NA,NA,NA,0
"4168","6a18b37c0157d881234ed29f",NA,NA,NA,NA,0
"4169","6a199661a2f63c5bf9835b2e",NA,NA,NA,NA,0
"4170","6a1a3e6d47ea4b557072cc4d",NA,NA,NA,NA,0
"4171","6a1ae40320c9511f890515f7",NA,NA,NA,NA,0
"4172","6a1b544246f12219f033d3c3",NA,NA,NA,NA,0
"4173","6a1cb95bf369926ac77ea9e5",NA,NA,NA,NA,0
"4174","6a1de36b3f5c6160ff6bf6a4",NA,NA,NA,NA,0
"4175","6a1f832105dd8c89b5e930ad",NA,NA,NA,NA,0
"4176","6a2222ff6e1036656b0d5d08",NA,NA,NA,NA,0
"4177","6a232745f21e165e2b54ed58",NA,NA,NA,NA,0
"4178","6a2482e9af72b55296872b0d",NA,NA,NA,NA,0
"4179","6a2589e7b0645f2f7f1cc52c",NA,NA,NA,NA,0
"4180","6a3607f677860830aca5bdeb",NA,NA,NA,NA,0
"4181","62c5f85ccf34c8d9c0650f6e",NA,NA,NA,NA,0
"4182","661c09a749790db73f8faba5",NA,NA,NA,NA,0
"4183","66315563a848526fcfa7555b",NA,NA,NA,NA,0
"4184","66da162f5538535e93490441",NA,NA,NA,NA,0
"4185","676956116c1a3416bf7b2afe",NA,NA,NA,NA,0
"4186","695ea002344d7ca1605c747a",NA,NA,NA,NA,0
"4187","6965bd850ce22095dd7a84ca",NA,NA,NA,NA,0
"4188","6978d830c5d415696508430d",NA,NA,NA,NA,0
"4189","6987875a0a8fa6ed9ef00726",NA,NA,NA,NA,0
"4190","699b610e2ba4bade6f39121b",NA,NA,NA,NA,0
"4191","699cebf39bc275a312ffd51c",NA,NA,NA,NA,0
"4192","699e3cc79b0d3d96b469ca49",NA,NA,NA,NA,0
"4193","69a0734d1d433d3694c8438f",NA,NA,NA,NA,0
"4194","69a6eb2bc679065ed1cecc51",NA,NA,NA,NA,0
"4195","69a8cff018bead25e4a5d848",NA,NA,NA,NA,0
"4196","69b5c6bdbcf55371066f5e73",NA,NA,NA,NA,0
"4197","69ba37faee13f176e7635323",NA,NA,NA,NA,0
"4198","69bdf2afe629d42bfc47997f",NA,NA,NA,NA,0
"4199","69c093d33989aa791c4e8b2d",NA,NA,NA,NA,0
"4200","69c1256faa88d6296c98d745",NA,NA,NA,NA,0
"4201","69c2f0033339865c279814ca",NA,NA,NA,NA,0
"4202","69c6ec3a92185003cf70ded5",NA,NA,NA,NA,0
"4203","69cc1fac2b52b1c4dd21cc7d",NA,NA,NA,NA,0
"4204","69cec122e3cb56c2e7000c6b",NA,NA,NA,NA,0
"4205","69d2a8765e19038ab2fc0f56",NA,NA,NA,NA,0
"4206","69d5632f4815bcc4cb7242bf",NA,NA,NA,NA,0
"4207","69daf476f6bc0d990581aca6",NA,NA,NA,NA,0
"4208","69dbf4749918745fc7d8e820",NA,NA,NA,NA,0
"4209","69dc76f0a77a620367d666ec",NA,NA,NA,NA,0
"4210","69dfe696c433039b7add8013",NA,NA,NA,NA,0
"4211","69e816058da70eddb5dbc3e1",NA,NA,NA,NA,0
"4212","69e957ad6c65e153a1c65ae2",NA,NA,NA,NA,0
"4213","69ed15278090fe4438301d5c",NA,NA,NA,NA,0
"4214","69efe0b03221edd72686c185",NA,NA,NA,NA,0
"4215","69f0438cc141b27ed949788e",NA,NA,NA,NA,0
"4216","69f3d4f3fb7630947c56f1eb",NA,NA,NA,NA,0
"4217","69f6484996726366cacd162c",NA,NA,NA,NA,0
"4218","69f674db81cb46678aae6391",NA,NA,NA,NA,0
"4219","69f7b962446b32b08d58a1df",NA,NA,NA,NA,0
"4220","69f86a04fe802de5002bb70b",NA,NA,NA,NA,0
"4221","69f8db35f08d6c337883fcb4",NA,NA,NA,NA,0
"4222","69fb3314a5e95601464d1fea",NA,NA,NA,NA,0
"4223","69fb86296fb6f0919bf31075",NA,NA,NA,NA,0
"4224","69fcc8642de981c893eb6958",NA,NA,NA,NA,0
"4225","69fce9e45d612732dd1ae4e2",NA,NA,NA,NA,0
"4226","6a00b0ca46e3f2822d0349b6",NA,NA,NA,NA,0
"4227","6a00dbcc626a780a8e5c07a4",NA,NA,NA,NA,0
"4228","6a012d3c523e7311f4e55f61",NA,NA,NA,NA,0
"4229","6a01e843af8198a220b44a18",NA,NA,NA,NA,0
"4230","6a021dc98c730b8d3ce0deca",NA,NA,NA,NA,0
"4231","6a023ad806e8158958e73b75",NA,NA,NA,NA,0
"4232","6a05131f0ad03d07dd77178e",NA,NA,NA,NA,0
"4233","6a07687bad5809e8867bdffb",NA,NA,NA,NA,0
"4234","6a0a0fd9f370053c3505dc0f",NA,NA,NA,NA,0
"4235","6a0b756dd47d16a4c82f5589",NA,NA,NA,NA,0
"4236","6a0dfefeb75ae8ac09c192c6",NA,NA,NA,NA,0
"4237","6a0e2d716e90edf1ea83dce1",NA,NA,NA,NA,0
"4238","6a0fdfd2db4241c9e5eca29a",NA,NA,NA,NA,0
"4239","6a14434573bcee3f17b7f762",NA,NA,NA,NA,0
"4240","6a14c84872f3851ab32e8c01",NA,NA,NA,NA,0
"4241","6a14e67cf20909f60e34ae64",NA,NA,NA,NA,0
"4242","6a14ed7d826b3c0b54334269",NA,NA,NA,NA,0
"4243","6a150fcbc5238897c2c9408e",NA,NA,NA,NA,0
"4244","6a18b37c0157d881234ed29f",NA,NA,NA,NA,0
"4245","6a199661a2f63c5bf9835b2e",NA,NA,NA,NA,0
"4246","6a1a3e6d47ea4b557072cc4d",NA,NA,NA,NA,0
"4247","6a1ae40320c9511f890515f7",NA,NA,NA,NA,0
"4248","6a1b544246f12219f033d3c3",NA,NA,NA,NA,0
"4249","6a1cb95bf369926ac77ea9e5",NA,NA,NA,NA,0
"4250","6a1de36b3f5c6160ff6bf6a4",NA,NA,NA,NA,0
"4251","6a1f832105dd8c89b5e930ad",NA,NA,NA,NA,0
"4252","6a2222ff6e1036656b0d5d08",NA,NA,NA,NA,0
"4253","6a232745f21e165e2b54ed58",NA,NA,NA,NA,0
"4254","6a2482e9af72b55296872b0d",NA,NA,NA,NA,0
"4255","6a2589e7b0645f2f7f1cc52c",NA,NA,NA,NA,0
"4256","6a3607f677860830aca5bdeb",NA,NA,NA,NA,0
"4257","62c5f85ccf34c8d9c0650f6e",NA,NA,NA,NA,0
"4258","661c09a749790db73f8faba5",NA,NA,NA,NA,0
"4259","66315563a848526fcfa7555b",NA,NA,NA,NA,0
"4260","66da162f5538535e93490441",NA,NA,NA,NA,0
"4261","676956116c1a3416bf7b2afe",NA,NA,NA,NA,0
"4262","695ea002344d7ca1605c747a",NA,NA,NA,NA,0
"4263","6965bd850ce22095dd7a84ca",NA,NA,NA,NA,0
"4264","6978d830c5d415696508430d",NA,NA,NA,NA,0
"4265","6987875a0a8fa6ed9ef00726",NA,NA,NA,NA,0
"4266","699b610e2ba4bade6f39121b",NA,NA,NA,NA,0
"4267","699cebf39bc275a312ffd51c",NA,NA,NA,NA,0
"4268","699e3cc79b0d3d96b469ca49",NA,NA,NA,NA,0
"4269","69a0734d1d433d3694c8438f",NA,NA,NA,NA,0
"4270","69a6eb2bc679065ed1cecc51",NA,NA,NA,NA,0
"4271","69a8cff018bead25e4a5d848",NA,NA,NA,NA,0
"4272","69b5c6bdbcf55371066f5e73",NA,NA,NA,NA,0
"4273","69ba37faee13f176e7635323",NA,NA,NA,NA,0
"4274","69bdf2afe629d42bfc47997f",NA,NA,NA,NA,0
"4275","69c093d33989aa791c4e8b2d",NA,NA,NA,NA,0
"4276","69c1256faa88d6296c98d745",NA,NA,NA,NA,0
"4277","69c2f0033339865c279814ca",NA,NA,NA,NA,0
"4278","69c6ec3a92185003cf70ded5",NA,NA,NA,NA,0
"4279","69cc1fac2b52b1c4dd21cc7d",NA,NA,NA,NA,0
"4280","69cec122e3cb56c2e7000c6b",NA,NA,NA,NA,0
"4281","69d2a8765e19038ab2fc0f56",NA,NA,NA,NA,0
"4282","69d5632f4815bcc4cb7242bf",NA,NA,NA,NA,0
"4283","69daf476f6bc0d990581aca6",NA,NA,NA,NA,0
"4284","69dbf4749918745fc7d8e820",NA,NA,NA,NA,0
"4285","69dc76f0a77a620367d666ec",NA,NA,NA,NA,0
"4286","69dfe696c433039b7add8013",NA,NA,NA,NA,0
"4287","69e816058da70eddb5dbc3e1",NA,NA,NA,NA,0
"4288","69e957ad6c65e153a1c65ae2",NA,NA,NA,NA,0
"4289","69ed15278090fe4438301d5c",NA,NA,NA,NA,0
"4290","69efe0b03221edd72686c185",NA,NA,NA,NA,0
"4291","69f0438cc141b27ed949788e",NA,NA,NA,NA,0
"4292","69f3d4f3fb7630947c56f1eb",NA,NA,NA,NA,0
"4293","69f6484996726366cacd162c",NA,NA,NA,NA,0
"4294","69f674db81cb46678aae6391",NA,NA,NA,NA,0
"4295","69f7b962446b32b08d58a1df",NA,NA,NA,NA,0
"4296","69f86a04fe802de5002bb70b",NA,NA,NA,NA,0
"4297","69f8db35f08d6c337883fcb4",NA,NA,NA,NA,0
"4298","69fb3314a5e95601464d1fea",NA,NA,NA,NA,0
"4299","69fb86296fb6f0919bf31075",NA,NA,NA,NA,0
"4300","69fcc8642de981c893eb6958",NA,NA,NA,NA,0
"4301","69fce9e45d612732dd1ae4e2",NA,NA,NA,NA,0
"4302","6a00b0ca46e3f2822d0349b6",NA,NA,NA,NA,0
"4303","6a00dbcc626a780a8e5c07a4",NA,NA,NA,NA,0
"4304","6a012d3c523e7311f4e55f61",NA,NA,NA,NA,0
"4305","6a01e843af8198a220b44a18",NA,NA,NA,NA,0
"4306","6a021dc98c730b8d3ce0deca",NA,NA,NA,NA,0
"4307","6a023ad806e8158958e73b75",NA,NA,NA,NA,0
"4308","6a05131f0ad03d07dd77178e",NA,NA,NA,NA,0
"4309","6a07687bad5809e8867bdffb",NA,NA,NA,NA,0
"4310","6a0a0fd9f370053c3505dc0f",NA,NA,NA,NA,0
"4311","6a0b756dd47d16a4c82f5589",NA,NA,NA,NA,0
"4312","6a0dfefeb75ae8ac09c192c6",NA,NA,NA,NA,0
"4313","6a0e2d716e90edf1ea83dce1",NA,NA,NA,NA,0
"4314","6a0fdfd2db4241c9e5eca29a",NA,NA,NA,NA,0
"4315","6a14434573bcee3f17b7f762",NA,NA,NA,NA,0
"4316","6a14c84872f3851ab32e8c01",NA,NA,NA,NA,0
"4317","6a14e67cf20909f60e34ae64",NA,NA,NA,NA,0
"4318","6a14ed7d826b3c0b54334269",NA,NA,NA,NA,0
"4319","6a150fcbc5238897c2c9408e",NA,NA,NA,NA,0
"4320","6a18b37c0157d881234ed29f",NA,NA,NA,NA,0
"4321","6a199661a2f63c5bf9835b2e",NA,NA,NA,NA,0
"4322","6a1a3e6d47ea4b557072cc4d",NA,NA,NA,NA,0
"4323","6a1ae40320c9511f890515f7",NA,NA,NA,NA,0
"4324","6a1b544246f12219f033d3c3",NA,NA,NA,NA,0
"4325","6a1cb95bf369926ac77ea9e5",NA,NA,NA,NA,0
"4326","6a1de36b3f5c6160ff6bf6a4",NA,NA,NA,NA,0
"4327","6a1f832105dd8c89b5e930ad",NA,NA,NA,NA,0
"4328","6a2222ff6e1036656b0d5d08",NA,NA,NA,NA,0
"4329","6a232745f21e165e2b54ed58",NA,NA,NA,NA,0
"4330","6a2482e9af72b55296872b0d",NA,NA,NA,NA,0
"4331","6a2589e7b0645f2f7f1cc52c",NA,NA,NA,NA,0
"4332","6a3607f677860830aca5bdeb",NA,NA,NA,NA,0
"4333","62c5f85ccf34c8d9c0650f6e",NA,NA,NA,NA,0
"4334","661c09a749790db73f8faba5",NA,NA,NA,NA,0
"4335","66315563a848526fcfa7555b",NA,NA,NA,NA,0
"4336","66da162f5538535e93490441",NA,NA,NA,NA,0
"4337","676956116c1a3416bf7b2afe",NA,NA,NA,NA,0
"4338","695ea002344d7ca1605c747a",NA,NA,NA,NA,0
"4339","6965bd850ce22095dd7a84ca",NA,NA,NA,NA,0
"4340","6978d830c5d415696508430d",NA,NA,NA,NA,0
"4341","6987875a0a8fa6ed9ef00726",NA,NA,NA,NA,0
"4342","699b610e2ba4bade6f39121b",NA,NA,NA,NA,0
"4343","699cebf39bc275a312ffd51c",NA,NA,NA,NA,0
"4344","699e3cc79b0d3d96b469ca49",NA,NA,NA,NA,0
"4345","69a0734d1d433d3694c8438f",NA,NA,NA,NA,0
"4346","69a6eb2bc679065ed1cecc51",NA,NA,NA,NA,0
"4347","69a8cff018bead25e4a5d848",NA,NA,NA,NA,0
"4348","69b5c6bdbcf55371066f5e73",NA,NA,NA,NA,0
"4349","69ba37faee13f176e7635323",NA,NA,NA,NA,0
"4350","69bdf2afe629d42bfc47997f",NA,NA,NA,NA,0
"4351","69c093d33989aa791c4e8b2d",NA,NA,NA,NA,0
"4352","69c1256faa88d6296c98d745",NA,NA,NA,NA,0
"4353","69c2f0033339865c279814ca",NA,NA,NA,NA,0
"4354","69c6ec3a92185003cf70ded5",NA,NA,NA,NA,0
"4355","69cc1fac2b52b1c4dd21cc7d",NA,NA,NA,NA,0
"4356","69cec122e3cb56c2e7000c6b",NA,NA,NA,NA,0
"4357","69d2a8765e19038ab2fc0f56",NA,NA,NA,NA,0
"4358","69d5632f4815bcc4cb7242bf",NA,NA,NA,NA,0
"4359","69daf476f6bc0d990581aca6",NA,NA,NA,NA,0
"4360","69dbf4749918745fc7d8e820",NA,NA,NA,NA,0
"4361","69dc76f0a77a620367d666ec",NA,NA,NA,NA,0
"4362","69dfe696c433039b7add8013",NA,NA,NA,NA,0
"4363","69e816058da70eddb5dbc3e1",NA,NA,NA,NA,0
"4364","69e957ad6c65e153a1c65ae2",NA,NA,NA,NA,0
"4365","69ed15278090fe4438301d5c",NA,NA,NA,NA,0
"4366","69efe0b03221edd72686c185",NA,NA,NA,NA,0
"4367","69f0438cc141b27ed949788e",NA,NA,NA,NA,0
"4368","69f3d4f3fb7630947c56f1eb",NA,NA,NA,NA,0
"4369","69f6484996726366cacd162c",NA,NA,NA,NA,0
"4370","69f674db81cb46678aae6391",NA,NA,NA,NA,0
"4371","69f7b962446b32b08d58a1df",NA,NA,NA,NA,0
"4372","69f86a04fe802de5002bb70b",NA,NA,NA,NA,0
"4373","69f8db35f08d6c337883fcb4",NA,NA,NA,NA,0
"4374","69fb3314a5e95601464d1fea",NA,NA,NA,NA,0
"4375","69fb86296fb6f0919bf31075",NA,NA,NA,NA,0
"4376","69fcc8642de981c893eb6958",NA,NA,NA,NA,0
"4377","69fce9e45d612732dd1ae4e2",NA,NA,NA,NA,0
"4378","6a00b0ca46e3f2822d0349b6",NA,NA,NA,NA,0
"4379","6a00dbcc626a780a8e5c07a4",NA,NA,NA,NA,0
"4380","6a012d3c523e7311f4e55f61",NA,NA,NA,NA,0
"4381","6a01e843af8198a220b44a18",NA,NA,NA,NA,0
"4382","6a021dc98c730b8d3ce0deca",NA,NA,NA,NA,0
"4383","6a023ad806e8158958e73b75",NA,NA,NA,NA,0
"4384","6a05131f0ad03d07dd77178e",NA,NA,NA,NA,0
"4385","6a07687bad5809e8867bdffb",NA,NA,NA,NA,0
"4386","6a0a0fd9f370053c3505dc0f",NA,NA,NA,NA,0
"4387","6a0b756dd47d16a4c82f5589",NA,NA,NA,NA,0
"4388","6a0dfefeb75ae8ac09c192c6",NA,NA,NA,NA,0
"4389","6a0e2d716e90edf1ea83dce1",NA,NA,NA,NA,0
"4390","6a0fdfd2db4241c9e5eca29a",NA,NA,NA,NA,0
"4391","6a14434573bcee3f17b7f762",NA,NA,NA,NA,0
"4392","6a14c84872f3851ab32e8c01",NA,NA,NA,NA,0
"4393","6a14e67cf20909f60e34ae64",NA,NA,NA,NA,0
"4394","6a14ed7d826b3c0b54334269",NA,NA,NA,NA,0
"4395","6a150fcbc5238897c2c9408e",NA,NA,NA,NA,0
"4396","6a18b37c0157d881234ed29f",NA,NA,NA,NA,0
"4397","6a199661a2f63c5bf9835b2e",NA,NA,NA,NA,0
"4398","6a1a3e6d47ea4b557072cc4d",NA,NA,NA,NA,0
"4399","6a1ae40320c9511f890515f7",NA,NA,NA,NA,0
"4400","6a1b544246f12219f033d3c3",NA,NA,NA,NA,0
"4401","6a1cb95bf369926ac77ea9e5",NA,NA,NA,NA,0
"4402","6a1de36b3f5c6160ff6bf6a4",NA,NA,NA,NA,0
"4403","6a1f832105dd8c89b5e930ad",NA,NA,NA,NA,0
"4404","6a2222ff6e1036656b0d5d08",NA,NA,NA,NA,0
"4405","6a232745f21e165e2b54ed58",NA,NA,NA,NA,0
"4406","6a2482e9af72b55296872b0d",NA,NA,NA,NA,0
"4407","6a2589e7b0645f2f7f1cc52c",NA,NA,NA,NA,0
"4408","6a3607f677860830aca5bdeb",NA,NA,NA,NA,0
"4409","62c5f85ccf34c8d9c0650f6e",NA,NA,NA,NA,0
"4410","661c09a749790db73f8faba5",NA,NA,NA,NA,0
"4411","66315563a848526fcfa7555b",NA,NA,NA,NA,0
"4412","66da162f5538535e93490441",NA,NA,NA,NA,0
"4413","676956116c1a3416bf7b2afe",NA,NA,NA,NA,0
"4414","695ea002344d7ca1605c747a",NA,NA,NA,NA,0
"4415","6965bd850ce22095dd7a84ca",NA,NA,NA,NA,0
"4416","6978d830c5d415696508430d",NA,NA,NA,NA,0
"4417","6987875a0a8fa6ed9ef00726",NA,NA,NA,NA,0
"4418","699b610e2ba4bade6f39121b",NA,NA,NA,NA,0
"4419","699cebf39bc275a312ffd51c",NA,NA,NA,NA,0
"4420","699e3cc79b0d3d96b469ca49",NA,NA,NA,NA,0
"4421","69a0734d1d433d3694c8438f",NA,NA,NA,NA,0
"4422","69a6eb2bc679065ed1cecc51",NA,NA,NA,NA,0
"4423","69a8cff018bead25e4a5d848",NA,NA,NA,NA,0
"4424","69b5c6bdbcf55371066f5e73",NA,NA,NA,NA,0
"4425","69ba37faee13f176e7635323",NA,NA,NA,NA,0
"4426","69bdf2afe629d42bfc47997f",NA,NA,NA,NA,0
"4427","69c093d33989aa791c4e8b2d",NA,NA,NA,NA,0
"4428","69c1256faa88d6296c98d745",NA,NA,NA,NA,0
"4429","69c2f0033339865c279814ca",NA,NA,NA,NA,0
"4430","69c6ec3a92185003cf70ded5",NA,NA,NA,NA,0
"4431","69cc1fac2b52b1c4dd21cc7d",NA,NA,NA,NA,0
"4432","69cec122e3cb56c2e7000c6b",NA,NA,NA,NA,0
"4433","69d2a8765e19038ab2fc0f56",NA,NA,NA,NA,0
"4434","69d5632f4815bcc4cb7242bf",NA,NA,NA,NA,0
"4435","69daf476f6bc0d990581aca6",NA,NA,NA,NA,0
"4436","69dbf4749918745fc7d8e820",NA,NA,NA,NA,0
"4437","69dc76f0a77a620367d666ec",NA,NA,NA,NA,0
"4438","69dfe696c433039b7add8013",NA,NA,NA,NA,0
"4439","69e816058da70eddb5dbc3e1",NA,NA,NA,NA,0
"4440","69e957ad6c65e153a1c65ae2",NA,NA,NA,NA,0
"4441","69ed15278090fe4438301d5c",NA,NA,NA,NA,0
"4442","69efe0b03221edd72686c185",NA,NA,NA,NA,0
"4443","69f0438cc141b27ed949788e",NA,NA,NA,NA,0
"4444","69f3d4f3fb7630947c56f1eb",NA,NA,NA,NA,0
"4445","69f6484996726366cacd162c",NA,NA,NA,NA,0
"4446","69f674db81cb46678aae6391",NA,NA,NA,NA,0
"4447","69f7b962446b32b08d58a1df",NA,NA,NA,NA,0
"4448","69f86a04fe802de5002bb70b",NA,NA,NA,NA,0
"4449","69f8db35f08d6c337883fcb4",NA,NA,NA,NA,0
"4450","69fb3314a5e95601464d1fea",NA,NA,NA,NA,0
"4451","69fb86296fb6f0919bf31075",NA,NA,NA,NA,0
"4452","69fcc8642de981c893eb6958",NA,NA,NA,NA,0
"4453","69fce9e45d612732dd1ae4e2",NA,NA,NA,NA,0
"4454","6a00b0ca46e3f2822d0349b6",NA,NA,NA,NA,0
"4455","6a00dbcc626a780a8e5c07a4",NA,NA,NA,NA,0
"4456","6a012d3c523e7311f4e55f61",NA,NA,NA,NA,0
"4457","6a01e843af8198a220b44a18",NA,NA,NA,NA,0
"4458","6a021dc98c730b8d3ce0deca",NA,NA,NA,NA,0
"4459","6a023ad806e8158958e73b75",NA,NA,NA,NA,0
"4460","6a05131f0ad03d07dd77178e",NA,NA,NA,NA,0
"4461","6a07687bad5809e8867bdffb",NA,NA,NA,NA,0
"4462","6a0a0fd9f370053c3505dc0f",NA,NA,NA,NA,0
"4463","6a0b756dd47d16a4c82f5589",NA,NA,NA,NA,0
"4464","6a0dfefeb75ae8ac09c192c6",NA,NA,NA,NA,0
"4465","6a0e2d716e90edf1ea83dce1",NA,NA,NA,NA,0
"4466","6a0fdfd2db4241c9e5eca29a",NA,NA,NA,NA,0
"4467","6a14434573bcee3f17b7f762",NA,NA,NA,NA,0
"4468","6a14c84872f3851ab32e8c01",NA,NA,NA,NA,0
"4469","6a14e67cf20909f60e34ae64",NA,NA,NA,NA,0
"4470","6a14ed7d826b3c0b54334269",NA,NA,NA,NA,0
"4471","6a150fcbc5238897c2c9408e",NA,NA,NA,NA,0
"4472","6a18b37c0157d881234ed29f",NA,NA,NA,NA,0
"4473","6a199661a2f63c5bf9835b2e",NA,NA,NA,NA,0
"4474","6a1a3e6d47ea4b557072cc4d",NA,NA,NA,NA,0
"4475","6a1ae40320c9511f890515f7",NA,NA,NA,NA,0
"4476","6a1b544246f12219f033d3c3",NA,NA,NA,NA,0
"4477","6a1cb95bf369926ac77ea9e5",NA,NA,NA,NA,0
"4478","6a1de36b3f5c6160ff6bf6a4",NA,NA,NA,NA,0
"4479","6a1f832105dd8c89b5e930ad",NA,NA,NA,NA,0
"4480","6a2222ff6e1036656b0d5d08",NA,NA,NA,NA,0
"4481","6a232745f21e165e2b54ed58",NA,NA,NA,NA,0
"4482","6a2482e9af72b55296872b0d",NA,NA,NA,NA,0
"4483","6a2589e7b0645f2f7f1cc52c",NA,NA,NA,NA,0
"4484","6a3607f677860830aca5bdeb",NA,NA,NA,NA,0
"4485","62c5f85ccf34c8d9c0650f6e",NA,NA,NA,NA,0
"4486","661c09a749790db73f8faba5",NA,NA,NA,NA,0
"4487","66315563a848526fcfa7555b",NA,NA,NA,NA,0
"4488","66da162f5538535e93490441",NA,NA,NA,NA,0
"4489","676956116c1a3416bf7b2afe",NA,NA,NA,NA,0
"4490","695ea002344d7ca1605c747a",NA,NA,NA,NA,0
"4491","6965bd850ce22095dd7a84ca",NA,NA,NA,NA,0
"4492","6978d830c5d415696508430d",NA,NA,NA,NA,0
"4493","6987875a0a8fa6ed9ef00726",NA,NA,NA,NA,0
"4494","699b610e2ba4bade6f39121b",NA,NA,NA,NA,0
"4495","699cebf39bc275a312ffd51c",NA,NA,NA,NA,0
"4496","699e3cc79b0d3d96b469ca49",NA,NA,NA,NA,0
"4497","69a0734d1d433d3694c8438f",NA,NA,NA,NA,0
"4498","69a6eb2bc679065ed1cecc51",NA,NA,NA,NA,0
"4499","69a8cff018bead25e4a5d848",NA,NA,NA,NA,0
"4500","69b5c6bdbcf55371066f5e73",NA,NA,NA,NA,0
"4501","69ba37faee13f176e7635323",NA,NA,NA,NA,0
"4502","69bdf2afe629d42bfc47997f",NA,NA,NA,NA,0
"4503","69c093d33989aa791c4e8b2d",NA,NA,NA,NA,0
"4504","69c1256faa88d6296c98d745",NA,NA,NA,NA,0
"4505","69c2f0033339865c279814ca",NA,NA,NA,NA,0
"4506","69c6ec3a92185003cf70ded5",NA,NA,NA,NA,0
"4507","69cc1fac2b52b1c4dd21cc7d",NA,NA,NA,NA,0
"4508","69cec122e3cb56c2e7000c6b",NA,NA,NA,NA,0
"4509","69d2a8765e19038ab2fc0f56",NA,NA,NA,NA,0
"4510","69d5632f4815bcc4cb7242bf",NA,NA,NA,NA,0
"4511","69daf476f6bc0d990581aca6",NA,NA,NA,NA,0
"4512","69dbf4749918745fc7d8e820",NA,NA,NA,NA,0
"4513","69dc76f0a77a620367d666ec",NA,NA,NA,NA,0
"4514","69dfe696c433039b7add8013",NA,NA,NA,NA,0
"4515","69e816058da70eddb5dbc3e1",NA,NA,NA,NA,0
"4516","69e957ad6c65e153a1c65ae2",NA,NA,NA,NA,0
"4517","69ed15278090fe4438301d5c",NA,NA,NA,NA,0
"4518","69efe0b03221edd72686c185",NA,NA,NA,NA,0
"4519","69f0438cc141b27ed949788e",NA,NA,NA,NA,0
"4520","69f3d4f3fb7630947c56f1eb",NA,NA,NA,NA,0
"4521","69f6484996726366cacd162c",NA,NA,NA,NA,0
"4522","69f674db81cb46678aae6391",NA,NA,NA,NA,0
"4523","69f7b962446b32b08d58a1df",NA,NA,NA,NA,0
"4524","69f86a04fe802de5002bb70b",NA,NA,NA,NA,0
"4525","69f8db35f08d6c337883fcb4",NA,NA,NA,NA,0
"4526","69fb3314a5e95601464d1fea",NA,NA,NA,NA,0
"4527","69fb86296fb6f0919bf31075",NA,NA,NA,NA,0
"4528","69fcc8642de981c893eb6958",NA,NA,NA,NA,0
"4529","69fce9e45d612732dd1ae4e2",NA,NA,NA,NA,0
"4530","6a00b0ca46e3f2822d0349b6",NA,NA,NA,NA,0
"4531","6a00dbcc626a780a8e5c07a4",NA,NA,NA,NA,0
"4532","6a012d3c523e7311f4e55f61",NA,NA,NA,NA,0
"4533","6a01e843af8198a220b44a18",NA,NA,NA,NA,0
"4534","6a021dc98c730b8d3ce0deca",NA,NA,NA,NA,0
"4535","6a023ad806e8158958e73b75",NA,NA,NA,NA,0
"4536","6a05131f0ad03d07dd77178e",NA,NA,NA,NA,0
"4537","6a07687bad5809e8867bdffb",NA,NA,NA,NA,0
"4538","6a0a0fd9f370053c3505dc0f",NA,NA,NA,NA,0
"4539","6a0b756dd47d16a4c82f5589",NA,NA,NA,NA,0
"4540","6a0dfefeb75ae8ac09c192c6",NA,NA,NA,NA,0
"4541","6a0e2d716e90edf1ea83dce1",NA,NA,NA,NA,0
"4542","6a0fdfd2db4241c9e5eca29a",NA,NA,NA,NA,0
"4543","6a14434573bcee3f17b7f762",NA,NA,NA,NA,0
"4544","6a14c84872f3851ab32e8c01",NA,NA,NA,NA,0
"4545","6a14e67cf20909f60e34ae64",NA,NA,NA,NA,0
"4546","6a14ed7d826b3c0b54334269",NA,NA,NA,NA,0
"4547","6a150fcbc5238897c2c9408e",NA,NA,NA,NA,0
"4548","6a18b37c0157d881234ed29f",NA,NA,NA,NA,0
"4549","6a199661a2f63c5bf9835b2e",NA,NA,NA,NA,0
"4550","6a1a3e6d47ea4b557072cc4d",NA,NA,NA,NA,0
"4551","6a1ae40320c9511f890515f7",NA,NA,NA,NA,0
"4552","6a1b544246f12219f033d3c3",NA,NA,NA,NA,0
"4553","6a1cb95bf369926ac77ea9e5",NA,NA,NA,NA,0
"4554","6a1de36b3f5c6160ff6bf6a4",NA,NA,NA,NA,0
"4555","6a1f832105dd8c89b5e930ad",NA,NA,NA,NA,0
"4556","6a2222ff6e1036656b0d5d08",NA,NA,NA,NA,0
"4557","6a232745f21e165e2b54ed58",NA,NA,NA,NA,0
"4558","6a2482e9af72b55296872b0d",NA,NA,NA,NA,0
"4559","6a2589e7b0645f2f7f1cc52c",NA,NA,NA,NA,0
"4560","6a3607f677860830aca5bdeb",NA,NA,NA,NA,0
"4561","62c5f85ccf34c8d9c0650f6e",NA,NA,NA,NA,0
"4562","661c09a749790db73f8faba5",NA,NA,NA,NA,0
"4563","66315563a848526fcfa7555b",NA,NA,NA,NA,0
"4564","66da162f5538535e93490441",NA,NA,NA,NA,0
"4565","676956116c1a3416bf7b2afe",NA,NA,NA,NA,0
"4566","695ea002344d7ca1605c747a",NA,NA,NA,NA,0
"4567","6965bd850ce22095dd7a84ca",NA,NA,NA,NA,0
"4568","6978d830c5d415696508430d",NA,NA,NA,NA,0
"4569","6987875a0a8fa6ed9ef00726",NA,NA,NA,NA,0
"4570","699b610e2ba4bade6f39121b",NA,NA,NA,NA,0
"4571","699cebf39bc275a312ffd51c",NA,NA,NA,NA,0
"4572","699e3cc79b0d3d96b469ca49",NA,NA,NA,NA,0
"4573","69a0734d1d433d3694c8438f",NA,NA,NA,NA,0
"4574","69a6eb2bc679065ed1cecc51",NA,NA,NA,NA,0
"4575","69a8cff018bead25e4a5d848",NA,NA,NA,NA,0
"4576","69b5c6bdbcf55371066f5e73",NA,NA,NA,NA,0
"4577","69ba37faee13f176e7635323",NA,NA,NA,NA,0
"4578","69bdf2afe629d42bfc47997f",NA,NA,NA,NA,0
"4579","69c093d33989aa791c4e8b2d",NA,NA,NA,NA,0
"4580","69c1256faa88d6296c98d745",NA,NA,NA,NA,0
"4581","69c2f0033339865c279814ca",NA,NA,NA,NA,0
"4582","69c6ec3a92185003cf70ded5",NA,NA,NA,NA,0
"4583","69cc1fac2b52b1c4dd21cc7d",NA,NA,NA,NA,0
"4584","69cec122e3cb56c2e7000c6b",NA,NA,NA,NA,0
"4585","69d2a8765e19038ab2fc0f56",NA,NA,NA,NA,0
"4586","69d5632f4815bcc4cb7242bf",NA,NA,NA,NA,0
"4587","69daf476f6bc0d990581aca6",NA,NA,NA,NA,0
"4588","69dbf4749918745fc7d8e820",NA,NA,NA,NA,0
"4589","69dc76f0a77a620367d666ec",NA,NA,NA,NA,0
"4590","69dfe696c433039b7add8013",NA,NA,NA,NA,0
"4591","69e816058da70eddb5dbc3e1",NA,NA,NA,NA,0
"4592","69e957ad6c65e153a1c65ae2",NA,NA,NA,NA,0
"4593","69ed15278090fe4438301d5c",NA,NA,NA,NA,0
"4594","69efe0b03221edd72686c185",NA,NA,NA,NA,0
"4595","69f0438cc141b27ed949788e",NA,NA,NA,NA,0
"4596","69f3d4f3fb7630947c56f1eb",NA,NA,NA,NA,0
"4597","69f6484996726366cacd162c",NA,NA,NA,NA,0
"4598","69f674db81cb46678aae6391",NA,NA,NA,NA,0
"4599","69f7b962446b32b08d58a1df",NA,NA,NA,NA,0
"4600","69f86a04fe802de5002bb70b",NA,NA,NA,NA,0
"4601","69f8db35f08d6c337883fcb4",NA,NA,NA,NA,0
"4602","69fb3314a5e95601464d1fea",NA,NA,NA,NA,0
"4603","69fb86296fb6f0919bf31075",NA,NA,NA,NA,0
"4604","69fcc8642de981c893eb6958",NA,NA,NA,NA,0
"4605","69fce9e45d612732dd1ae4e2",NA,NA,NA,NA,0
"4606","6a00b0ca46e3f2822d0349b6",NA,NA,NA,NA,0
"4607","6a00dbcc626a780a8e5c07a4",NA,NA,NA,NA,0
"4608","6a012d3c523e7311f4e55f61",NA,NA,NA,NA,0
"4609","6a01e843af8198a220b44a18",NA,NA,NA,NA,0
"4610","6a021dc98c730b8d3ce0deca",NA,NA,NA,NA,0
"4611","6a023ad806e8158958e73b75",NA,NA,NA,NA,0
"4612","6a05131f0ad03d07dd77178e",NA,NA,NA,NA,0
"4613","6a07687bad5809e8867bdffb",NA,NA,NA,NA,0
"4614","6a0a0fd9f370053c3505dc0f",NA,NA,NA,NA,0
"4615","6a0b756dd47d16a4c82f5589",NA,NA,NA,NA,0
"4616","6a0dfefeb75ae8ac09c192c6",NA,NA,NA,NA,0
"4617","6a0e2d716e90edf1ea83dce1",NA,NA,NA,NA,0
"4618","6a0fdfd2db4241c9e5eca29a",NA,NA,NA,NA,0
"4619","6a14434573bcee3f17b7f762",NA,NA,NA,NA,0
"4620","6a14c84872f3851ab32e8c01",NA,NA,NA,NA,0
"4621","6a14e67cf20909f60e34ae64",NA,NA,NA,NA,0
"4622","6a14ed7d826b3c0b54334269",NA,NA,NA,NA,0
"4623","6a150fcbc5238897c2c9408e",NA,NA,NA,NA,0
"4624","6a18b37c0157d881234ed29f",NA,NA,NA,NA,0
"4625","6a199661a2f63c5bf9835b2e",NA,NA,NA,NA,0
"4626","6a1a3e6d47ea4b557072cc4d",NA,NA,NA,NA,0
"4627","6a1ae40320c9511f890515f7",NA,NA,NA,NA,0
"4628","6a1b544246f12219f033d3c3",NA,NA,NA,NA,0
"4629","6a1cb95bf369926ac77ea9e5",NA,NA,NA,NA,0
"4630","6a1de36b3f5c6160ff6bf6a4",NA,NA,NA,NA,0
"4631","6a1f832105dd8c89b5e930ad",NA,NA,NA,NA,0
"4632","6a2222ff6e1036656b0d5d08",NA,NA,NA,NA,0
"4633","6a232745f21e165e2b54ed58",NA,NA,NA,NA,0
"4634","6a2482e9af72b55296872b0d",NA,NA,NA,NA,0
"4635","6a2589e7b0645f2f7f1cc52c",NA,NA,NA,NA,0
"4636","6a3607f677860830aca5bdeb",NA,NA,NA,NA,0
"4637","62c5f85ccf34c8d9c0650f6e",NA,NA,NA,NA,0
"4638","661c09a749790db73f8faba5",NA,NA,NA,NA,0
"4639","66315563a848526fcfa7555b",NA,NA,NA,NA,0
"4640","66da162f5538535e93490441",NA,NA,NA,NA,0
"4641","676956116c1a3416bf7b2afe",NA,NA,NA,NA,0
"4642","695ea002344d7ca1605c747a",NA,NA,NA,NA,0
"4643","6965bd850ce22095dd7a84ca",NA,NA,NA,NA,0
"4644","6978d830c5d415696508430d",NA,NA,NA,NA,0
"4645","6987875a0a8fa6ed9ef00726",NA,NA,NA,NA,0
"4646","699b610e2ba4bade6f39121b",NA,NA,NA,NA,0
"4647","699cebf39bc275a312ffd51c",NA,NA,NA,NA,0
"4648","699e3cc79b0d3d96b469ca49",NA,NA,NA,NA,0
"4649","69a0734d1d433d3694c8438f",NA,NA,NA,NA,0
"4650","69a6eb2bc679065ed1cecc51",NA,NA,NA,NA,0
"4651","69a8cff018bead25e4a5d848",NA,NA,NA,NA,0
"4652","69b5c6bdbcf55371066f5e73",NA,NA,NA,NA,0
"4653","69ba37faee13f176e7635323",NA,NA,NA,NA,0
"4654","69bdf2afe629d42bfc47997f",NA,NA,NA,NA,0
"4655","69c093d33989aa791c4e8b2d",NA,NA,NA,NA,0
"4656","69c1256faa88d6296c98d745",NA,NA,NA,NA,0
"4657","69c2f0033339865c279814ca",NA,NA,NA,NA,0
"4658","69c6ec3a92185003cf70ded5",NA,NA,NA,NA,0
"4659","69cc1fac2b52b1c4dd21cc7d",NA,NA,NA,NA,0
"4660","69cec122e3cb56c2e7000c6b",NA,NA,NA,NA,0
"4661","69d2a8765e19038ab2fc0f56",NA,NA,NA,NA,0
"4662","69d5632f4815bcc4cb7242bf",NA,NA,NA,NA,0
"4663","69daf476f6bc0d990581aca6",NA,NA,NA,NA,0
"4664","69dbf4749918745fc7d8e820",NA,NA,NA,NA,0
"4665","69dc76f0a77a620367d666ec",NA,NA,NA,NA,0
"4666","69dfe696c433039b7add8013",NA,NA,NA,NA,0
"4667","69e816058da70eddb5dbc3e1",NA,NA,NA,NA,0
"4668","69e957ad6c65e153a1c65ae2",NA,NA,NA,NA,0
"4669","69ed15278090fe4438301d5c",NA,NA,NA,NA,0
"4670","69efe0b03221edd72686c185",NA,NA,NA,NA,0
"4671","69f0438cc141b27ed949788e",NA,NA,NA,NA,0
"4672","69f3d4f3fb7630947c56f1eb",NA,NA,NA,NA,0
"4673","69f6484996726366cacd162c",NA,NA,NA,NA,0
"4674","69f674db81cb46678aae6391",NA,NA,NA,NA,0
"4675","69f7b962446b32b08d58a1df",NA,NA,NA,NA,0
"4676","69f86a04fe802de5002bb70b",NA,NA,NA,NA,0
"4677","69f8db35f08d6c337883fcb4",NA,NA,NA,NA,0
"4678","69fb3314a5e95601464d1fea",NA,NA,NA,NA,0
"4679","69fb86296fb6f0919bf31075",NA,NA,NA,NA,0
"4680","69fcc8642de981c893eb6958",NA,NA,NA,NA,0
"4681","69fce9e45d612732dd1ae4e2",NA,NA,NA,NA,0
"4682","6a00b0ca46e3f2822d0349b6",NA,NA,NA,NA,0
"4683","6a00dbcc626a780a8e5c07a4",NA,NA,NA,NA,0
"4684","6a012d3c523e7311f4e55f61",NA,NA,NA,NA,0
"4685","6a01e843af8198a220b44a18",NA,NA,NA,NA,0
"4686","6a021dc98c730b8d3ce0deca",NA,NA,NA,NA,0
"4687","6a023ad806e8158958e73b75",NA,NA,NA,NA,0
"4688","6a05131f0ad03d07dd77178e",NA,NA,NA,NA,0
"4689","6a07687bad5809e8867bdffb",NA,NA,NA,NA,0
"4690","6a0a0fd9f370053c3505dc0f",NA,NA,NA,NA,0
"4691","6a0b756dd47d16a4c82f5589",NA,NA,NA,NA,0
"4692","6a0dfefeb75ae8ac09c192c6",NA,NA,NA,NA,0
"4693","6a0e2d716e90edf1ea83dce1",NA,NA,NA,NA,0
"4694","6a0fdfd2db4241c9e5eca29a",NA,NA,NA,NA,0
"4695","6a14434573bcee3f17b7f762",NA,NA,NA,NA,0
"4696","6a14c84872f3851ab32e8c01",NA,NA,NA,NA,0
"4697","6a14e67cf20909f60e34ae64",NA,NA,NA,NA,0
"4698","6a14ed7d826b3c0b54334269",NA,NA,NA,NA,0
"4699","6a150fcbc5238897c2c9408e",NA,NA,NA,NA,0
"4700","6a18b37c0157d881234ed29f",NA,NA,NA,NA,0
"4701","6a199661a2f63c5bf9835b2e",NA,NA,NA,NA,0
"4702","6a1a3e6d47ea4b557072cc4d",NA,NA,NA,NA,0
"4703","6a1ae40320c9511f890515f7",NA,NA,NA,NA,0
"4704","6a1b544246f12219f033d3c3",NA,NA,NA,NA,0
"4705","6a1cb95bf369926ac77ea9e5",NA,NA,NA,NA,0
"4706","6a1de36b3f5c6160ff6bf6a4",NA,NA,NA,NA,0
"4707","6a1f832105dd8c89b5e930ad",NA,NA,NA,NA,0
"4708","6a2222ff6e1036656b0d5d08",NA,NA,NA,NA,0
"4709","6a232745f21e165e2b54ed58",NA,NA,NA,NA,0
"4710","6a2482e9af72b55296872b0d",NA,NA,NA,NA,0
"4711","6a2589e7b0645f2f7f1cc52c",NA,NA,NA,NA,0
"4712","6a3607f677860830aca5bdeb",NA,NA,NA,NA,0
"4713","62c5f85ccf34c8d9c0650f6e",NA,NA,NA,NA,0
"4714","661c09a749790db73f8faba5",NA,NA,NA,NA,0
"4715","66315563a848526fcfa7555b",NA,NA,NA,NA,0
"4716","66da162f5538535e93490441",NA,NA,NA,NA,0
"4717","676956116c1a3416bf7b2afe",NA,NA,NA,NA,0
"4718","695ea002344d7ca1605c747a",NA,NA,NA,NA,0
"4719","6965bd850ce22095dd7a84ca",NA,NA,NA,NA,0
"4720","6978d830c5d415696508430d",NA,NA,NA,NA,0
"4721","6987875a0a8fa6ed9ef00726",NA,NA,NA,NA,0
"4722","699b610e2ba4bade6f39121b",NA,NA,NA,NA,0
"4723","699cebf39bc275a312ffd51c",NA,NA,NA,NA,0
"4724","699e3cc79b0d3d96b469ca49",NA,NA,NA,NA,0
"4725","69a0734d1d433d3694c8438f",NA,NA,NA,NA,0
"4726","69a6eb2bc679065ed1cecc51",NA,NA,NA,NA,0
"4727","69a8cff018bead25e4a5d848",NA,NA,NA,NA,0
"4728","69b5c6bdbcf55371066f5e73",NA,NA,NA,NA,0
"4729","69ba37faee13f176e7635323",NA,NA,NA,NA,0
"4730","69bdf2afe629d42bfc47997f",NA,NA,NA,NA,0
"4731","69c093d33989aa791c4e8b2d",NA,NA,NA,NA,0
"4732","69c1256faa88d6296c98d745",NA,NA,NA,NA,0
"4733","69c2f0033339865c279814ca",NA,NA,NA,NA,0
"4734","69c6ec3a92185003cf70ded5",NA,NA,NA,NA,0
"4735","69cc1fac2b52b1c4dd21cc7d",NA,NA,NA,NA,0
"4736","69cec122e3cb56c2e7000c6b",NA,NA,NA,NA,0
"4737","69d2a8765e19038ab2fc0f56",NA,NA,NA,NA,0
"4738","69d5632f4815bcc4cb7242bf",NA,NA,NA,NA,0
"4739","69daf476f6bc0d990581aca6",NA,NA,NA,NA,0
"4740","69dbf4749918745fc7d8e820",NA,NA,NA,NA,0
"4741","69dc76f0a77a620367d666ec",NA,NA,NA,NA,0
"4742","69dfe696c433039b7add8013",NA,NA,NA,NA,0
"4743","69e816058da70eddb5dbc3e1",NA,NA,NA,NA,0
"4744","69e957ad6c65e153a1c65ae2",NA,NA,NA,NA,0
"4745","69ed15278090fe4438301d5c",NA,NA,NA,NA,0
"4746","69efe0b03221edd72686c185",NA,NA,NA,NA,0
"4747","69f0438cc141b27ed949788e",NA,NA,NA,NA,0
"4748","69f3d4f3fb7630947c56f1eb",NA,NA,NA,NA,0
"4749","69f6484996726366cacd162c",NA,NA,NA,NA,0
"4750","69f674db81cb46678aae6391",NA,NA,NA,NA,0
"4751","69f7b962446b32b08d58a1df",NA,NA,NA,NA,0
"4752","69f86a04fe802de5002bb70b",NA,NA,NA,NA,0
"4753","69f8db35f08d6c337883fcb4",NA,NA,NA,NA,0
"4754","69fb3314a5e95601464d1fea",NA,NA,NA,NA,0
"4755","69fb86296fb6f0919bf31075",NA,NA,NA,NA,0
"4756","69fcc8642de981c893eb6958",NA,NA,NA,NA,0
"4757","69fce9e45d612732dd1ae4e2",NA,NA,NA,NA,0
"4758","6a00b0ca46e3f2822d0349b6",NA,NA,NA,NA,0
"4759","6a00dbcc626a780a8e5c07a4",NA,NA,NA,NA,0
"4760","6a012d3c523e7311f4e55f61",NA,NA,NA,NA,0
"4761","6a01e843af8198a220b44a18",NA,NA,NA,NA,0
"4762","6a021dc98c730b8d3ce0deca",NA,NA,NA,NA,0
"4763","6a023ad806e8158958e73b75",NA,NA,NA,NA,0
"4764","6a05131f0ad03d07dd77178e",NA,NA,NA,NA,0
"4765","6a07687bad5809e8867bdffb",NA,NA,NA,NA,0
"4766","6a0a0fd9f370053c3505dc0f",NA,NA,NA,NA,0
"4767","6a0b756dd47d16a4c82f5589",NA,NA,NA,NA,0
"4768","6a0dfefeb75ae8ac09c192c6",NA,NA,NA,NA,0
"4769","6a0e2d716e90edf1ea83dce1",NA,NA,NA,NA,0
"4770","6a0fdfd2db4241c9e5eca29a",NA,NA,NA,NA,0
"4771","6a14434573bcee3f17b7f762",NA,NA,NA,NA,0
"4772","6a14c84872f3851ab32e8c01",NA,NA,NA,NA,0
"4773","6a14e67cf20909f60e34ae64",NA,NA,NA,NA,0
"4774","6a14ed7d826b3c0b54334269",NA,NA,NA,NA,0
"4775","6a150fcbc5238897c2c9408e",NA,NA,NA,NA,0
"4776","6a18b37c0157d881234ed29f",NA,NA,NA,NA,0
"4777","6a199661a2f63c5bf9835b2e",NA,NA,NA,NA,0
"4778","6a1a3e6d47ea4b557072cc4d",NA,NA,NA,NA,0
"4779","6a1ae40320c9511f890515f7",NA,NA,NA,NA,0
"4780","6a1b544246f12219f033d3c3",NA,NA,NA,NA,0
"4781","6a1cb95bf369926ac77ea9e5",NA,NA,NA,NA,0
"4782","6a1de36b3f5c6160ff6bf6a4",NA,NA,NA,NA,0
"4783","6a1f832105dd8c89b5e930ad",NA,NA,NA,NA,0
"4784","6a2222ff6e1036656b0d5d08",NA,NA,NA,NA,0
"4785","6a232745f21e165e2b54ed58",NA,NA,NA,NA,0
"4786","6a2482e9af72b55296872b0d",NA,NA,NA,NA,0
"4787","6a2589e7b0645f2f7f1cc52c",NA,NA,NA,NA,0
"4788","6a3607f677860830aca5bdeb",NA,NA,NA,NA,0
