"","workerid","feedback_seenBefore","feedback_anyProblems","feedback_problemDescription","feedback_comments","feedback_1"
"1","62c5f85ccf34c8d9c0650f6e","No","No","","",NA
"2","65465c5bc5a014ec683d55cf","No","No","","This was certainly entertaining",NA
"3","661c09a749790db73f8faba5","No","No","","The experiment was enjoyable and very engaging. I did not experience any issues while performing the experiment.",NA
"4","66315563a848526fcfa7555b","Yes","No","","",NA
"5","665795d82a087799023aaf0e","No","No","","None. Thank you.",NA
"6","66da162f5538535e93490441","No","No","","It was an interesting experiment for sure",NA
"7","676956116c1a3416bf7b2afe","No","No","","",NA
"8","695ea002344d7ca1605c747a","No","No","","",NA
"9","6965bd850ce22095dd7a84ca","No","No","","",NA
"10","6978d830c5d415696508430d","Yes","No","","",NA
"11","697a495862ac67423e8418b8","No","No","","It was interesting and I enjoyed it.",NA
"12","6980dfb784202dcf9736910f","No","No","","It was interesting to watch/do, and made me curious about what was being tested/studied here.",NA
"13","69864a705614c15728117b35","No","No","","n/a",NA
"14","6987875a0a8fa6ed9ef00726","No","No","","I really enjoyed this study, experiment 1 and 2",NA
"15","699b610e2ba4bade6f39121b","Yes","No","","This was a lot of fun. Well Done!",NA
"16","699cebf39bc275a312ffd51c","Yes","No","","",NA
"17","699d45af20adaa6e1e89aa5a","No","No","","",NA
"18","699e3cc79b0d3d96b469ca49",NA,NA,NA,NA,0
"19","69a0734d1d433d3694c8438f","No","No","","",NA
"20","69a6eb2bc679065ed1cecc51","Yes","Yes","","nothing",NA
"21","69a8cff018bead25e4a5d848","No","Yes","Two clips had a problem loading. But the screen said hit next and I did and then it played","",NA
"22","69b19e44edf4d70aee145c16","No","No","","Thank you so much !",NA
"23","69b3193cce0978ad6db9fe7c","No","Yes","some of the audio was cut out in the beginning of the clips.","funny as hell",NA
"24","69b5c6bdbcf55371066f5e73","No","No","","",NA
"25","69ba37faee13f176e7635323","No","No","","",NA
"26","69bdf2afe629d42bfc47997f","No","No","","That was difficult to watch. Nathan is too immoral to become famous in my opinion. Really gross.",NA
"27","69c093d33989aa791c4e8b2d","No","No","","",NA
"28","69c1256faa88d6296c98d745","No","No","","",NA
"29","69c2f0033339865c279814ca","No","No","","Nothing to note",NA
"30","69c6ec3a92185003cf70ded5","No","No","","",NA
"31","69cc1fac2b52b1c4dd21cc7d","No","No","","the last part was hilarious",NA
"32","69cec122e3cb56c2e7000c6b","No","No","","",NA
"33","69d2a8765e19038ab2fc0f56","No","No","","i wish more studies were like this it was enjoyable and made me want to watch the show",NA
"34","69d5632f4815bcc4cb7242bf","No","No","","none",NA
"35","69d5c4d748bcaf8026c80573","No","No","","I had to remind myself that this was on comedy central, so of course it's going to be a bit ridiculous, unserious and intended to be funny. As for the first part with the audio clips, I thought it was interesting and easy. The people who recorded themselves did a good job. The only time I was uncertain was with calling something big, and not knowing if they intentionally didn't use words like enormous, of if they're unfamiliar with the word because english isn't their first language.",NA
"36","69daf476f6bc0d990581aca6","Yes","No","","",NA
"37","69dbf4749918745fc7d8e820","No","No","","It was a cute show that made me laugh.",NA
"38","69dc76f0a77a620367d666ec","No","No","","",NA
"39","69dfe696c433039b7add8013","Yes","No","","I thought this was really fun and interesting!",NA
"40","69e599577d00fb31c54fb004","No","No","","",NA
"41","69e816058da70eddb5dbc3e1","No","No","","This was so uncomfortable to watch. Nathan's approach was grossly manipulative.",NA
"42","69e957ad6c65e153a1c65ae2","No","No","","I felt like the scenario seemed a bit fake and acted out is all.",NA
"43","69ed15278090fe4438301d5c","No","No","","none",NA
"44","69efe0b03221edd72686c185","Yes","No","","I loved the whole thing! i love this show and the word part was fun too.",NA
"45","69f0438cc141b27ed949788e","No","No","","I thought the experiment was interesting and fun.",NA
"46","69f3d4f3fb7630947c56f1eb","No","Yes","2 of the videos didn't load and it told me to skip ahead to the next part. I would have liked to see them.","Very clear and easy to understand.",NA
"47","69f6484996726366cacd162c","No","No","","",NA
"48","69f674db81cb46678aae6391","Yes","No","","I've seen many episodes of the show before and I've also watched the Rehearsal, I haven't seen the episode from this survey though, with the antique shop. I will say, some of the question sets seemed like they were coming BEFORE the related video, I did my best to answer them but it seemed like I think two of them had the questions beforehand which made it hard to know how to answer them lol",NA
"49","69f7b962446b32b08d58a1df","No","No","","",NA
"50","69f86a04fe802de5002bb70b","Yes","Yes","One failed to load and I had to redo the entire thing.","It was hilarious",NA
"51","69f8db35f08d6c337883fcb4","No","No","","Unbelievable.",NA
"52","69fb3314a5e95601464d1fea","No","No","","interesting to answer",NA
"53","69fb86296fb6f0919bf31075","No","No","","This was such a different study, one that I have never experienced, but that I really enjoyed. I wish more studies were like this! The only thing that I had to mention was that during the study, it froze up on me, so I had to restart it. Other than that, everything else was great!",NA
"54","69fcc8642de981c893eb6958","No","No","","",NA
"55","69fce9e45d612732dd1ae4e2","Yes","No","","",NA
"56","69fd3605435216c2d93bc72f","No","No","","It was all fun and entertaining.",NA
"57","6a00b0ca46e3f2822d0349b6","Yes","No","","",NA
"58","6a00b4c7593a89490830c18c","No","No","","",NA
"59","6a00dbcc626a780a8e5c07a4",NA,NA,NA,NA,0
"60","6a012d3c523e7311f4e55f61","No","No","","",NA
"61","6a01e843af8198a220b44a18","No","No","","",NA
"62","6a021dc98c730b8d3ce0deca","No","No","","",NA
"63","6a023ad806e8158958e73b75",NA,NA,NA,NA,0
"64","6a04948f1e40214a25ff2563","Yes","No","","",NA
"65","6a05131f0ad03d07dd77178e","Yes","No","","It seemed like some of the questions you asked preceded the clips for which they were intended.  For example, you asked JJ's reaction to the policy before he even had a chance to react to it.",NA
"66","6a07687bad5809e8867bdffb","No","No","","",NA
"67","6a0a0fd9f370053c3505dc0f","No","No","","",NA
"68","6a0b7296246f70341f078e55","Yes","No","","",NA
"69","6a0b756dd47d16a4c82f5589","Yes","No","","",NA
"70","6a0dbb470d44c02c7ec444f0","No","No","","",NA
"71","6a0dfefeb75ae8ac09c192c6","No","No","","is This a real show? Its hilarious if so",NA
"72","6a0e0a9490e868c044e21936","No","No","","funny clips",NA
"73","6a0e2d716e90edf1ea83dce1","No","No","","",NA
"74","6a0f1056788a67850f057de4","No","No","","I was surprised she went along with it",NA
"75","6a0fdfd2db4241c9e5eca29a","No","No","","Oh, I thought it was hilarious. I don't think I've done a better study. So, thank you for this.",NA
"76","6a14434573bcee3f17b7f762","No","Yes","There was 2 clips that wouldnt play","All good, everything went well!",NA
"77","6a14c736578656591db6ea31","Yes","Yes","Some of the clips ended too early for the answers to be answered correctly. It would be a few seconds too short of what it needed to be to answer all the questions for that segment.","",NA
"78","6a14c84872f3851ab32e8c01","No","Yes","there were sections missing, like I didn't get to see JJ's reaction to being told the you break it you buy it revelation, or Emily's reaction to that, but you quizzed me on it. (Unless the point was for me to guess how I'd think they would react)","",NA
"79","6a14e67cf20909f60e34ae64","No","No","","These two experiments were a lot of fun. It was definitely a different experience. And it's a show I definitely want to try to see in the future. I was annoyed at myself a few times, because I was trying to watch everything in the clips, but I ended up missing a couple of answers (like realizing it was liquor and not beer when Nathan and JJ were drinking).",NA
"80","6a14ed7d826b3c0b54334269","Yes","No","","It was really interesting and the episode of Nathan For You was hilarious.",NA
"81","6a150fcbc5238897c2c9408e","Yes","No","","I had to answer the door and missed one question",NA
"82","6a1582166cefcdcbed565058","No","No","","",NA
"83","6a15d5fb80117206e7200cf7","No","No","","",NA
"84","6a15dfdb880253e5b6b917f3","No","No","","",NA
"85","6a177f7ec67996448d9c7d41","No","Yes","More than have of the videos had a hard time loading.","It was fun and entertaining. I actually enjoyed taking this study.",NA
"86","6a18b37c0157d881234ed29f","Yes","No","","At the end of part 1, I tried multiple times to record my response about why I answered the way I did, but was unable to despite the recordings earlier in the experiment working fine. My answer was that each face had a clear emotion on it, from happy to neutral to angry.",NA
"87","6a199661a2f63c5bf9835b2e","No","No","","",NA
"88","6a1a3e6d47ea4b557072cc4d","No","Yes","The audio may have been a bit delayed for some of the clips","",NA
"89","6a1ae40320c9511f890515f7","No","No","","n/a",NA
"90","6a1b544246f12219f033d3c3","No","No","","It was pretty funny. Never seen this show before.",NA
"91","6a1cb95bf369926ac77ea9e5","No","Yes","2 clips didn't load but I was still able to follow the story.","",NA
"92","6a1de36b3f5c6160ff6bf6a4","No","No","","",NA
"93","6a1f0ef7a64d44c972d3a5f7","No","No","","",NA
"94","6a1f832105dd8c89b5e930ad","No","No","","",NA
"95","6a2222ff6e1036656b0d5d08","Yes","No","","",NA
"96","6a232745f21e165e2b54ed58","No","Yes","","",NA
"97","6a2482e9af72b55296872b0d","No","No","","Pretty cool experience",NA
"98","6a2589e7b0645f2f7f1cc52c","No","Yes","The videos did not seem to come at the right time according to the questions.  The video that explained the question was shown after it was asked on some of these.","",NA
"99","6a3607f677860830aca5bdeb","No","No","","",NA
"100","62c5f85ccf34c8d9c0650f6e",NA,NA,NA,NA,0
"101","65465c5bc5a014ec683d55cf",NA,NA,NA,NA,0
"102","661c09a749790db73f8faba5",NA,NA,NA,NA,0
"103","66315563a848526fcfa7555b",NA,NA,NA,NA,0
"104","665795d82a087799023aaf0e",NA,NA,NA,NA,0
"105","66da162f5538535e93490441",NA,NA,NA,NA,0
"106","676956116c1a3416bf7b2afe",NA,NA,NA,NA,0
"107","695ea002344d7ca1605c747a",NA,NA,NA,NA,0
"108","6965bd850ce22095dd7a84ca",NA,NA,NA,NA,0
"109","6978d830c5d415696508430d",NA,NA,NA,NA,0
"110","697a495862ac67423e8418b8",NA,NA,NA,NA,0
"111","6980dfb784202dcf9736910f",NA,NA,NA,NA,0
"112","69864a705614c15728117b35",NA,NA,NA,NA,0
"113","6987875a0a8fa6ed9ef00726",NA,NA,NA,NA,0
"114","699b610e2ba4bade6f39121b",NA,NA,NA,NA,0
"115","699cebf39bc275a312ffd51c",NA,NA,NA,NA,0
"116","699d45af20adaa6e1e89aa5a",NA,NA,NA,NA,0
"117","699e3cc79b0d3d96b469ca49",NA,NA,NA,NA,0
"118","69a0734d1d433d3694c8438f",NA,NA,NA,NA,0
"119","69a6eb2bc679065ed1cecc51",NA,NA,NA,NA,0
"120","69a8cff018bead25e4a5d848",NA,NA,NA,NA,0
"121","69b19e44edf4d70aee145c16",NA,NA,NA,NA,0
"122","69b3193cce0978ad6db9fe7c",NA,NA,NA,NA,0
"123","69b5c6bdbcf55371066f5e73",NA,NA,NA,NA,0
"124","69ba37faee13f176e7635323",NA,NA,NA,NA,0
"125","69bdf2afe629d42bfc47997f",NA,NA,NA,NA,0
"126","69c093d33989aa791c4e8b2d",NA,NA,NA,NA,0
"127","69c1256faa88d6296c98d745",NA,NA,NA,NA,0
"128","69c2f0033339865c279814ca",NA,NA,NA,NA,0
"129","69c6ec3a92185003cf70ded5",NA,NA,NA,NA,0
"130","69cc1fac2b52b1c4dd21cc7d",NA,NA,NA,NA,0
"131","69cec122e3cb56c2e7000c6b",NA,NA,NA,NA,0
"132","69d2a8765e19038ab2fc0f56",NA,NA,NA,NA,0
"133","69d5632f4815bcc4cb7242bf",NA,NA,NA,NA,0
"134","69d5c4d748bcaf8026c80573",NA,NA,NA,NA,0
"135","69daf476f6bc0d990581aca6",NA,NA,NA,NA,0
"136","69dbf4749918745fc7d8e820",NA,NA,NA,NA,0
"137","69dc76f0a77a620367d666ec",NA,NA,NA,NA,0
"138","69dfe696c433039b7add8013",NA,NA,NA,NA,0
"139","69e599577d00fb31c54fb004",NA,NA,NA,NA,0
"140","69e816058da70eddb5dbc3e1",NA,NA,NA,NA,0
"141","69e957ad6c65e153a1c65ae2",NA,NA,NA,NA,0
"142","69ed15278090fe4438301d5c",NA,NA,NA,NA,0
"143","69efe0b03221edd72686c185",NA,NA,NA,NA,0
"144","69f0438cc141b27ed949788e",NA,NA,NA,NA,0
"145","69f3d4f3fb7630947c56f1eb",NA,NA,NA,NA,0
"146","69f6484996726366cacd162c",NA,NA,NA,NA,0
"147","69f674db81cb46678aae6391",NA,NA,NA,NA,0
"148","69f7b962446b32b08d58a1df",NA,NA,NA,NA,0
"149","69f86a04fe802de5002bb70b",NA,NA,NA,NA,0
"150","69f8db35f08d6c337883fcb4",NA,NA,NA,NA,0
"151","69fb3314a5e95601464d1fea",NA,NA,NA,NA,0
"152","69fb86296fb6f0919bf31075",NA,NA,NA,NA,0
"153","69fcc8642de981c893eb6958",NA,NA,NA,NA,0
"154","69fce9e45d612732dd1ae4e2",NA,NA,NA,NA,0
"155","69fd3605435216c2d93bc72f",NA,NA,NA,NA,0
"156","6a00b0ca46e3f2822d0349b6",NA,NA,NA,NA,0
"157","6a00b4c7593a89490830c18c",NA,NA,NA,NA,0
"158","6a00dbcc626a780a8e5c07a4",NA,NA,NA,NA,0
"159","6a012d3c523e7311f4e55f61",NA,NA,NA,NA,0
"160","6a01e843af8198a220b44a18",NA,NA,NA,NA,0
"161","6a021dc98c730b8d3ce0deca",NA,NA,NA,NA,0
"162","6a023ad806e8158958e73b75",NA,NA,NA,NA,0
"163","6a04948f1e40214a25ff2563",NA,NA,NA,NA,0
"164","6a05131f0ad03d07dd77178e",NA,NA,NA,NA,0
"165","6a07687bad5809e8867bdffb",NA,NA,NA,NA,0
"166","6a0a0fd9f370053c3505dc0f",NA,NA,NA,NA,0
"167","6a0b7296246f70341f078e55",NA,NA,NA,NA,0
"168","6a0b756dd47d16a4c82f5589",NA,NA,NA,NA,0
"169","6a0dbb470d44c02c7ec444f0",NA,NA,NA,NA,0
"170","6a0dfefeb75ae8ac09c192c6",NA,NA,NA,NA,0
"171","6a0e0a9490e868c044e21936",NA,NA,NA,NA,0
"172","6a0e2d716e90edf1ea83dce1",NA,NA,NA,NA,0
"173","6a0f1056788a67850f057de4",NA,NA,NA,NA,0
"174","6a0fdfd2db4241c9e5eca29a",NA,NA,NA,NA,0
"175","6a14434573bcee3f17b7f762",NA,NA,NA,NA,0
"176","6a14c736578656591db6ea31",NA,NA,NA,NA,0
"177","6a14c84872f3851ab32e8c01",NA,NA,NA,NA,0
"178","6a14e67cf20909f60e34ae64",NA,NA,NA,NA,0
"179","6a14ed7d826b3c0b54334269",NA,NA,NA,NA,0
"180","6a150fcbc5238897c2c9408e",NA,NA,NA,NA,0
"181","6a1582166cefcdcbed565058",NA,NA,NA,NA,0
"182","6a15d5fb80117206e7200cf7",NA,NA,NA,NA,0
"183","6a15dfdb880253e5b6b917f3",NA,NA,NA,NA,0
"184","6a177f7ec67996448d9c7d41",NA,NA,NA,NA,0
"185","6a18b37c0157d881234ed29f",NA,NA,NA,NA,0
"186","6a199661a2f63c5bf9835b2e",NA,NA,NA,NA,0
"187","6a1a3e6d47ea4b557072cc4d",NA,NA,NA,NA,0
"188","6a1ae40320c9511f890515f7",NA,NA,NA,NA,0
"189","6a1b544246f12219f033d3c3",NA,NA,NA,NA,0
"190","6a1cb95bf369926ac77ea9e5",NA,NA,NA,NA,0
"191","6a1de36b3f5c6160ff6bf6a4",NA,NA,NA,NA,0
"192","6a1f0ef7a64d44c972d3a5f7",NA,NA,NA,NA,0
"193","6a1f832105dd8c89b5e930ad",NA,NA,NA,NA,0
"194","6a2222ff6e1036656b0d5d08",NA,NA,NA,NA,0
"195","6a232745f21e165e2b54ed58",NA,NA,NA,NA,0
"196","6a2482e9af72b55296872b0d",NA,NA,NA,NA,0
"197","6a2589e7b0645f2f7f1cc52c",NA,NA,NA,NA,0
"198","6a3607f677860830aca5bdeb",NA,NA,NA,NA,0
"199","62c5f85ccf34c8d9c0650f6e",NA,NA,NA,NA,0
"200","65465c5bc5a014ec683d55cf",NA,NA,NA,NA,0
"201","661c09a749790db73f8faba5",NA,NA,NA,NA,0
"202","66315563a848526fcfa7555b",NA,NA,NA,NA,0
"203","665795d82a087799023aaf0e",NA,NA,NA,NA,0
"204","66da162f5538535e93490441",NA,NA,NA,NA,0
"205","676956116c1a3416bf7b2afe",NA,NA,NA,NA,0
"206","695ea002344d7ca1605c747a",NA,NA,NA,NA,0
"207","6965bd850ce22095dd7a84ca",NA,NA,NA,NA,0
"208","6978d830c5d415696508430d",NA,NA,NA,NA,0
"209","697a495862ac67423e8418b8",NA,NA,NA,NA,0
"210","6980dfb784202dcf9736910f",NA,NA,NA,NA,0
"211","69864a705614c15728117b35",NA,NA,NA,NA,0
"212","6987875a0a8fa6ed9ef00726",NA,NA,NA,NA,0
"213","699b610e2ba4bade6f39121b",NA,NA,NA,NA,0
"214","699cebf39bc275a312ffd51c",NA,NA,NA,NA,0
"215","699d45af20adaa6e1e89aa5a",NA,NA,NA,NA,0
"216","699e3cc79b0d3d96b469ca49",NA,NA,NA,NA,0
"217","69a0734d1d433d3694c8438f",NA,NA,NA,NA,0
"218","69a6eb2bc679065ed1cecc51",NA,NA,NA,NA,0
"219","69a8cff018bead25e4a5d848",NA,NA,NA,NA,0
"220","69b19e44edf4d70aee145c16",NA,NA,NA,NA,0
"221","69b3193cce0978ad6db9fe7c",NA,NA,NA,NA,0
"222","69b5c6bdbcf55371066f5e73",NA,NA,NA,NA,0
"223","69ba37faee13f176e7635323",NA,NA,NA,NA,0
"224","69bdf2afe629d42bfc47997f",NA,NA,NA,NA,0
"225","69c093d33989aa791c4e8b2d",NA,NA,NA,NA,0
"226","69c1256faa88d6296c98d745",NA,NA,NA,NA,0
"227","69c2f0033339865c279814ca",NA,NA,NA,NA,0
"228","69c6ec3a92185003cf70ded5",NA,NA,NA,NA,0
"229","69cc1fac2b52b1c4dd21cc7d",NA,NA,NA,NA,0
"230","69cec122e3cb56c2e7000c6b",NA,NA,NA,NA,0
"231","69d2a8765e19038ab2fc0f56",NA,NA,NA,NA,0
"232","69d5632f4815bcc4cb7242bf",NA,NA,NA,NA,0
"233","69d5c4d748bcaf8026c80573",NA,NA,NA,NA,0
"234","69daf476f6bc0d990581aca6",NA,NA,NA,NA,0
"235","69dbf4749918745fc7d8e820",NA,NA,NA,NA,0
"236","69dc76f0a77a620367d666ec",NA,NA,NA,NA,0
"237","69dfe696c433039b7add8013",NA,NA,NA,NA,0
"238","69e599577d00fb31c54fb004",NA,NA,NA,NA,0
"239","69e816058da70eddb5dbc3e1",NA,NA,NA,NA,0
"240","69e957ad6c65e153a1c65ae2",NA,NA,NA,NA,0
"241","69ed15278090fe4438301d5c",NA,NA,NA,NA,0
"242","69efe0b03221edd72686c185",NA,NA,NA,NA,0
"243","69f0438cc141b27ed949788e",NA,NA,NA,NA,0
"244","69f3d4f3fb7630947c56f1eb",NA,NA,NA,NA,0
"245","69f6484996726366cacd162c",NA,NA,NA,NA,0
"246","69f674db81cb46678aae6391",NA,NA,NA,NA,0
"247","69f7b962446b32b08d58a1df",NA,NA,NA,NA,0
"248","69f86a04fe802de5002bb70b",NA,NA,NA,NA,0
"249","69f8db35f08d6c337883fcb4",NA,NA,NA,NA,0
"250","69fb3314a5e95601464d1fea",NA,NA,NA,NA,0
"251","69fb86296fb6f0919bf31075",NA,NA,NA,NA,0
"252","69fcc8642de981c893eb6958",NA,NA,NA,NA,0
"253","69fce9e45d612732dd1ae4e2",NA,NA,NA,NA,0
"254","69fd3605435216c2d93bc72f",NA,NA,NA,NA,0
"255","6a00b0ca46e3f2822d0349b6",NA,NA,NA,NA,0
"256","6a00b4c7593a89490830c18c",NA,NA,NA,NA,0
"257","6a00dbcc626a780a8e5c07a4",NA,NA,NA,NA,0
"258","6a012d3c523e7311f4e55f61",NA,NA,NA,NA,0
"259","6a01e843af8198a220b44a18",NA,NA,NA,NA,0
"260","6a021dc98c730b8d3ce0deca",NA,NA,NA,NA,0
"261","6a023ad806e8158958e73b75",NA,NA,NA,NA,0
"262","6a04948f1e40214a25ff2563",NA,NA,NA,NA,0
"263","6a05131f0ad03d07dd77178e",NA,NA,NA,NA,0
"264","6a07687bad5809e8867bdffb",NA,NA,NA,NA,0
"265","6a0a0fd9f370053c3505dc0f",NA,NA,NA,NA,0
"266","6a0b7296246f70341f078e55",NA,NA,NA,NA,0
"267","6a0b756dd47d16a4c82f5589",NA,NA,NA,NA,0
"268","6a0dbb470d44c02c7ec444f0",NA,NA,NA,NA,0
"269","6a0dfefeb75ae8ac09c192c6",NA,NA,NA,NA,0
"270","6a0e0a9490e868c044e21936",NA,NA,NA,NA,0
"271","6a0e2d716e90edf1ea83dce1",NA,NA,NA,NA,0
"272","6a0f1056788a67850f057de4",NA,NA,NA,NA,0
"273","6a0fdfd2db4241c9e5eca29a",NA,NA,NA,NA,0
"274","6a14434573bcee3f17b7f762",NA,NA,NA,NA,0
"275","6a14c736578656591db6ea31",NA,NA,NA,NA,0
"276","6a14c84872f3851ab32e8c01",NA,NA,NA,NA,0
"277","6a14e67cf20909f60e34ae64",NA,NA,NA,NA,0
"278","6a14ed7d826b3c0b54334269",NA,NA,NA,NA,0
"279","6a150fcbc5238897c2c9408e",NA,NA,NA,NA,0
"280","6a1582166cefcdcbed565058",NA,NA,NA,NA,0
"281","6a15d5fb80117206e7200cf7",NA,NA,NA,NA,0
"282","6a15dfdb880253e5b6b917f3",NA,NA,NA,NA,0
"283","6a177f7ec67996448d9c7d41",NA,NA,NA,NA,0
"284","6a18b37c0157d881234ed29f",NA,NA,NA,NA,0
"285","6a199661a2f63c5bf9835b2e",NA,NA,NA,NA,0
"286","6a1a3e6d47ea4b557072cc4d",NA,NA,NA,NA,0
"287","6a1ae40320c9511f890515f7",NA,NA,NA,NA,0
"288","6a1b544246f12219f033d3c3",NA,NA,NA,NA,0
"289","6a1cb95bf369926ac77ea9e5",NA,NA,NA,NA,0
"290","6a1de36b3f5c6160ff6bf6a4",NA,NA,NA,NA,0
"291","6a1f0ef7a64d44c972d3a5f7",NA,NA,NA,NA,0
"292","6a1f832105dd8c89b5e930ad",NA,NA,NA,NA,0
"293","6a2222ff6e1036656b0d5d08",NA,NA,NA,NA,0
"294","6a232745f21e165e2b54ed58",NA,NA,NA,NA,0
"295","6a2482e9af72b55296872b0d",NA,NA,NA,NA,0
"296","6a2589e7b0645f2f7f1cc52c",NA,NA,NA,NA,0
"297","6a3607f677860830aca5bdeb",NA,NA,NA,NA,0
"298","62c5f85ccf34c8d9c0650f6e",NA,NA,NA,NA,0
"299","65465c5bc5a014ec683d55cf",NA,NA,NA,NA,0
"300","661c09a749790db73f8faba5",NA,NA,NA,NA,0
"301","66315563a848526fcfa7555b",NA,NA,NA,NA,0
"302","665795d82a087799023aaf0e",NA,NA,NA,NA,0
"303","66da162f5538535e93490441",NA,NA,NA,NA,0
"304","676956116c1a3416bf7b2afe",NA,NA,NA,NA,0
"305","695ea002344d7ca1605c747a",NA,NA,NA,NA,0
"306","6965bd850ce22095dd7a84ca",NA,NA,NA,NA,0
"307","6978d830c5d415696508430d",NA,NA,NA,NA,0
"308","697a495862ac67423e8418b8",NA,NA,NA,NA,0
"309","6980dfb784202dcf9736910f",NA,NA,NA,NA,0
"310","69864a705614c15728117b35",NA,NA,NA,NA,0
"311","6987875a0a8fa6ed9ef00726",NA,NA,NA,NA,0
"312","699b610e2ba4bade6f39121b",NA,NA,NA,NA,0
"313","699cebf39bc275a312ffd51c",NA,NA,NA,NA,0
"314","699d45af20adaa6e1e89aa5a",NA,NA,NA,NA,0
"315","699e3cc79b0d3d96b469ca49",NA,NA,NA,NA,0
"316","69a0734d1d433d3694c8438f",NA,NA,NA,NA,0
"317","69a6eb2bc679065ed1cecc51",NA,NA,NA,NA,0
"318","69a8cff018bead25e4a5d848",NA,NA,NA,NA,0
"319","69b19e44edf4d70aee145c16",NA,NA,NA,NA,0
"320","69b3193cce0978ad6db9fe7c",NA,NA,NA,NA,0
"321","69b5c6bdbcf55371066f5e73",NA,NA,NA,NA,0
"322","69ba37faee13f176e7635323",NA,NA,NA,NA,0
"323","69bdf2afe629d42bfc47997f",NA,NA,NA,NA,0
"324","69c093d33989aa791c4e8b2d",NA,NA,NA,NA,0
"325","69c1256faa88d6296c98d745",NA,NA,NA,NA,0
"326","69c2f0033339865c279814ca",NA,NA,NA,NA,0
"327","69c6ec3a92185003cf70ded5",NA,NA,NA,NA,0
"328","69cc1fac2b52b1c4dd21cc7d",NA,NA,NA,NA,0
"329","69cec122e3cb56c2e7000c6b",NA,NA,NA,NA,0
"330","69d2a8765e19038ab2fc0f56",NA,NA,NA,NA,0
"331","69d5632f4815bcc4cb7242bf",NA,NA,NA,NA,0
"332","69d5c4d748bcaf8026c80573",NA,NA,NA,NA,0
"333","69daf476f6bc0d990581aca6",NA,NA,NA,NA,0
"334","69dbf4749918745fc7d8e820",NA,NA,NA,NA,0
"335","69dc76f0a77a620367d666ec",NA,NA,NA,NA,0
"336","69dfe696c433039b7add8013",NA,NA,NA,NA,0
"337","69e599577d00fb31c54fb004",NA,NA,NA,NA,0
"338","69e816058da70eddb5dbc3e1",NA,NA,NA,NA,0
"339","69e957ad6c65e153a1c65ae2",NA,NA,NA,NA,0
"340","69ed15278090fe4438301d5c",NA,NA,NA,NA,0
"341","69efe0b03221edd72686c185",NA,NA,NA,NA,0
"342","69f0438cc141b27ed949788e",NA,NA,NA,NA,0
"343","69f3d4f3fb7630947c56f1eb",NA,NA,NA,NA,0
"344","69f6484996726366cacd162c",NA,NA,NA,NA,0
"345","69f674db81cb46678aae6391",NA,NA,NA,NA,0
"346","69f7b962446b32b08d58a1df",NA,NA,NA,NA,0
"347","69f86a04fe802de5002bb70b",NA,NA,NA,NA,0
"348","69f8db35f08d6c337883fcb4",NA,NA,NA,NA,0
"349","69fb3314a5e95601464d1fea",NA,NA,NA,NA,0
"350","69fb86296fb6f0919bf31075",NA,NA,NA,NA,0
"351","69fcc8642de981c893eb6958",NA,NA,NA,NA,0
"352","69fce9e45d612732dd1ae4e2",NA,NA,NA,NA,0
"353","69fd3605435216c2d93bc72f",NA,NA,NA,NA,0
"354","6a00b0ca46e3f2822d0349b6",NA,NA,NA,NA,0
"355","6a00b4c7593a89490830c18c",NA,NA,NA,NA,0
"356","6a00dbcc626a780a8e5c07a4",NA,NA,NA,NA,0
"357","6a012d3c523e7311f4e55f61",NA,NA,NA,NA,0
"358","6a01e843af8198a220b44a18",NA,NA,NA,NA,0
"359","6a021dc98c730b8d3ce0deca",NA,NA,NA,NA,0
"360","6a023ad806e8158958e73b75",NA,NA,NA,NA,0
"361","6a04948f1e40214a25ff2563",NA,NA,NA,NA,0
"362","6a05131f0ad03d07dd77178e",NA,NA,NA,NA,0
"363","6a07687bad5809e8867bdffb",NA,NA,NA,NA,0
"364","6a0a0fd9f370053c3505dc0f",NA,NA,NA,NA,0
"365","6a0b7296246f70341f078e55",NA,NA,NA,NA,0
"366","6a0b756dd47d16a4c82f5589",NA,NA,NA,NA,0
"367","6a0dbb470d44c02c7ec444f0",NA,NA,NA,NA,0
"368","6a0dfefeb75ae8ac09c192c6",NA,NA,NA,NA,0
"369","6a0e0a9490e868c044e21936",NA,NA,NA,NA,0
"370","6a0e2d716e90edf1ea83dce1",NA,NA,NA,NA,0
"371","6a0f1056788a67850f057de4",NA,NA,NA,NA,0
"372","6a0fdfd2db4241c9e5eca29a",NA,NA,NA,NA,0
"373","6a14434573bcee3f17b7f762",NA,NA,NA,NA,0
"374","6a14c736578656591db6ea31",NA,NA,NA,NA,0
"375","6a14c84872f3851ab32e8c01",NA,NA,NA,NA,0
"376","6a14e67cf20909f60e34ae64",NA,NA,NA,NA,0
"377","6a14ed7d826b3c0b54334269",NA,NA,NA,NA,0
"378","6a150fcbc5238897c2c9408e",NA,NA,NA,NA,0
"379","6a1582166cefcdcbed565058",NA,NA,NA,NA,0
"380","6a15d5fb80117206e7200cf7",NA,NA,NA,NA,0
"381","6a15dfdb880253e5b6b917f3",NA,NA,NA,NA,0
"382","6a177f7ec67996448d9c7d41",NA,NA,NA,NA,0
"383","6a18b37c0157d881234ed29f",NA,NA,NA,NA,0
"384","6a199661a2f63c5bf9835b2e",NA,NA,NA,NA,0
"385","6a1a3e6d47ea4b557072cc4d",NA,NA,NA,NA,0
"386","6a1ae40320c9511f890515f7",NA,NA,NA,NA,0
"387","6a1b544246f12219f033d3c3",NA,NA,NA,NA,0
"388","6a1cb95bf369926ac77ea9e5",NA,NA,NA,NA,0
"389","6a1de36b3f5c6160ff6bf6a4",NA,NA,NA,NA,0
"390","6a1f0ef7a64d44c972d3a5f7",NA,NA,NA,NA,0
"391","6a1f832105dd8c89b5e930ad",NA,NA,NA,NA,0
"392","6a2222ff6e1036656b0d5d08",NA,NA,NA,NA,0
"393","6a232745f21e165e2b54ed58",NA,NA,NA,NA,0
"394","6a2482e9af72b55296872b0d",NA,NA,NA,NA,0
"395","6a2589e7b0645f2f7f1cc52c",NA,NA,NA,NA,0
"396","6a3607f677860830aca5bdeb",NA,NA,NA,NA,0
"397","62c5f85ccf34c8d9c0650f6e",NA,NA,NA,NA,0
"398","65465c5bc5a014ec683d55cf",NA,NA,NA,NA,0
"399","661c09a749790db73f8faba5",NA,NA,NA,NA,0
"400","66315563a848526fcfa7555b",NA,NA,NA,NA,0
"401","665795d82a087799023aaf0e",NA,NA,NA,NA,0
"402","66da162f5538535e93490441",NA,NA,NA,NA,0
"403","676956116c1a3416bf7b2afe",NA,NA,NA,NA,0
"404","695ea002344d7ca1605c747a",NA,NA,NA,NA,0
"405","6965bd850ce22095dd7a84ca",NA,NA,NA,NA,0
"406","6978d830c5d415696508430d",NA,NA,NA,NA,0
"407","697a495862ac67423e8418b8",NA,NA,NA,NA,0
"408","6980dfb784202dcf9736910f",NA,NA,NA,NA,0
"409","69864a705614c15728117b35",NA,NA,NA,NA,0
"410","6987875a0a8fa6ed9ef00726",NA,NA,NA,NA,0
"411","699b610e2ba4bade6f39121b",NA,NA,NA,NA,0
"412","699cebf39bc275a312ffd51c",NA,NA,NA,NA,0
"413","699d45af20adaa6e1e89aa5a",NA,NA,NA,NA,0
"414","699e3cc79b0d3d96b469ca49",NA,NA,NA,NA,0
"415","69a0734d1d433d3694c8438f",NA,NA,NA,NA,0
"416","69a6eb2bc679065ed1cecc51",NA,NA,NA,NA,0
"417","69a8cff018bead25e4a5d848",NA,NA,NA,NA,0
"418","69b19e44edf4d70aee145c16",NA,NA,NA,NA,0
"419","69b3193cce0978ad6db9fe7c",NA,NA,NA,NA,0
"420","69b5c6bdbcf55371066f5e73",NA,NA,NA,NA,0
"421","69ba37faee13f176e7635323",NA,NA,NA,NA,0
"422","69bdf2afe629d42bfc47997f",NA,NA,NA,NA,0
"423","69c093d33989aa791c4e8b2d",NA,NA,NA,NA,0
"424","69c1256faa88d6296c98d745",NA,NA,NA,NA,0
"425","69c2f0033339865c279814ca",NA,NA,NA,NA,0
"426","69c6ec3a92185003cf70ded5",NA,NA,NA,NA,0
"427","69cc1fac2b52b1c4dd21cc7d",NA,NA,NA,NA,0
"428","69cec122e3cb56c2e7000c6b",NA,NA,NA,NA,0
"429","69d2a8765e19038ab2fc0f56",NA,NA,NA,NA,0
"430","69d5632f4815bcc4cb7242bf",NA,NA,NA,NA,0
"431","69d5c4d748bcaf8026c80573",NA,NA,NA,NA,0
"432","69daf476f6bc0d990581aca6",NA,NA,NA,NA,0
"433","69dbf4749918745fc7d8e820",NA,NA,NA,NA,0
"434","69dc76f0a77a620367d666ec",NA,NA,NA,NA,0
"435","69dfe696c433039b7add8013",NA,NA,NA,NA,0
"436","69e599577d00fb31c54fb004",NA,NA,NA,NA,0
"437","69e816058da70eddb5dbc3e1",NA,NA,NA,NA,0
"438","69e957ad6c65e153a1c65ae2",NA,NA,NA,NA,0
"439","69ed15278090fe4438301d5c",NA,NA,NA,NA,0
"440","69efe0b03221edd72686c185",NA,NA,NA,NA,0
"441","69f0438cc141b27ed949788e",NA,NA,NA,NA,0
"442","69f3d4f3fb7630947c56f1eb",NA,NA,NA,NA,0
"443","69f6484996726366cacd162c",NA,NA,NA,NA,0
"444","69f674db81cb46678aae6391",NA,NA,NA,NA,0
"445","69f7b962446b32b08d58a1df",NA,NA,NA,NA,0
"446","69f86a04fe802de5002bb70b",NA,NA,NA,NA,0
"447","69f8db35f08d6c337883fcb4",NA,NA,NA,NA,0
"448","69fb3314a5e95601464d1fea",NA,NA,NA,NA,0
"449","69fb86296fb6f0919bf31075",NA,NA,NA,NA,0
"450","69fcc8642de981c893eb6958",NA,NA,NA,NA,0
"451","69fce9e45d612732dd1ae4e2",NA,NA,NA,NA,0
"452","69fd3605435216c2d93bc72f",NA,NA,NA,NA,0
"453","6a00b0ca46e3f2822d0349b6",NA,NA,NA,NA,0
"454","6a00b4c7593a89490830c18c",NA,NA,NA,NA,0
"455","6a00dbcc626a780a8e5c07a4",NA,NA,NA,NA,0
"456","6a012d3c523e7311f4e55f61",NA,NA,NA,NA,0
"457","6a01e843af8198a220b44a18",NA,NA,NA,NA,0
"458","6a021dc98c730b8d3ce0deca",NA,NA,NA,NA,0
"459","6a023ad806e8158958e73b75",NA,NA,NA,NA,0
"460","6a04948f1e40214a25ff2563",NA,NA,NA,NA,0
"461","6a05131f0ad03d07dd77178e",NA,NA,NA,NA,0
"462","6a07687bad5809e8867bdffb",NA,NA,NA,NA,0
"463","6a0a0fd9f370053c3505dc0f",NA,NA,NA,NA,0
"464","6a0b7296246f70341f078e55",NA,NA,NA,NA,0
"465","6a0b756dd47d16a4c82f5589",NA,NA,NA,NA,0
"466","6a0dbb470d44c02c7ec444f0",NA,NA,NA,NA,0
"467","6a0dfefeb75ae8ac09c192c6",NA,NA,NA,NA,0
"468","6a0e0a9490e868c044e21936",NA,NA,NA,NA,0
"469","6a0e2d716e90edf1ea83dce1",NA,NA,NA,NA,0
"470","6a0f1056788a67850f057de4",NA,NA,NA,NA,0
"471","6a0fdfd2db4241c9e5eca29a",NA,NA,NA,NA,0
"472","6a14434573bcee3f17b7f762",NA,NA,NA,NA,0
"473","6a14c736578656591db6ea31",NA,NA,NA,NA,0
"474","6a14c84872f3851ab32e8c01",NA,NA,NA,NA,0
"475","6a14e67cf20909f60e34ae64",NA,NA,NA,NA,0
"476","6a14ed7d826b3c0b54334269",NA,NA,NA,NA,0
"477","6a150fcbc5238897c2c9408e",NA,NA,NA,NA,0
"478","6a1582166cefcdcbed565058",NA,NA,NA,NA,0
"479","6a15d5fb80117206e7200cf7",NA,NA,NA,NA,0
"480","6a15dfdb880253e5b6b917f3",NA,NA,NA,NA,0
"481","6a177f7ec67996448d9c7d41",NA,NA,NA,NA,0
"482","6a18b37c0157d881234ed29f",NA,NA,NA,NA,0
"483","6a199661a2f63c5bf9835b2e",NA,NA,NA,NA,0
"484","6a1a3e6d47ea4b557072cc4d",NA,NA,NA,NA,0
"485","6a1ae40320c9511f890515f7",NA,NA,NA,NA,0
"486","6a1b544246f12219f033d3c3",NA,NA,NA,NA,0
"487","6a1cb95bf369926ac77ea9e5",NA,NA,NA,NA,0
"488","6a1de36b3f5c6160ff6bf6a4",NA,NA,NA,NA,0
"489","6a1f0ef7a64d44c972d3a5f7",NA,NA,NA,NA,0
"490","6a1f832105dd8c89b5e930ad",NA,NA,NA,NA,0
"491","6a2222ff6e1036656b0d5d08",NA,NA,NA,NA,0
"492","6a232745f21e165e2b54ed58",NA,NA,NA,NA,0
"493","6a2482e9af72b55296872b0d",NA,NA,NA,NA,0
"494","6a2589e7b0645f2f7f1cc52c",NA,NA,NA,NA,0
"495","6a3607f677860830aca5bdeb",NA,NA,NA,NA,0
"496","62c5f85ccf34c8d9c0650f6e",NA,NA,NA,NA,0
"497","65465c5bc5a014ec683d55cf",NA,NA,NA,NA,0
"498","661c09a749790db73f8faba5",NA,NA,NA,NA,0
"499","66315563a848526fcfa7555b",NA,NA,NA,NA,0
"500","665795d82a087799023aaf0e",NA,NA,NA,NA,0
"501","66da162f5538535e93490441",NA,NA,NA,NA,0
"502","676956116c1a3416bf7b2afe",NA,NA,NA,NA,0
"503","695ea002344d7ca1605c747a",NA,NA,NA,NA,0
"504","6965bd850ce22095dd7a84ca",NA,NA,NA,NA,0
"505","6978d830c5d415696508430d",NA,NA,NA,NA,0
"506","697a495862ac67423e8418b8",NA,NA,NA,NA,0
"507","6980dfb784202dcf9736910f",NA,NA,NA,NA,0
"508","69864a705614c15728117b35",NA,NA,NA,NA,0
"509","6987875a0a8fa6ed9ef00726",NA,NA,NA,NA,0
"510","699b610e2ba4bade6f39121b",NA,NA,NA,NA,0
"511","699cebf39bc275a312ffd51c",NA,NA,NA,NA,0
"512","699d45af20adaa6e1e89aa5a",NA,NA,NA,NA,0
"513","699e3cc79b0d3d96b469ca49",NA,NA,NA,NA,0
"514","69a0734d1d433d3694c8438f",NA,NA,NA,NA,0
"515","69a6eb2bc679065ed1cecc51",NA,NA,NA,NA,0
"516","69a8cff018bead25e4a5d848",NA,NA,NA,NA,0
"517","69b19e44edf4d70aee145c16",NA,NA,NA,NA,0
"518","69b3193cce0978ad6db9fe7c",NA,NA,NA,NA,0
"519","69b5c6bdbcf55371066f5e73",NA,NA,NA,NA,0
"520","69ba37faee13f176e7635323",NA,NA,NA,NA,0
"521","69bdf2afe629d42bfc47997f",NA,NA,NA,NA,0
"522","69c093d33989aa791c4e8b2d",NA,NA,NA,NA,0
"523","69c1256faa88d6296c98d745",NA,NA,NA,NA,0
"524","69c2f0033339865c279814ca",NA,NA,NA,NA,0
"525","69c6ec3a92185003cf70ded5",NA,NA,NA,NA,0
"526","69cc1fac2b52b1c4dd21cc7d",NA,NA,NA,NA,0
"527","69cec122e3cb56c2e7000c6b",NA,NA,NA,NA,0
"528","69d2a8765e19038ab2fc0f56",NA,NA,NA,NA,0
"529","69d5632f4815bcc4cb7242bf",NA,NA,NA,NA,0
"530","69d5c4d748bcaf8026c80573",NA,NA,NA,NA,0
"531","69daf476f6bc0d990581aca6",NA,NA,NA,NA,0
"532","69dbf4749918745fc7d8e820",NA,NA,NA,NA,0
"533","69dc76f0a77a620367d666ec",NA,NA,NA,NA,0
"534","69dfe696c433039b7add8013",NA,NA,NA,NA,0
"535","69e599577d00fb31c54fb004",NA,NA,NA,NA,0
"536","69e816058da70eddb5dbc3e1",NA,NA,NA,NA,0
"537","69e957ad6c65e153a1c65ae2",NA,NA,NA,NA,0
"538","69ed15278090fe4438301d5c",NA,NA,NA,NA,0
"539","69efe0b03221edd72686c185",NA,NA,NA,NA,0
"540","69f0438cc141b27ed949788e",NA,NA,NA,NA,0
"541","69f3d4f3fb7630947c56f1eb",NA,NA,NA,NA,0
"542","69f6484996726366cacd162c",NA,NA,NA,NA,0
"543","69f674db81cb46678aae6391",NA,NA,NA,NA,0
"544","69f7b962446b32b08d58a1df",NA,NA,NA,NA,0
"545","69f86a04fe802de5002bb70b",NA,NA,NA,NA,0
"546","69f8db35f08d6c337883fcb4",NA,NA,NA,NA,0
"547","69fb3314a5e95601464d1fea",NA,NA,NA,NA,0
"548","69fb86296fb6f0919bf31075",NA,NA,NA,NA,0
"549","69fcc8642de981c893eb6958",NA,NA,NA,NA,0
"550","69fce9e45d612732dd1ae4e2",NA,NA,NA,NA,0
"551","69fd3605435216c2d93bc72f",NA,NA,NA,NA,0
"552","6a00b0ca46e3f2822d0349b6",NA,NA,NA,NA,0
"553","6a00b4c7593a89490830c18c",NA,NA,NA,NA,0
"554","6a00dbcc626a780a8e5c07a4",NA,NA,NA,NA,0
"555","6a012d3c523e7311f4e55f61",NA,NA,NA,NA,0
"556","6a01e843af8198a220b44a18",NA,NA,NA,NA,0
"557","6a021dc98c730b8d3ce0deca",NA,NA,NA,NA,0
"558","6a023ad806e8158958e73b75",NA,NA,NA,NA,0
"559","6a04948f1e40214a25ff2563",NA,NA,NA,NA,0
"560","6a05131f0ad03d07dd77178e",NA,NA,NA,NA,0
"561","6a07687bad5809e8867bdffb",NA,NA,NA,NA,0
"562","6a0a0fd9f370053c3505dc0f",NA,NA,NA,NA,0
"563","6a0b7296246f70341f078e55",NA,NA,NA,NA,0
"564","6a0b756dd47d16a4c82f5589",NA,NA,NA,NA,0
"565","6a0dbb470d44c02c7ec444f0",NA,NA,NA,NA,0
"566","6a0dfefeb75ae8ac09c192c6",NA,NA,NA,NA,0
"567","6a0e0a9490e868c044e21936",NA,NA,NA,NA,0
"568","6a0e2d716e90edf1ea83dce1",NA,NA,NA,NA,0
"569","6a0f1056788a67850f057de4",NA,NA,NA,NA,0
"570","6a0fdfd2db4241c9e5eca29a",NA,NA,NA,NA,0
"571","6a14434573bcee3f17b7f762",NA,NA,NA,NA,0
"572","6a14c736578656591db6ea31",NA,NA,NA,NA,0
"573","6a14c84872f3851ab32e8c01",NA,NA,NA,NA,0
"574","6a14e67cf20909f60e34ae64",NA,NA,NA,NA,0
"575","6a14ed7d826b3c0b54334269",NA,NA,NA,NA,0
"576","6a150fcbc5238897c2c9408e",NA,NA,NA,NA,0
"577","6a1582166cefcdcbed565058",NA,NA,NA,NA,0
"578","6a15d5fb80117206e7200cf7",NA,NA,NA,NA,0
"579","6a15dfdb880253e5b6b917f3",NA,NA,NA,NA,0
"580","6a177f7ec67996448d9c7d41",NA,NA,NA,NA,0
"581","6a18b37c0157d881234ed29f",NA,NA,NA,NA,0
"582","6a199661a2f63c5bf9835b2e",NA,NA,NA,NA,0
"583","6a1a3e6d47ea4b557072cc4d",NA,NA,NA,NA,0
"584","6a1ae40320c9511f890515f7",NA,NA,NA,NA,0
"585","6a1b544246f12219f033d3c3",NA,NA,NA,NA,0
"586","6a1cb95bf369926ac77ea9e5",NA,NA,NA,NA,0
"587","6a1de36b3f5c6160ff6bf6a4",NA,NA,NA,NA,0
"588","6a1f0ef7a64d44c972d3a5f7",NA,NA,NA,NA,0
"589","6a1f832105dd8c89b5e930ad",NA,NA,NA,NA,0
"590","6a2222ff6e1036656b0d5d08",NA,NA,NA,NA,0
"591","6a232745f21e165e2b54ed58",NA,NA,NA,NA,0
"592","6a2482e9af72b55296872b0d",NA,NA,NA,NA,0
"593","6a2589e7b0645f2f7f1cc52c",NA,NA,NA,NA,0
"594","6a3607f677860830aca5bdeb",NA,NA,NA,NA,0
"595","62c5f85ccf34c8d9c0650f6e",NA,NA,NA,NA,0
"596","65465c5bc5a014ec683d55cf",NA,NA,NA,NA,0
"597","661c09a749790db73f8faba5",NA,NA,NA,NA,0
"598","66315563a848526fcfa7555b",NA,NA,NA,NA,0
"599","665795d82a087799023aaf0e",NA,NA,NA,NA,0
"600","66da162f5538535e93490441",NA,NA,NA,NA,0
"601","676956116c1a3416bf7b2afe",NA,NA,NA,NA,0
"602","695ea002344d7ca1605c747a",NA,NA,NA,NA,0
"603","6965bd850ce22095dd7a84ca",NA,NA,NA,NA,0
"604","6978d830c5d415696508430d",NA,NA,NA,NA,0
"605","697a495862ac67423e8418b8",NA,NA,NA,NA,0
"606","6980dfb784202dcf9736910f",NA,NA,NA,NA,0
"607","69864a705614c15728117b35",NA,NA,NA,NA,0
"608","6987875a0a8fa6ed9ef00726",NA,NA,NA,NA,0
"609","699b610e2ba4bade6f39121b",NA,NA,NA,NA,0
"610","699cebf39bc275a312ffd51c",NA,NA,NA,NA,0
"611","699d45af20adaa6e1e89aa5a",NA,NA,NA,NA,0
"612","699e3cc79b0d3d96b469ca49",NA,NA,NA,NA,0
"613","69a0734d1d433d3694c8438f",NA,NA,NA,NA,0
"614","69a6eb2bc679065ed1cecc51",NA,NA,NA,NA,0
"615","69a8cff018bead25e4a5d848",NA,NA,NA,NA,0
"616","69b19e44edf4d70aee145c16",NA,NA,NA,NA,0
"617","69b3193cce0978ad6db9fe7c",NA,NA,NA,NA,0
"618","69b5c6bdbcf55371066f5e73",NA,NA,NA,NA,0
"619","69ba37faee13f176e7635323",NA,NA,NA,NA,0
"620","69bdf2afe629d42bfc47997f",NA,NA,NA,NA,0
"621","69c093d33989aa791c4e8b2d",NA,NA,NA,NA,0
"622","69c1256faa88d6296c98d745",NA,NA,NA,NA,0
"623","69c2f0033339865c279814ca",NA,NA,NA,NA,0
"624","69c6ec3a92185003cf70ded5",NA,NA,NA,NA,0
"625","69cc1fac2b52b1c4dd21cc7d",NA,NA,NA,NA,0
"626","69cec122e3cb56c2e7000c6b",NA,NA,NA,NA,0
"627","69d2a8765e19038ab2fc0f56",NA,NA,NA,NA,0
"628","69d5632f4815bcc4cb7242bf",NA,NA,NA,NA,0
"629","69d5c4d748bcaf8026c80573",NA,NA,NA,NA,0
"630","69daf476f6bc0d990581aca6",NA,NA,NA,NA,0
"631","69dbf4749918745fc7d8e820",NA,NA,NA,NA,0
"632","69dc76f0a77a620367d666ec",NA,NA,NA,NA,0
"633","69dfe696c433039b7add8013",NA,NA,NA,NA,0
"634","69e599577d00fb31c54fb004",NA,NA,NA,NA,0
"635","69e816058da70eddb5dbc3e1",NA,NA,NA,NA,0
"636","69e957ad6c65e153a1c65ae2",NA,NA,NA,NA,0
"637","69ed15278090fe4438301d5c",NA,NA,NA,NA,0
"638","69efe0b03221edd72686c185",NA,NA,NA,NA,0
"639","69f0438cc141b27ed949788e",NA,NA,NA,NA,0
"640","69f3d4f3fb7630947c56f1eb",NA,NA,NA,NA,0
"641","69f6484996726366cacd162c",NA,NA,NA,NA,0
"642","69f674db81cb46678aae6391",NA,NA,NA,NA,0
"643","69f7b962446b32b08d58a1df",NA,NA,NA,NA,0
"644","69f86a04fe802de5002bb70b",NA,NA,NA,NA,0
"645","69f8db35f08d6c337883fcb4",NA,NA,NA,NA,0
"646","69fb3314a5e95601464d1fea",NA,NA,NA,NA,0
"647","69fb86296fb6f0919bf31075",NA,NA,NA,NA,0
"648","69fcc8642de981c893eb6958",NA,NA,NA,NA,0
"649","69fce9e45d612732dd1ae4e2",NA,NA,NA,NA,0
"650","69fd3605435216c2d93bc72f",NA,NA,NA,NA,0
"651","6a00b0ca46e3f2822d0349b6",NA,NA,NA,NA,0
"652","6a00b4c7593a89490830c18c",NA,NA,NA,NA,0
"653","6a00dbcc626a780a8e5c07a4",NA,NA,NA,NA,0
"654","6a012d3c523e7311f4e55f61",NA,NA,NA,NA,0
"655","6a01e843af8198a220b44a18",NA,NA,NA,NA,0
"656","6a021dc98c730b8d3ce0deca",NA,NA,NA,NA,0
"657","6a023ad806e8158958e73b75",NA,NA,NA,NA,0
"658","6a04948f1e40214a25ff2563",NA,NA,NA,NA,0
"659","6a05131f0ad03d07dd77178e",NA,NA,NA,NA,0
"660","6a07687bad5809e8867bdffb",NA,NA,NA,NA,0
"661","6a0a0fd9f370053c3505dc0f",NA,NA,NA,NA,0
"662","6a0b7296246f70341f078e55",NA,NA,NA,NA,0
"663","6a0b756dd47d16a4c82f5589",NA,NA,NA,NA,0
"664","6a0dbb470d44c02c7ec444f0",NA,NA,NA,NA,0
"665","6a0dfefeb75ae8ac09c192c6",NA,NA,NA,NA,0
"666","6a0e0a9490e868c044e21936",NA,NA,NA,NA,0
"667","6a0e2d716e90edf1ea83dce1",NA,NA,NA,NA,0
"668","6a0f1056788a67850f057de4",NA,NA,NA,NA,0
"669","6a0fdfd2db4241c9e5eca29a",NA,NA,NA,NA,0
"670","6a14434573bcee3f17b7f762",NA,NA,NA,NA,0
"671","6a14c736578656591db6ea31",NA,NA,NA,NA,0
"672","6a14c84872f3851ab32e8c01",NA,NA,NA,NA,0
"673","6a14e67cf20909f60e34ae64",NA,NA,NA,NA,0
"674","6a14ed7d826b3c0b54334269",NA,NA,NA,NA,0
"675","6a150fcbc5238897c2c9408e",NA,NA,NA,NA,0
"676","6a1582166cefcdcbed565058",NA,NA,NA,NA,0
"677","6a15d5fb80117206e7200cf7",NA,NA,NA,NA,0
"678","6a15dfdb880253e5b6b917f3",NA,NA,NA,NA,0
"679","6a177f7ec67996448d9c7d41",NA,NA,NA,NA,0
"680","6a18b37c0157d881234ed29f",NA,NA,NA,NA,0
"681","6a199661a2f63c5bf9835b2e",NA,NA,NA,NA,0
"682","6a1a3e6d47ea4b557072cc4d",NA,NA,NA,NA,0
"683","6a1ae40320c9511f890515f7",NA,NA,NA,NA,0
"684","6a1b544246f12219f033d3c3",NA,NA,NA,NA,0
"685","6a1cb95bf369926ac77ea9e5",NA,NA,NA,NA,0
"686","6a1de36b3f5c6160ff6bf6a4",NA,NA,NA,NA,0
"687","6a1f0ef7a64d44c972d3a5f7",NA,NA,NA,NA,0
"688","6a1f832105dd8c89b5e930ad",NA,NA,NA,NA,0
"689","6a2222ff6e1036656b0d5d08",NA,NA,NA,NA,0
"690","6a232745f21e165e2b54ed58",NA,NA,NA,NA,0
"691","6a2482e9af72b55296872b0d",NA,NA,NA,NA,0
"692","6a2589e7b0645f2f7f1cc52c",NA,NA,NA,NA,0
"693","6a3607f677860830aca5bdeb",NA,NA,NA,NA,0
"694","62c5f85ccf34c8d9c0650f6e",NA,NA,NA,NA,0
"695","65465c5bc5a014ec683d55cf",NA,NA,NA,NA,0
"696","661c09a749790db73f8faba5",NA,NA,NA,NA,0
"697","66315563a848526fcfa7555b",NA,NA,NA,NA,0
"698","665795d82a087799023aaf0e",NA,NA,NA,NA,0
"699","66da162f5538535e93490441",NA,NA,NA,NA,0
"700","676956116c1a3416bf7b2afe",NA,NA,NA,NA,0
"701","695ea002344d7ca1605c747a",NA,NA,NA,NA,0
"702","6965bd850ce22095dd7a84ca",NA,NA,NA,NA,0
"703","6978d830c5d415696508430d",NA,NA,NA,NA,0
"704","697a495862ac67423e8418b8",NA,NA,NA,NA,0
"705","6980dfb784202dcf9736910f",NA,NA,NA,NA,0
"706","69864a705614c15728117b35",NA,NA,NA,NA,0
"707","6987875a0a8fa6ed9ef00726",NA,NA,NA,NA,0
"708","699b610e2ba4bade6f39121b",NA,NA,NA,NA,0
"709","699cebf39bc275a312ffd51c",NA,NA,NA,NA,0
"710","699d45af20adaa6e1e89aa5a",NA,NA,NA,NA,0
"711","699e3cc79b0d3d96b469ca49",NA,NA,NA,NA,0
"712","69a0734d1d433d3694c8438f",NA,NA,NA,NA,0
"713","69a6eb2bc679065ed1cecc51",NA,NA,NA,NA,0
"714","69a8cff018bead25e4a5d848",NA,NA,NA,NA,0
"715","69b19e44edf4d70aee145c16",NA,NA,NA,NA,0
"716","69b3193cce0978ad6db9fe7c",NA,NA,NA,NA,0
"717","69b5c6bdbcf55371066f5e73",NA,NA,NA,NA,0
"718","69ba37faee13f176e7635323",NA,NA,NA,NA,0
"719","69bdf2afe629d42bfc47997f",NA,NA,NA,NA,0
"720","69c093d33989aa791c4e8b2d",NA,NA,NA,NA,0
"721","69c1256faa88d6296c98d745",NA,NA,NA,NA,0
"722","69c2f0033339865c279814ca",NA,NA,NA,NA,0
"723","69c6ec3a92185003cf70ded5",NA,NA,NA,NA,0
"724","69cc1fac2b52b1c4dd21cc7d",NA,NA,NA,NA,0
"725","69cec122e3cb56c2e7000c6b",NA,NA,NA,NA,0
"726","69d2a8765e19038ab2fc0f56",NA,NA,NA,NA,0
"727","69d5632f4815bcc4cb7242bf",NA,NA,NA,NA,0
"728","69d5c4d748bcaf8026c80573",NA,NA,NA,NA,0
"729","69daf476f6bc0d990581aca6",NA,NA,NA,NA,0
"730","69dbf4749918745fc7d8e820",NA,NA,NA,NA,0
"731","69dc76f0a77a620367d666ec",NA,NA,NA,NA,0
"732","69dfe696c433039b7add8013",NA,NA,NA,NA,0
"733","69e599577d00fb31c54fb004",NA,NA,NA,NA,0
"734","69e816058da70eddb5dbc3e1",NA,NA,NA,NA,0
"735","69e957ad6c65e153a1c65ae2",NA,NA,NA,NA,0
"736","69ed15278090fe4438301d5c",NA,NA,NA,NA,0
"737","69efe0b03221edd72686c185",NA,NA,NA,NA,0
"738","69f0438cc141b27ed949788e",NA,NA,NA,NA,0
"739","69f3d4f3fb7630947c56f1eb",NA,NA,NA,NA,0
"740","69f6484996726366cacd162c",NA,NA,NA,NA,0
"741","69f674db81cb46678aae6391",NA,NA,NA,NA,0
"742","69f7b962446b32b08d58a1df",NA,NA,NA,NA,0
"743","69f86a04fe802de5002bb70b",NA,NA,NA,NA,0
"744","69f8db35f08d6c337883fcb4",NA,NA,NA,NA,0
"745","69fb3314a5e95601464d1fea",NA,NA,NA,NA,0
"746","69fb86296fb6f0919bf31075",NA,NA,NA,NA,0
"747","69fcc8642de981c893eb6958",NA,NA,NA,NA,0
"748","69fce9e45d612732dd1ae4e2",NA,NA,NA,NA,0
"749","69fd3605435216c2d93bc72f",NA,NA,NA,NA,0
"750","6a00b0ca46e3f2822d0349b6",NA,NA,NA,NA,0
"751","6a00b4c7593a89490830c18c",NA,NA,NA,NA,0
"752","6a00dbcc626a780a8e5c07a4",NA,NA,NA,NA,0
"753","6a012d3c523e7311f4e55f61",NA,NA,NA,NA,0
"754","6a01e843af8198a220b44a18",NA,NA,NA,NA,0
"755","6a021dc98c730b8d3ce0deca",NA,NA,NA,NA,0
"756","6a023ad806e8158958e73b75",NA,NA,NA,NA,0
"757","6a04948f1e40214a25ff2563",NA,NA,NA,NA,0
"758","6a05131f0ad03d07dd77178e",NA,NA,NA,NA,0
"759","6a07687bad5809e8867bdffb",NA,NA,NA,NA,0
"760","6a0a0fd9f370053c3505dc0f",NA,NA,NA,NA,0
"761","6a0b7296246f70341f078e55",NA,NA,NA,NA,0
"762","6a0b756dd47d16a4c82f5589",NA,NA,NA,NA,0
"763","6a0dbb470d44c02c7ec444f0",NA,NA,NA,NA,0
"764","6a0dfefeb75ae8ac09c192c6",NA,NA,NA,NA,0
"765","6a0e0a9490e868c044e21936",NA,NA,NA,NA,0
"766","6a0e2d716e90edf1ea83dce1",NA,NA,NA,NA,0
"767","6a0f1056788a67850f057de4",NA,NA,NA,NA,0
"768","6a0fdfd2db4241c9e5eca29a",NA,NA,NA,NA,0
"769","6a14434573bcee3f17b7f762",NA,NA,NA,NA,0
"770","6a14c736578656591db6ea31",NA,NA,NA,NA,0
"771","6a14c84872f3851ab32e8c01",NA,NA,NA,NA,0
"772","6a14e67cf20909f60e34ae64",NA,NA,NA,NA,0
"773","6a14ed7d826b3c0b54334269",NA,NA,NA,NA,0
"774","6a150fcbc5238897c2c9408e",NA,NA,NA,NA,0
"775","6a1582166cefcdcbed565058",NA,NA,NA,NA,0
"776","6a15d5fb80117206e7200cf7",NA,NA,NA,NA,0
"777","6a15dfdb880253e5b6b917f3",NA,NA,NA,NA,0
"778","6a177f7ec67996448d9c7d41",NA,NA,NA,NA,0
"779","6a18b37c0157d881234ed29f",NA,NA,NA,NA,0
"780","6a199661a2f63c5bf9835b2e",NA,NA,NA,NA,0
"781","6a1a3e6d47ea4b557072cc4d",NA,NA,NA,NA,0
"782","6a1ae40320c9511f890515f7",NA,NA,NA,NA,0
"783","6a1b544246f12219f033d3c3",NA,NA,NA,NA,0
"784","6a1cb95bf369926ac77ea9e5",NA,NA,NA,NA,0
"785","6a1de36b3f5c6160ff6bf6a4",NA,NA,NA,NA,0
"786","6a1f0ef7a64d44c972d3a5f7",NA,NA,NA,NA,0
"787","6a1f832105dd8c89b5e930ad",NA,NA,NA,NA,0
"788","6a2222ff6e1036656b0d5d08",NA,NA,NA,NA,0
"789","6a232745f21e165e2b54ed58",NA,NA,NA,NA,0
"790","6a2482e9af72b55296872b0d",NA,NA,NA,NA,0
"791","6a2589e7b0645f2f7f1cc52c",NA,NA,NA,NA,0
"792","6a3607f677860830aca5bdeb",NA,NA,NA,NA,0
"793","62c5f85ccf34c8d9c0650f6e",NA,NA,NA,NA,0
"794","65465c5bc5a014ec683d55cf",NA,NA,NA,NA,0
"795","661c09a749790db73f8faba5",NA,NA,NA,NA,0
"796","66315563a848526fcfa7555b",NA,NA,NA,NA,0
"797","665795d82a087799023aaf0e",NA,NA,NA,NA,0
"798","66da162f5538535e93490441",NA,NA,NA,NA,0
"799","676956116c1a3416bf7b2afe",NA,NA,NA,NA,0
"800","695ea002344d7ca1605c747a",NA,NA,NA,NA,0
"801","6965bd850ce22095dd7a84ca",NA,NA,NA,NA,0
"802","6978d830c5d415696508430d",NA,NA,NA,NA,0
"803","697a495862ac67423e8418b8",NA,NA,NA,NA,0
"804","6980dfb784202dcf9736910f",NA,NA,NA,NA,0
"805","69864a705614c15728117b35",NA,NA,NA,NA,0
"806","6987875a0a8fa6ed9ef00726",NA,NA,NA,NA,0
"807","699b610e2ba4bade6f39121b",NA,NA,NA,NA,0
"808","699cebf39bc275a312ffd51c",NA,NA,NA,NA,0
"809","699d45af20adaa6e1e89aa5a",NA,NA,NA,NA,0
"810","699e3cc79b0d3d96b469ca49",NA,NA,NA,NA,0
"811","69a0734d1d433d3694c8438f",NA,NA,NA,NA,0
"812","69a6eb2bc679065ed1cecc51",NA,NA,NA,NA,0
"813","69a8cff018bead25e4a5d848",NA,NA,NA,NA,0
"814","69b19e44edf4d70aee145c16",NA,NA,NA,NA,0
"815","69b3193cce0978ad6db9fe7c",NA,NA,NA,NA,0
"816","69b5c6bdbcf55371066f5e73",NA,NA,NA,NA,0
"817","69ba37faee13f176e7635323",NA,NA,NA,NA,0
"818","69bdf2afe629d42bfc47997f",NA,NA,NA,NA,0
"819","69c093d33989aa791c4e8b2d",NA,NA,NA,NA,0
"820","69c1256faa88d6296c98d745",NA,NA,NA,NA,0
"821","69c2f0033339865c279814ca",NA,NA,NA,NA,0
"822","69c6ec3a92185003cf70ded5",NA,NA,NA,NA,0
"823","69cc1fac2b52b1c4dd21cc7d",NA,NA,NA,NA,0
"824","69cec122e3cb56c2e7000c6b",NA,NA,NA,NA,0
"825","69d2a8765e19038ab2fc0f56",NA,NA,NA,NA,0
"826","69d5632f4815bcc4cb7242bf",NA,NA,NA,NA,0
"827","69d5c4d748bcaf8026c80573",NA,NA,NA,NA,0
"828","69daf476f6bc0d990581aca6",NA,NA,NA,NA,0
"829","69dbf4749918745fc7d8e820",NA,NA,NA,NA,0
"830","69dc76f0a77a620367d666ec",NA,NA,NA,NA,0
"831","69dfe696c433039b7add8013",NA,NA,NA,NA,0
"832","69e599577d00fb31c54fb004",NA,NA,NA,NA,0
"833","69e816058da70eddb5dbc3e1",NA,NA,NA,NA,0
"834","69e957ad6c65e153a1c65ae2",NA,NA,NA,NA,0
"835","69ed15278090fe4438301d5c",NA,NA,NA,NA,0
"836","69efe0b03221edd72686c185",NA,NA,NA,NA,0
"837","69f0438cc141b27ed949788e",NA,NA,NA,NA,0
"838","69f3d4f3fb7630947c56f1eb",NA,NA,NA,NA,0
"839","69f6484996726366cacd162c",NA,NA,NA,NA,0
"840","69f674db81cb46678aae6391",NA,NA,NA,NA,0
"841","69f7b962446b32b08d58a1df",NA,NA,NA,NA,0
"842","69f86a04fe802de5002bb70b",NA,NA,NA,NA,0
"843","69f8db35f08d6c337883fcb4",NA,NA,NA,NA,0
"844","69fb3314a5e95601464d1fea",NA,NA,NA,NA,0
"845","69fb86296fb6f0919bf31075",NA,NA,NA,NA,0
"846","69fcc8642de981c893eb6958",NA,NA,NA,NA,0
"847","69fce9e45d612732dd1ae4e2",NA,NA,NA,NA,0
"848","69fd3605435216c2d93bc72f",NA,NA,NA,NA,0
"849","6a00b0ca46e3f2822d0349b6",NA,NA,NA,NA,0
"850","6a00b4c7593a89490830c18c",NA,NA,NA,NA,0
"851","6a00dbcc626a780a8e5c07a4",NA,NA,NA,NA,0
"852","6a012d3c523e7311f4e55f61",NA,NA,NA,NA,0
"853","6a01e843af8198a220b44a18",NA,NA,NA,NA,0
"854","6a021dc98c730b8d3ce0deca",NA,NA,NA,NA,0
"855","6a023ad806e8158958e73b75",NA,NA,NA,NA,0
"856","6a04948f1e40214a25ff2563",NA,NA,NA,NA,0
"857","6a05131f0ad03d07dd77178e",NA,NA,NA,NA,0
"858","6a07687bad5809e8867bdffb",NA,NA,NA,NA,0
"859","6a0a0fd9f370053c3505dc0f",NA,NA,NA,NA,0
"860","6a0b7296246f70341f078e55",NA,NA,NA,NA,0
"861","6a0b756dd47d16a4c82f5589",NA,NA,NA,NA,0
"862","6a0dbb470d44c02c7ec444f0",NA,NA,NA,NA,0
"863","6a0dfefeb75ae8ac09c192c6",NA,NA,NA,NA,0
"864","6a0e0a9490e868c044e21936",NA,NA,NA,NA,0
"865","6a0e2d716e90edf1ea83dce1",NA,NA,NA,NA,0
"866","6a0f1056788a67850f057de4",NA,NA,NA,NA,0
"867","6a0fdfd2db4241c9e5eca29a",NA,NA,NA,NA,0
"868","6a14434573bcee3f17b7f762",NA,NA,NA,NA,0
"869","6a14c736578656591db6ea31",NA,NA,NA,NA,0
"870","6a14c84872f3851ab32e8c01",NA,NA,NA,NA,0
"871","6a14e67cf20909f60e34ae64",NA,NA,NA,NA,0
"872","6a14ed7d826b3c0b54334269",NA,NA,NA,NA,0
"873","6a150fcbc5238897c2c9408e",NA,NA,NA,NA,0
"874","6a1582166cefcdcbed565058",NA,NA,NA,NA,0
"875","6a15d5fb80117206e7200cf7",NA,NA,NA,NA,0
"876","6a15dfdb880253e5b6b917f3",NA,NA,NA,NA,0
"877","6a177f7ec67996448d9c7d41",NA,NA,NA,NA,0
"878","6a18b37c0157d881234ed29f",NA,NA,NA,NA,0
"879","6a199661a2f63c5bf9835b2e",NA,NA,NA,NA,0
"880","6a1a3e6d47ea4b557072cc4d",NA,NA,NA,NA,0
"881","6a1ae40320c9511f890515f7",NA,NA,NA,NA,0
"882","6a1b544246f12219f033d3c3",NA,NA,NA,NA,0
"883","6a1cb95bf369926ac77ea9e5",NA,NA,NA,NA,0
"884","6a1de36b3f5c6160ff6bf6a4",NA,NA,NA,NA,0
"885","6a1f0ef7a64d44c972d3a5f7",NA,NA,NA,NA,0
"886","6a1f832105dd8c89b5e930ad",NA,NA,NA,NA,0
"887","6a2222ff6e1036656b0d5d08",NA,NA,NA,NA,0
"888","6a232745f21e165e2b54ed58",NA,NA,NA,NA,0
"889","6a2482e9af72b55296872b0d",NA,NA,NA,NA,0
"890","6a2589e7b0645f2f7f1cc52c",NA,NA,NA,NA,0
"891","6a3607f677860830aca5bdeb",NA,NA,NA,NA,0
"892","62c5f85ccf34c8d9c0650f6e",NA,NA,NA,NA,0
"893","65465c5bc5a014ec683d55cf",NA,NA,NA,NA,0
"894","661c09a749790db73f8faba5",NA,NA,NA,NA,0
"895","66315563a848526fcfa7555b",NA,NA,NA,NA,0
"896","665795d82a087799023aaf0e",NA,NA,NA,NA,0
"897","66da162f5538535e93490441",NA,NA,NA,NA,0
"898","676956116c1a3416bf7b2afe",NA,NA,NA,NA,0
"899","695ea002344d7ca1605c747a",NA,NA,NA,NA,0
"900","6965bd850ce22095dd7a84ca",NA,NA,NA,NA,0
"901","6978d830c5d415696508430d",NA,NA,NA,NA,0
"902","697a495862ac67423e8418b8",NA,NA,NA,NA,0
"903","6980dfb784202dcf9736910f",NA,NA,NA,NA,0
"904","69864a705614c15728117b35",NA,NA,NA,NA,0
"905","6987875a0a8fa6ed9ef00726",NA,NA,NA,NA,0
"906","699b610e2ba4bade6f39121b",NA,NA,NA,NA,0
"907","699cebf39bc275a312ffd51c",NA,NA,NA,NA,0
"908","699d45af20adaa6e1e89aa5a",NA,NA,NA,NA,0
"909","699e3cc79b0d3d96b469ca49",NA,NA,NA,NA,0
"910","69a0734d1d433d3694c8438f",NA,NA,NA,NA,0
"911","69a6eb2bc679065ed1cecc51",NA,NA,NA,NA,0
"912","69a8cff018bead25e4a5d848",NA,NA,NA,NA,0
"913","69b19e44edf4d70aee145c16",NA,NA,NA,NA,0
"914","69b3193cce0978ad6db9fe7c",NA,NA,NA,NA,0
"915","69b5c6bdbcf55371066f5e73",NA,NA,NA,NA,0
"916","69ba37faee13f176e7635323",NA,NA,NA,NA,0
"917","69bdf2afe629d42bfc47997f",NA,NA,NA,NA,0
"918","69c093d33989aa791c4e8b2d",NA,NA,NA,NA,0
"919","69c1256faa88d6296c98d745",NA,NA,NA,NA,0
"920","69c2f0033339865c279814ca",NA,NA,NA,NA,0
"921","69c6ec3a92185003cf70ded5",NA,NA,NA,NA,0
"922","69cc1fac2b52b1c4dd21cc7d",NA,NA,NA,NA,0
"923","69cec122e3cb56c2e7000c6b",NA,NA,NA,NA,0
"924","69d2a8765e19038ab2fc0f56",NA,NA,NA,NA,0
"925","69d5632f4815bcc4cb7242bf",NA,NA,NA,NA,0
"926","69d5c4d748bcaf8026c80573",NA,NA,NA,NA,0
"927","69daf476f6bc0d990581aca6",NA,NA,NA,NA,0
"928","69dbf4749918745fc7d8e820",NA,NA,NA,NA,0
"929","69dc76f0a77a620367d666ec",NA,NA,NA,NA,0
"930","69dfe696c433039b7add8013",NA,NA,NA,NA,0
"931","69e599577d00fb31c54fb004",NA,NA,NA,NA,0
"932","69e816058da70eddb5dbc3e1",NA,NA,NA,NA,0
"933","69e957ad6c65e153a1c65ae2",NA,NA,NA,NA,0
"934","69ed15278090fe4438301d5c",NA,NA,NA,NA,0
"935","69efe0b03221edd72686c185",NA,NA,NA,NA,0
"936","69f0438cc141b27ed949788e",NA,NA,NA,NA,0
"937","69f3d4f3fb7630947c56f1eb",NA,NA,NA,NA,0
"938","69f6484996726366cacd162c",NA,NA,NA,NA,0
"939","69f674db81cb46678aae6391",NA,NA,NA,NA,0
"940","69f7b962446b32b08d58a1df",NA,NA,NA,NA,0
"941","69f86a04fe802de5002bb70b",NA,NA,NA,NA,0
"942","69f8db35f08d6c337883fcb4",NA,NA,NA,NA,0
"943","69fb3314a5e95601464d1fea",NA,NA,NA,NA,0
"944","69fb86296fb6f0919bf31075",NA,NA,NA,NA,0
"945","69fcc8642de981c893eb6958",NA,NA,NA,NA,0
"946","69fce9e45d612732dd1ae4e2",NA,NA,NA,NA,0
"947","69fd3605435216c2d93bc72f",NA,NA,NA,NA,0
"948","6a00b0ca46e3f2822d0349b6",NA,NA,NA,NA,0
"949","6a00b4c7593a89490830c18c",NA,NA,NA,NA,0
"950","6a00dbcc626a780a8e5c07a4",NA,NA,NA,NA,0
"951","6a012d3c523e7311f4e55f61",NA,NA,NA,NA,0
"952","6a01e843af8198a220b44a18",NA,NA,NA,NA,0
"953","6a021dc98c730b8d3ce0deca",NA,NA,NA,NA,0
"954","6a023ad806e8158958e73b75",NA,NA,NA,NA,0
"955","6a04948f1e40214a25ff2563",NA,NA,NA,NA,0
"956","6a05131f0ad03d07dd77178e",NA,NA,NA,NA,0
"957","6a07687bad5809e8867bdffb",NA,NA,NA,NA,0
"958","6a0a0fd9f370053c3505dc0f",NA,NA,NA,NA,0
"959","6a0b7296246f70341f078e55",NA,NA,NA,NA,0
"960","6a0b756dd47d16a4c82f5589",NA,NA,NA,NA,0
"961","6a0dbb470d44c02c7ec444f0",NA,NA,NA,NA,0
"962","6a0dfefeb75ae8ac09c192c6",NA,NA,NA,NA,0
"963","6a0e0a9490e868c044e21936",NA,NA,NA,NA,0
"964","6a0e2d716e90edf1ea83dce1",NA,NA,NA,NA,0
"965","6a0f1056788a67850f057de4",NA,NA,NA,NA,0
"966","6a0fdfd2db4241c9e5eca29a",NA,NA,NA,NA,0
"967","6a14434573bcee3f17b7f762",NA,NA,NA,NA,0
"968","6a14c736578656591db6ea31",NA,NA,NA,NA,0
"969","6a14c84872f3851ab32e8c01",NA,NA,NA,NA,0
"970","6a14e67cf20909f60e34ae64",NA,NA,NA,NA,0
"971","6a14ed7d826b3c0b54334269",NA,NA,NA,NA,0
"972","6a150fcbc5238897c2c9408e",NA,NA,NA,NA,0
"973","6a1582166cefcdcbed565058",NA,NA,NA,NA,0
"974","6a15d5fb80117206e7200cf7",NA,NA,NA,NA,0
"975","6a15dfdb880253e5b6b917f3",NA,NA,NA,NA,0
"976","6a177f7ec67996448d9c7d41",NA,NA,NA,NA,0
"977","6a18b37c0157d881234ed29f",NA,NA,NA,NA,0
"978","6a199661a2f63c5bf9835b2e",NA,NA,NA,NA,0
"979","6a1a3e6d47ea4b557072cc4d",NA,NA,NA,NA,0
"980","6a1ae40320c9511f890515f7",NA,NA,NA,NA,0
"981","6a1b544246f12219f033d3c3",NA,NA,NA,NA,0
"982","6a1cb95bf369926ac77ea9e5",NA,NA,NA,NA,0
"983","6a1de36b3f5c6160ff6bf6a4",NA,NA,NA,NA,0
"984","6a1f0ef7a64d44c972d3a5f7",NA,NA,NA,NA,0
"985","6a1f832105dd8c89b5e930ad",NA,NA,NA,NA,0
"986","6a2222ff6e1036656b0d5d08",NA,NA,NA,NA,0
"987","6a232745f21e165e2b54ed58",NA,NA,NA,NA,0
"988","6a2482e9af72b55296872b0d",NA,NA,NA,NA,0
"989","6a2589e7b0645f2f7f1cc52c",NA,NA,NA,NA,0
"990","6a3607f677860830aca5bdeb",NA,NA,NA,NA,0
"991","62c5f85ccf34c8d9c0650f6e",NA,NA,NA,NA,0
"992","65465c5bc5a014ec683d55cf",NA,NA,NA,NA,0
"993","661c09a749790db73f8faba5",NA,NA,NA,NA,0
"994","66315563a848526fcfa7555b",NA,NA,NA,NA,0
"995","665795d82a087799023aaf0e",NA,NA,NA,NA,0
"996","66da162f5538535e93490441",NA,NA,NA,NA,0
"997","676956116c1a3416bf7b2afe",NA,NA,NA,NA,0
"998","695ea002344d7ca1605c747a",NA,NA,NA,NA,0
"999","6965bd850ce22095dd7a84ca",NA,NA,NA,NA,0
"1000","6978d830c5d415696508430d",NA,NA,NA,NA,0
"1001","697a495862ac67423e8418b8",NA,NA,NA,NA,0
"1002","6980dfb784202dcf9736910f",NA,NA,NA,NA,0
"1003","69864a705614c15728117b35",NA,NA,NA,NA,0
"1004","6987875a0a8fa6ed9ef00726",NA,NA,NA,NA,0
"1005","699b610e2ba4bade6f39121b",NA,NA,NA,NA,0
"1006","699cebf39bc275a312ffd51c",NA,NA,NA,NA,0
"1007","699d45af20adaa6e1e89aa5a",NA,NA,NA,NA,0
"1008","699e3cc79b0d3d96b469ca49",NA,NA,NA,NA,0
"1009","69a0734d1d433d3694c8438f",NA,NA,NA,NA,0
"1010","69a6eb2bc679065ed1cecc51",NA,NA,NA,NA,0
"1011","69a8cff018bead25e4a5d848",NA,NA,NA,NA,0
"1012","69b19e44edf4d70aee145c16",NA,NA,NA,NA,0
"1013","69b3193cce0978ad6db9fe7c",NA,NA,NA,NA,0
"1014","69b5c6bdbcf55371066f5e73",NA,NA,NA,NA,0
"1015","69ba37faee13f176e7635323",NA,NA,NA,NA,0
"1016","69bdf2afe629d42bfc47997f",NA,NA,NA,NA,0
"1017","69c093d33989aa791c4e8b2d",NA,NA,NA,NA,0
"1018","69c1256faa88d6296c98d745",NA,NA,NA,NA,0
"1019","69c2f0033339865c279814ca",NA,NA,NA,NA,0
"1020","69c6ec3a92185003cf70ded5",NA,NA,NA,NA,0
"1021","69cc1fac2b52b1c4dd21cc7d",NA,NA,NA,NA,0
"1022","69cec122e3cb56c2e7000c6b",NA,NA,NA,NA,0
"1023","69d2a8765e19038ab2fc0f56",NA,NA,NA,NA,0
"1024","69d5632f4815bcc4cb7242bf",NA,NA,NA,NA,0
"1025","69d5c4d748bcaf8026c80573",NA,NA,NA,NA,0
"1026","69daf476f6bc0d990581aca6",NA,NA,NA,NA,0
"1027","69dbf4749918745fc7d8e820",NA,NA,NA,NA,0
"1028","69dc76f0a77a620367d666ec",NA,NA,NA,NA,0
"1029","69dfe696c433039b7add8013",NA,NA,NA,NA,0
"1030","69e599577d00fb31c54fb004",NA,NA,NA,NA,0
"1031","69e816058da70eddb5dbc3e1",NA,NA,NA,NA,0
"1032","69e957ad6c65e153a1c65ae2",NA,NA,NA,NA,0
"1033","69ed15278090fe4438301d5c",NA,NA,NA,NA,0
"1034","69efe0b03221edd72686c185",NA,NA,NA,NA,0
"1035","69f0438cc141b27ed949788e",NA,NA,NA,NA,0
"1036","69f3d4f3fb7630947c56f1eb",NA,NA,NA,NA,0
"1037","69f6484996726366cacd162c",NA,NA,NA,NA,0
"1038","69f674db81cb46678aae6391",NA,NA,NA,NA,0
"1039","69f7b962446b32b08d58a1df",NA,NA,NA,NA,0
"1040","69f86a04fe802de5002bb70b",NA,NA,NA,NA,0
"1041","69f8db35f08d6c337883fcb4",NA,NA,NA,NA,0
"1042","69fb3314a5e95601464d1fea",NA,NA,NA,NA,0
"1043","69fb86296fb6f0919bf31075",NA,NA,NA,NA,0
"1044","69fcc8642de981c893eb6958",NA,NA,NA,NA,0
"1045","69fce9e45d612732dd1ae4e2",NA,NA,NA,NA,0
"1046","69fd3605435216c2d93bc72f",NA,NA,NA,NA,0
"1047","6a00b0ca46e3f2822d0349b6",NA,NA,NA,NA,0
"1048","6a00b4c7593a89490830c18c",NA,NA,NA,NA,0
"1049","6a00dbcc626a780a8e5c07a4",NA,NA,NA,NA,0
"1050","6a012d3c523e7311f4e55f61",NA,NA,NA,NA,0
"1051","6a01e843af8198a220b44a18",NA,NA,NA,NA,0
"1052","6a021dc98c730b8d3ce0deca",NA,NA,NA,NA,0
"1053","6a023ad806e8158958e73b75",NA,NA,NA,NA,0
"1054","6a04948f1e40214a25ff2563",NA,NA,NA,NA,0
"1055","6a05131f0ad03d07dd77178e",NA,NA,NA,NA,0
"1056","6a07687bad5809e8867bdffb",NA,NA,NA,NA,0
"1057","6a0a0fd9f370053c3505dc0f",NA,NA,NA,NA,0
"1058","6a0b7296246f70341f078e55",NA,NA,NA,NA,0
"1059","6a0b756dd47d16a4c82f5589",NA,NA,NA,NA,0
"1060","6a0dbb470d44c02c7ec444f0",NA,NA,NA,NA,0
"1061","6a0dfefeb75ae8ac09c192c6",NA,NA,NA,NA,0
"1062","6a0e0a9490e868c044e21936",NA,NA,NA,NA,0
"1063","6a0e2d716e90edf1ea83dce1",NA,NA,NA,NA,0
"1064","6a0f1056788a67850f057de4",NA,NA,NA,NA,0
"1065","6a0fdfd2db4241c9e5eca29a",NA,NA,NA,NA,0
"1066","6a14434573bcee3f17b7f762",NA,NA,NA,NA,0
"1067","6a14c736578656591db6ea31",NA,NA,NA,NA,0
"1068","6a14c84872f3851ab32e8c01",NA,NA,NA,NA,0
"1069","6a14e67cf20909f60e34ae64",NA,NA,NA,NA,0
"1070","6a14ed7d826b3c0b54334269",NA,NA,NA,NA,0
"1071","6a150fcbc5238897c2c9408e",NA,NA,NA,NA,0
"1072","6a1582166cefcdcbed565058",NA,NA,NA,NA,0
"1073","6a15d5fb80117206e7200cf7",NA,NA,NA,NA,0
"1074","6a15dfdb880253e5b6b917f3",NA,NA,NA,NA,0
"1075","6a177f7ec67996448d9c7d41",NA,NA,NA,NA,0
"1076","6a18b37c0157d881234ed29f",NA,NA,NA,NA,0
"1077","6a199661a2f63c5bf9835b2e",NA,NA,NA,NA,0
"1078","6a1a3e6d47ea4b557072cc4d",NA,NA,NA,NA,0
"1079","6a1ae40320c9511f890515f7",NA,NA,NA,NA,0
"1080","6a1b544246f12219f033d3c3",NA,NA,NA,NA,0
"1081","6a1cb95bf369926ac77ea9e5",NA,NA,NA,NA,0
"1082","6a1de36b3f5c6160ff6bf6a4",NA,NA,NA,NA,0
"1083","6a1f0ef7a64d44c972d3a5f7",NA,NA,NA,NA,0
"1084","6a1f832105dd8c89b5e930ad",NA,NA,NA,NA,0
"1085","6a2222ff6e1036656b0d5d08",NA,NA,NA,NA,0
"1086","6a232745f21e165e2b54ed58",NA,NA,NA,NA,0
"1087","6a2482e9af72b55296872b0d",NA,NA,NA,NA,0
"1088","6a2589e7b0645f2f7f1cc52c",NA,NA,NA,NA,0
"1089","6a3607f677860830aca5bdeb",NA,NA,NA,NA,0
"1090","62c5f85ccf34c8d9c0650f6e",NA,NA,NA,NA,0
"1091","65465c5bc5a014ec683d55cf",NA,NA,NA,NA,0
"1092","661c09a749790db73f8faba5",NA,NA,NA,NA,0
"1093","66315563a848526fcfa7555b",NA,NA,NA,NA,0
"1094","665795d82a087799023aaf0e",NA,NA,NA,NA,0
"1095","66da162f5538535e93490441",NA,NA,NA,NA,0
"1096","676956116c1a3416bf7b2afe",NA,NA,NA,NA,0
"1097","695ea002344d7ca1605c747a",NA,NA,NA,NA,0
"1098","6965bd850ce22095dd7a84ca",NA,NA,NA,NA,0
"1099","6978d830c5d415696508430d",NA,NA,NA,NA,0
"1100","697a495862ac67423e8418b8",NA,NA,NA,NA,0
"1101","6980dfb784202dcf9736910f",NA,NA,NA,NA,0
"1102","69864a705614c15728117b35",NA,NA,NA,NA,0
"1103","6987875a0a8fa6ed9ef00726",NA,NA,NA,NA,0
"1104","699b610e2ba4bade6f39121b",NA,NA,NA,NA,0
"1105","699cebf39bc275a312ffd51c",NA,NA,NA,NA,0
"1106","699d45af20adaa6e1e89aa5a",NA,NA,NA,NA,0
"1107","699e3cc79b0d3d96b469ca49",NA,NA,NA,NA,0
"1108","69a0734d1d433d3694c8438f",NA,NA,NA,NA,0
"1109","69a6eb2bc679065ed1cecc51",NA,NA,NA,NA,0
"1110","69a8cff018bead25e4a5d848",NA,NA,NA,NA,0
"1111","69b19e44edf4d70aee145c16",NA,NA,NA,NA,0
"1112","69b3193cce0978ad6db9fe7c",NA,NA,NA,NA,0
"1113","69b5c6bdbcf55371066f5e73",NA,NA,NA,NA,0
"1114","69ba37faee13f176e7635323",NA,NA,NA,NA,0
"1115","69bdf2afe629d42bfc47997f",NA,NA,NA,NA,0
"1116","69c093d33989aa791c4e8b2d",NA,NA,NA,NA,0
"1117","69c1256faa88d6296c98d745",NA,NA,NA,NA,0
"1118","69c2f0033339865c279814ca",NA,NA,NA,NA,0
"1119","69c6ec3a92185003cf70ded5",NA,NA,NA,NA,0
"1120","69cc1fac2b52b1c4dd21cc7d",NA,NA,NA,NA,0
"1121","69cec122e3cb56c2e7000c6b",NA,NA,NA,NA,0
"1122","69d2a8765e19038ab2fc0f56",NA,NA,NA,NA,0
"1123","69d5632f4815bcc4cb7242bf",NA,NA,NA,NA,0
"1124","69d5c4d748bcaf8026c80573",NA,NA,NA,NA,0
"1125","69daf476f6bc0d990581aca6",NA,NA,NA,NA,0
"1126","69dbf4749918745fc7d8e820",NA,NA,NA,NA,0
"1127","69dc76f0a77a620367d666ec",NA,NA,NA,NA,0
"1128","69dfe696c433039b7add8013",NA,NA,NA,NA,0
"1129","69e599577d00fb31c54fb004",NA,NA,NA,NA,0
"1130","69e816058da70eddb5dbc3e1",NA,NA,NA,NA,0
"1131","69e957ad6c65e153a1c65ae2",NA,NA,NA,NA,0
"1132","69ed15278090fe4438301d5c",NA,NA,NA,NA,0
"1133","69efe0b03221edd72686c185",NA,NA,NA,NA,0
"1134","69f0438cc141b27ed949788e",NA,NA,NA,NA,0
"1135","69f3d4f3fb7630947c56f1eb",NA,NA,NA,NA,0
"1136","69f6484996726366cacd162c",NA,NA,NA,NA,0
"1137","69f674db81cb46678aae6391",NA,NA,NA,NA,0
"1138","69f7b962446b32b08d58a1df",NA,NA,NA,NA,0
"1139","69f86a04fe802de5002bb70b",NA,NA,NA,NA,0
"1140","69f8db35f08d6c337883fcb4",NA,NA,NA,NA,0
"1141","69fb3314a5e95601464d1fea",NA,NA,NA,NA,0
"1142","69fb86296fb6f0919bf31075",NA,NA,NA,NA,0
"1143","69fcc8642de981c893eb6958",NA,NA,NA,NA,0
"1144","69fce9e45d612732dd1ae4e2",NA,NA,NA,NA,0
"1145","69fd3605435216c2d93bc72f",NA,NA,NA,NA,0
"1146","6a00b0ca46e3f2822d0349b6",NA,NA,NA,NA,0
"1147","6a00b4c7593a89490830c18c",NA,NA,NA,NA,0
"1148","6a00dbcc626a780a8e5c07a4",NA,NA,NA,NA,0
"1149","6a012d3c523e7311f4e55f61",NA,NA,NA,NA,0
"1150","6a01e843af8198a220b44a18",NA,NA,NA,NA,0
"1151","6a021dc98c730b8d3ce0deca",NA,NA,NA,NA,0
"1152","6a023ad806e8158958e73b75",NA,NA,NA,NA,0
"1153","6a04948f1e40214a25ff2563",NA,NA,NA,NA,0
"1154","6a05131f0ad03d07dd77178e",NA,NA,NA,NA,0
"1155","6a07687bad5809e8867bdffb",NA,NA,NA,NA,0
"1156","6a0a0fd9f370053c3505dc0f",NA,NA,NA,NA,0
"1157","6a0b7296246f70341f078e55",NA,NA,NA,NA,0
"1158","6a0b756dd47d16a4c82f5589",NA,NA,NA,NA,0
"1159","6a0dbb470d44c02c7ec444f0",NA,NA,NA,NA,0
"1160","6a0dfefeb75ae8ac09c192c6",NA,NA,NA,NA,0
"1161","6a0e0a9490e868c044e21936",NA,NA,NA,NA,0
"1162","6a0e2d716e90edf1ea83dce1",NA,NA,NA,NA,0
"1163","6a0f1056788a67850f057de4",NA,NA,NA,NA,0
"1164","6a0fdfd2db4241c9e5eca29a",NA,NA,NA,NA,0
"1165","6a14434573bcee3f17b7f762",NA,NA,NA,NA,0
"1166","6a14c736578656591db6ea31",NA,NA,NA,NA,0
"1167","6a14c84872f3851ab32e8c01",NA,NA,NA,NA,0
"1168","6a14e67cf20909f60e34ae64",NA,NA,NA,NA,0
"1169","6a14ed7d826b3c0b54334269",NA,NA,NA,NA,0
"1170","6a150fcbc5238897c2c9408e",NA,NA,NA,NA,0
"1171","6a1582166cefcdcbed565058",NA,NA,NA,NA,0
"1172","6a15d5fb80117206e7200cf7",NA,NA,NA,NA,0
"1173","6a15dfdb880253e5b6b917f3",NA,NA,NA,NA,0
"1174","6a177f7ec67996448d9c7d41",NA,NA,NA,NA,0
"1175","6a18b37c0157d881234ed29f",NA,NA,NA,NA,0
"1176","6a199661a2f63c5bf9835b2e",NA,NA,NA,NA,0
"1177","6a1a3e6d47ea4b557072cc4d",NA,NA,NA,NA,0
"1178","6a1ae40320c9511f890515f7",NA,NA,NA,NA,0
"1179","6a1b544246f12219f033d3c3",NA,NA,NA,NA,0
"1180","6a1cb95bf369926ac77ea9e5",NA,NA,NA,NA,0
"1181","6a1de36b3f5c6160ff6bf6a4",NA,NA,NA,NA,0
"1182","6a1f0ef7a64d44c972d3a5f7",NA,NA,NA,NA,0
"1183","6a1f832105dd8c89b5e930ad",NA,NA,NA,NA,0
"1184","6a2222ff6e1036656b0d5d08",NA,NA,NA,NA,0
"1185","6a232745f21e165e2b54ed58",NA,NA,NA,NA,0
"1186","6a2482e9af72b55296872b0d",NA,NA,NA,NA,0
"1187","6a2589e7b0645f2f7f1cc52c",NA,NA,NA,NA,0
"1188","6a3607f677860830aca5bdeb",NA,NA,NA,NA,0
"1189","62c5f85ccf34c8d9c0650f6e",NA,NA,NA,NA,0
"1190","65465c5bc5a014ec683d55cf",NA,NA,NA,NA,0
"1191","661c09a749790db73f8faba5",NA,NA,NA,NA,0
"1192","66315563a848526fcfa7555b",NA,NA,NA,NA,0
"1193","665795d82a087799023aaf0e",NA,NA,NA,NA,0
"1194","66da162f5538535e93490441",NA,NA,NA,NA,0
"1195","676956116c1a3416bf7b2afe",NA,NA,NA,NA,0
"1196","695ea002344d7ca1605c747a",NA,NA,NA,NA,0
"1197","6965bd850ce22095dd7a84ca",NA,NA,NA,NA,0
"1198","6978d830c5d415696508430d",NA,NA,NA,NA,0
"1199","697a495862ac67423e8418b8",NA,NA,NA,NA,0
"1200","6980dfb784202dcf9736910f",NA,NA,NA,NA,0
"1201","69864a705614c15728117b35",NA,NA,NA,NA,0
"1202","6987875a0a8fa6ed9ef00726",NA,NA,NA,NA,0
"1203","699b610e2ba4bade6f39121b",NA,NA,NA,NA,0
"1204","699cebf39bc275a312ffd51c",NA,NA,NA,NA,0
"1205","699d45af20adaa6e1e89aa5a",NA,NA,NA,NA,0
"1206","699e3cc79b0d3d96b469ca49",NA,NA,NA,NA,0
"1207","69a0734d1d433d3694c8438f",NA,NA,NA,NA,0
"1208","69a6eb2bc679065ed1cecc51",NA,NA,NA,NA,0
"1209","69a8cff018bead25e4a5d848",NA,NA,NA,NA,0
"1210","69b19e44edf4d70aee145c16",NA,NA,NA,NA,0
"1211","69b3193cce0978ad6db9fe7c",NA,NA,NA,NA,0
"1212","69b5c6bdbcf55371066f5e73",NA,NA,NA,NA,0
"1213","69ba37faee13f176e7635323",NA,NA,NA,NA,0
"1214","69bdf2afe629d42bfc47997f",NA,NA,NA,NA,0
"1215","69c093d33989aa791c4e8b2d",NA,NA,NA,NA,0
"1216","69c1256faa88d6296c98d745",NA,NA,NA,NA,0
"1217","69c2f0033339865c279814ca",NA,NA,NA,NA,0
"1218","69c6ec3a92185003cf70ded5",NA,NA,NA,NA,0
"1219","69cc1fac2b52b1c4dd21cc7d",NA,NA,NA,NA,0
"1220","69cec122e3cb56c2e7000c6b",NA,NA,NA,NA,0
"1221","69d2a8765e19038ab2fc0f56",NA,NA,NA,NA,0
"1222","69d5632f4815bcc4cb7242bf",NA,NA,NA,NA,0
"1223","69d5c4d748bcaf8026c80573",NA,NA,NA,NA,0
"1224","69daf476f6bc0d990581aca6",NA,NA,NA,NA,0
"1225","69dbf4749918745fc7d8e820",NA,NA,NA,NA,0
"1226","69dc76f0a77a620367d666ec",NA,NA,NA,NA,0
"1227","69dfe696c433039b7add8013",NA,NA,NA,NA,0
"1228","69e599577d00fb31c54fb004",NA,NA,NA,NA,0
"1229","69e816058da70eddb5dbc3e1",NA,NA,NA,NA,0
"1230","69e957ad6c65e153a1c65ae2",NA,NA,NA,NA,0
"1231","69ed15278090fe4438301d5c",NA,NA,NA,NA,0
"1232","69efe0b03221edd72686c185",NA,NA,NA,NA,0
"1233","69f0438cc141b27ed949788e",NA,NA,NA,NA,0
"1234","69f3d4f3fb7630947c56f1eb",NA,NA,NA,NA,0
"1235","69f6484996726366cacd162c",NA,NA,NA,NA,0
"1236","69f674db81cb46678aae6391",NA,NA,NA,NA,0
"1237","69f7b962446b32b08d58a1df",NA,NA,NA,NA,0
"1238","69f86a04fe802de5002bb70b",NA,NA,NA,NA,0
"1239","69f8db35f08d6c337883fcb4",NA,NA,NA,NA,0
"1240","69fb3314a5e95601464d1fea",NA,NA,NA,NA,0
"1241","69fb86296fb6f0919bf31075",NA,NA,NA,NA,0
"1242","69fcc8642de981c893eb6958",NA,NA,NA,NA,0
"1243","69fce9e45d612732dd1ae4e2",NA,NA,NA,NA,0
"1244","69fd3605435216c2d93bc72f",NA,NA,NA,NA,0
"1245","6a00b0ca46e3f2822d0349b6",NA,NA,NA,NA,0
"1246","6a00b4c7593a89490830c18c",NA,NA,NA,NA,0
"1247","6a00dbcc626a780a8e5c07a4",NA,NA,NA,NA,0
"1248","6a012d3c523e7311f4e55f61",NA,NA,NA,NA,0
"1249","6a01e843af8198a220b44a18",NA,NA,NA,NA,0
"1250","6a021dc98c730b8d3ce0deca",NA,NA,NA,NA,0
"1251","6a023ad806e8158958e73b75",NA,NA,NA,NA,0
"1252","6a04948f1e40214a25ff2563",NA,NA,NA,NA,0
"1253","6a05131f0ad03d07dd77178e",NA,NA,NA,NA,0
"1254","6a07687bad5809e8867bdffb",NA,NA,NA,NA,0
"1255","6a0a0fd9f370053c3505dc0f",NA,NA,NA,NA,0
"1256","6a0b7296246f70341f078e55",NA,NA,NA,NA,0
"1257","6a0b756dd47d16a4c82f5589",NA,NA,NA,NA,0
"1258","6a0dbb470d44c02c7ec444f0",NA,NA,NA,NA,0
"1259","6a0dfefeb75ae8ac09c192c6",NA,NA,NA,NA,0
"1260","6a0e0a9490e868c044e21936",NA,NA,NA,NA,0
"1261","6a0e2d716e90edf1ea83dce1",NA,NA,NA,NA,0
"1262","6a0f1056788a67850f057de4",NA,NA,NA,NA,0
"1263","6a0fdfd2db4241c9e5eca29a",NA,NA,NA,NA,0
"1264","6a14434573bcee3f17b7f762",NA,NA,NA,NA,0
"1265","6a14c736578656591db6ea31",NA,NA,NA,NA,0
"1266","6a14c84872f3851ab32e8c01",NA,NA,NA,NA,0
"1267","6a14e67cf20909f60e34ae64",NA,NA,NA,NA,0
"1268","6a14ed7d826b3c0b54334269",NA,NA,NA,NA,0
"1269","6a150fcbc5238897c2c9408e",NA,NA,NA,NA,0
"1270","6a1582166cefcdcbed565058",NA,NA,NA,NA,0
"1271","6a15d5fb80117206e7200cf7",NA,NA,NA,NA,0
"1272","6a15dfdb880253e5b6b917f3",NA,NA,NA,NA,0
"1273","6a177f7ec67996448d9c7d41",NA,NA,NA,NA,0
"1274","6a18b37c0157d881234ed29f",NA,NA,NA,NA,0
"1275","6a199661a2f63c5bf9835b2e",NA,NA,NA,NA,0
"1276","6a1a3e6d47ea4b557072cc4d",NA,NA,NA,NA,0
"1277","6a1ae40320c9511f890515f7",NA,NA,NA,NA,0
"1278","6a1b544246f12219f033d3c3",NA,NA,NA,NA,0
"1279","6a1cb95bf369926ac77ea9e5",NA,NA,NA,NA,0
"1280","6a1de36b3f5c6160ff6bf6a4",NA,NA,NA,NA,0
"1281","6a1f0ef7a64d44c972d3a5f7",NA,NA,NA,NA,0
"1282","6a1f832105dd8c89b5e930ad",NA,NA,NA,NA,0
"1283","6a2222ff6e1036656b0d5d08",NA,NA,NA,NA,0
"1284","6a232745f21e165e2b54ed58",NA,NA,NA,NA,0
"1285","6a2482e9af72b55296872b0d",NA,NA,NA,NA,0
"1286","6a2589e7b0645f2f7f1cc52c",NA,NA,NA,NA,0
"1287","6a3607f677860830aca5bdeb",NA,NA,NA,NA,0
"1288","62c5f85ccf34c8d9c0650f6e",NA,NA,NA,NA,0
"1289","65465c5bc5a014ec683d55cf",NA,NA,NA,NA,0
"1290","661c09a749790db73f8faba5",NA,NA,NA,NA,0
"1291","66315563a848526fcfa7555b",NA,NA,NA,NA,0
"1292","665795d82a087799023aaf0e",NA,NA,NA,NA,0
"1293","66da162f5538535e93490441",NA,NA,NA,NA,0
"1294","676956116c1a3416bf7b2afe",NA,NA,NA,NA,0
"1295","695ea002344d7ca1605c747a",NA,NA,NA,NA,0
"1296","6965bd850ce22095dd7a84ca",NA,NA,NA,NA,0
"1297","6978d830c5d415696508430d",NA,NA,NA,NA,0
"1298","697a495862ac67423e8418b8",NA,NA,NA,NA,0
"1299","6980dfb784202dcf9736910f",NA,NA,NA,NA,0
"1300","69864a705614c15728117b35",NA,NA,NA,NA,0
"1301","6987875a0a8fa6ed9ef00726",NA,NA,NA,NA,0
"1302","699b610e2ba4bade6f39121b",NA,NA,NA,NA,0
"1303","699cebf39bc275a312ffd51c",NA,NA,NA,NA,0
"1304","699d45af20adaa6e1e89aa5a",NA,NA,NA,NA,0
"1305","699e3cc79b0d3d96b469ca49",NA,NA,NA,NA,0
"1306","69a0734d1d433d3694c8438f",NA,NA,NA,NA,0
"1307","69a6eb2bc679065ed1cecc51",NA,NA,NA,NA,0
"1308","69a8cff018bead25e4a5d848",NA,NA,NA,NA,0
"1309","69b19e44edf4d70aee145c16",NA,NA,NA,NA,0
"1310","69b3193cce0978ad6db9fe7c",NA,NA,NA,NA,0
"1311","69b5c6bdbcf55371066f5e73",NA,NA,NA,NA,0
"1312","69ba37faee13f176e7635323",NA,NA,NA,NA,0
"1313","69bdf2afe629d42bfc47997f",NA,NA,NA,NA,0
"1314","69c093d33989aa791c4e8b2d",NA,NA,NA,NA,0
"1315","69c1256faa88d6296c98d745",NA,NA,NA,NA,0
"1316","69c2f0033339865c279814ca",NA,NA,NA,NA,0
"1317","69c6ec3a92185003cf70ded5",NA,NA,NA,NA,0
"1318","69cc1fac2b52b1c4dd21cc7d",NA,NA,NA,NA,0
"1319","69cec122e3cb56c2e7000c6b",NA,NA,NA,NA,0
"1320","69d2a8765e19038ab2fc0f56",NA,NA,NA,NA,0
"1321","69d5632f4815bcc4cb7242bf",NA,NA,NA,NA,0
"1322","69d5c4d748bcaf8026c80573",NA,NA,NA,NA,0
"1323","69daf476f6bc0d990581aca6",NA,NA,NA,NA,0
"1324","69dbf4749918745fc7d8e820",NA,NA,NA,NA,0
"1325","69dc76f0a77a620367d666ec",NA,NA,NA,NA,0
"1326","69dfe696c433039b7add8013",NA,NA,NA,NA,0
"1327","69e599577d00fb31c54fb004",NA,NA,NA,NA,0
"1328","69e816058da70eddb5dbc3e1",NA,NA,NA,NA,0
"1329","69e957ad6c65e153a1c65ae2",NA,NA,NA,NA,0
"1330","69ed15278090fe4438301d5c",NA,NA,NA,NA,0
"1331","69efe0b03221edd72686c185",NA,NA,NA,NA,0
"1332","69f0438cc141b27ed949788e",NA,NA,NA,NA,0
"1333","69f3d4f3fb7630947c56f1eb",NA,NA,NA,NA,0
"1334","69f6484996726366cacd162c",NA,NA,NA,NA,0
"1335","69f674db81cb46678aae6391",NA,NA,NA,NA,0
"1336","69f7b962446b32b08d58a1df",NA,NA,NA,NA,0
"1337","69f86a04fe802de5002bb70b",NA,NA,NA,NA,0
"1338","69f8db35f08d6c337883fcb4",NA,NA,NA,NA,0
"1339","69fb3314a5e95601464d1fea",NA,NA,NA,NA,0
"1340","69fb86296fb6f0919bf31075",NA,NA,NA,NA,0
"1341","69fcc8642de981c893eb6958",NA,NA,NA,NA,0
"1342","69fce9e45d612732dd1ae4e2",NA,NA,NA,NA,0
"1343","69fd3605435216c2d93bc72f",NA,NA,NA,NA,0
"1344","6a00b0ca46e3f2822d0349b6",NA,NA,NA,NA,0
"1345","6a00b4c7593a89490830c18c",NA,NA,NA,NA,0
"1346","6a00dbcc626a780a8e5c07a4",NA,NA,NA,NA,0
"1347","6a012d3c523e7311f4e55f61",NA,NA,NA,NA,0
"1348","6a01e843af8198a220b44a18",NA,NA,NA,NA,0
"1349","6a021dc98c730b8d3ce0deca",NA,NA,NA,NA,0
"1350","6a023ad806e8158958e73b75",NA,NA,NA,NA,0
"1351","6a04948f1e40214a25ff2563",NA,NA,NA,NA,0
"1352","6a05131f0ad03d07dd77178e",NA,NA,NA,NA,0
"1353","6a07687bad5809e8867bdffb",NA,NA,NA,NA,0
"1354","6a0a0fd9f370053c3505dc0f",NA,NA,NA,NA,0
"1355","6a0b7296246f70341f078e55",NA,NA,NA,NA,0
"1356","6a0b756dd47d16a4c82f5589",NA,NA,NA,NA,0
"1357","6a0dbb470d44c02c7ec444f0",NA,NA,NA,NA,0
"1358","6a0dfefeb75ae8ac09c192c6",NA,NA,NA,NA,0
"1359","6a0e0a9490e868c044e21936",NA,NA,NA,NA,0
"1360","6a0e2d716e90edf1ea83dce1",NA,NA,NA,NA,0
"1361","6a0f1056788a67850f057de4",NA,NA,NA,NA,0
"1362","6a0fdfd2db4241c9e5eca29a",NA,NA,NA,NA,0
"1363","6a14434573bcee3f17b7f762",NA,NA,NA,NA,0
"1364","6a14c736578656591db6ea31",NA,NA,NA,NA,0
"1365","6a14c84872f3851ab32e8c01",NA,NA,NA,NA,0
"1366","6a14e67cf20909f60e34ae64",NA,NA,NA,NA,0
"1367","6a14ed7d826b3c0b54334269",NA,NA,NA,NA,0
"1368","6a150fcbc5238897c2c9408e",NA,NA,NA,NA,0
"1369","6a1582166cefcdcbed565058",NA,NA,NA,NA,0
"1370","6a15d5fb80117206e7200cf7",NA,NA,NA,NA,0
"1371","6a15dfdb880253e5b6b917f3",NA,NA,NA,NA,0
"1372","6a177f7ec67996448d9c7d41",NA,NA,NA,NA,0
"1373","6a18b37c0157d881234ed29f",NA,NA,NA,NA,0
"1374","6a199661a2f63c5bf9835b2e",NA,NA,NA,NA,0
"1375","6a1a3e6d47ea4b557072cc4d",NA,NA,NA,NA,0
"1376","6a1ae40320c9511f890515f7",NA,NA,NA,NA,0
"1377","6a1b544246f12219f033d3c3",NA,NA,NA,NA,0
"1378","6a1cb95bf369926ac77ea9e5",NA,NA,NA,NA,0
"1379","6a1de36b3f5c6160ff6bf6a4",NA,NA,NA,NA,0
"1380","6a1f0ef7a64d44c972d3a5f7",NA,NA,NA,NA,0
"1381","6a1f832105dd8c89b5e930ad",NA,NA,NA,NA,0
"1382","6a2222ff6e1036656b0d5d08",NA,NA,NA,NA,0
"1383","6a232745f21e165e2b54ed58",NA,NA,NA,NA,0
"1384","6a2482e9af72b55296872b0d",NA,NA,NA,NA,0
"1385","6a2589e7b0645f2f7f1cc52c",NA,NA,NA,NA,0
"1386","6a3607f677860830aca5bdeb",NA,NA,NA,NA,0
"1387","62c5f85ccf34c8d9c0650f6e",NA,NA,NA,NA,0
"1388","65465c5bc5a014ec683d55cf",NA,NA,NA,NA,0
"1389","661c09a749790db73f8faba5",NA,NA,NA,NA,0
"1390","66315563a848526fcfa7555b",NA,NA,NA,NA,0
"1391","665795d82a087799023aaf0e",NA,NA,NA,NA,0
"1392","66da162f5538535e93490441",NA,NA,NA,NA,0
"1393","676956116c1a3416bf7b2afe",NA,NA,NA,NA,0
"1394","695ea002344d7ca1605c747a",NA,NA,NA,NA,0
"1395","6965bd850ce22095dd7a84ca",NA,NA,NA,NA,0
"1396","6978d830c5d415696508430d",NA,NA,NA,NA,0
"1397","697a495862ac67423e8418b8",NA,NA,NA,NA,0
"1398","6980dfb784202dcf9736910f",NA,NA,NA,NA,0
"1399","69864a705614c15728117b35",NA,NA,NA,NA,0
"1400","6987875a0a8fa6ed9ef00726",NA,NA,NA,NA,0
"1401","699b610e2ba4bade6f39121b",NA,NA,NA,NA,0
"1402","699cebf39bc275a312ffd51c",NA,NA,NA,NA,0
"1403","699d45af20adaa6e1e89aa5a",NA,NA,NA,NA,0
"1404","699e3cc79b0d3d96b469ca49",NA,NA,NA,NA,0
"1405","69a0734d1d433d3694c8438f",NA,NA,NA,NA,0
"1406","69a6eb2bc679065ed1cecc51",NA,NA,NA,NA,0
"1407","69a8cff018bead25e4a5d848",NA,NA,NA,NA,0
"1408","69b19e44edf4d70aee145c16",NA,NA,NA,NA,0
"1409","69b3193cce0978ad6db9fe7c",NA,NA,NA,NA,0
"1410","69b5c6bdbcf55371066f5e73",NA,NA,NA,NA,0
"1411","69ba37faee13f176e7635323",NA,NA,NA,NA,0
"1412","69bdf2afe629d42bfc47997f",NA,NA,NA,NA,0
"1413","69c093d33989aa791c4e8b2d",NA,NA,NA,NA,0
"1414","69c1256faa88d6296c98d745",NA,NA,NA,NA,0
"1415","69c2f0033339865c279814ca",NA,NA,NA,NA,0
"1416","69c6ec3a92185003cf70ded5",NA,NA,NA,NA,0
"1417","69cc1fac2b52b1c4dd21cc7d",NA,NA,NA,NA,0
"1418","69cec122e3cb56c2e7000c6b",NA,NA,NA,NA,0
"1419","69d2a8765e19038ab2fc0f56",NA,NA,NA,NA,0
"1420","69d5632f4815bcc4cb7242bf",NA,NA,NA,NA,0
"1421","69d5c4d748bcaf8026c80573",NA,NA,NA,NA,0
"1422","69daf476f6bc0d990581aca6",NA,NA,NA,NA,0
"1423","69dbf4749918745fc7d8e820",NA,NA,NA,NA,0
"1424","69dc76f0a77a620367d666ec",NA,NA,NA,NA,0
"1425","69dfe696c433039b7add8013",NA,NA,NA,NA,0
"1426","69e599577d00fb31c54fb004",NA,NA,NA,NA,0
"1427","69e816058da70eddb5dbc3e1",NA,NA,NA,NA,0
"1428","69e957ad6c65e153a1c65ae2",NA,NA,NA,NA,0
"1429","69ed15278090fe4438301d5c",NA,NA,NA,NA,0
"1430","69efe0b03221edd72686c185",NA,NA,NA,NA,0
"1431","69f0438cc141b27ed949788e",NA,NA,NA,NA,0
"1432","69f3d4f3fb7630947c56f1eb",NA,NA,NA,NA,0
"1433","69f6484996726366cacd162c",NA,NA,NA,NA,0
"1434","69f674db81cb46678aae6391",NA,NA,NA,NA,0
"1435","69f7b962446b32b08d58a1df",NA,NA,NA,NA,0
"1436","69f86a04fe802de5002bb70b",NA,NA,NA,NA,0
"1437","69f8db35f08d6c337883fcb4",NA,NA,NA,NA,0
"1438","69fb3314a5e95601464d1fea",NA,NA,NA,NA,0
"1439","69fb86296fb6f0919bf31075",NA,NA,NA,NA,0
"1440","69fcc8642de981c893eb6958",NA,NA,NA,NA,0
"1441","69fce9e45d612732dd1ae4e2",NA,NA,NA,NA,0
"1442","69fd3605435216c2d93bc72f",NA,NA,NA,NA,0
"1443","6a00b0ca46e3f2822d0349b6",NA,NA,NA,NA,0
"1444","6a00b4c7593a89490830c18c",NA,NA,NA,NA,0
"1445","6a00dbcc626a780a8e5c07a4",NA,NA,NA,NA,0
"1446","6a012d3c523e7311f4e55f61",NA,NA,NA,NA,0
"1447","6a01e843af8198a220b44a18",NA,NA,NA,NA,0
"1448","6a021dc98c730b8d3ce0deca",NA,NA,NA,NA,0
"1449","6a023ad806e8158958e73b75",NA,NA,NA,NA,0
"1450","6a04948f1e40214a25ff2563",NA,NA,NA,NA,0
"1451","6a05131f0ad03d07dd77178e",NA,NA,NA,NA,0
"1452","6a07687bad5809e8867bdffb",NA,NA,NA,NA,0
"1453","6a0a0fd9f370053c3505dc0f",NA,NA,NA,NA,0
"1454","6a0b7296246f70341f078e55",NA,NA,NA,NA,0
"1455","6a0b756dd47d16a4c82f5589",NA,NA,NA,NA,0
"1456","6a0dbb470d44c02c7ec444f0",NA,NA,NA,NA,0
"1457","6a0dfefeb75ae8ac09c192c6",NA,NA,NA,NA,0
"1458","6a0e0a9490e868c044e21936",NA,NA,NA,NA,0
"1459","6a0e2d716e90edf1ea83dce1",NA,NA,NA,NA,0
"1460","6a0f1056788a67850f057de4",NA,NA,NA,NA,0
"1461","6a0fdfd2db4241c9e5eca29a",NA,NA,NA,NA,0
"1462","6a14434573bcee3f17b7f762",NA,NA,NA,NA,0
"1463","6a14c736578656591db6ea31",NA,NA,NA,NA,0
"1464","6a14c84872f3851ab32e8c01",NA,NA,NA,NA,0
"1465","6a14e67cf20909f60e34ae64",NA,NA,NA,NA,0
"1466","6a14ed7d826b3c0b54334269",NA,NA,NA,NA,0
"1467","6a150fcbc5238897c2c9408e",NA,NA,NA,NA,0
"1468","6a1582166cefcdcbed565058",NA,NA,NA,NA,0
"1469","6a15d5fb80117206e7200cf7",NA,NA,NA,NA,0
"1470","6a15dfdb880253e5b6b917f3",NA,NA,NA,NA,0
"1471","6a177f7ec67996448d9c7d41",NA,NA,NA,NA,0
"1472","6a18b37c0157d881234ed29f",NA,NA,NA,NA,0
"1473","6a199661a2f63c5bf9835b2e",NA,NA,NA,NA,0
"1474","6a1a3e6d47ea4b557072cc4d",NA,NA,NA,NA,0
"1475","6a1ae40320c9511f890515f7",NA,NA,NA,NA,0
"1476","6a1b544246f12219f033d3c3",NA,NA,NA,NA,0
"1477","6a1cb95bf369926ac77ea9e5",NA,NA,NA,NA,0
"1478","6a1de36b3f5c6160ff6bf6a4",NA,NA,NA,NA,0
"1479","6a1f0ef7a64d44c972d3a5f7",NA,NA,NA,NA,0
"1480","6a1f832105dd8c89b5e930ad",NA,NA,NA,NA,0
"1481","6a2222ff6e1036656b0d5d08",NA,NA,NA,NA,0
"1482","6a232745f21e165e2b54ed58",NA,NA,NA,NA,0
"1483","6a2482e9af72b55296872b0d",NA,NA,NA,NA,0
"1484","6a2589e7b0645f2f7f1cc52c",NA,NA,NA,NA,0
"1485","6a3607f677860830aca5bdeb",NA,NA,NA,NA,0
"1486","62c5f85ccf34c8d9c0650f6e",NA,NA,NA,NA,0
"1487","65465c5bc5a014ec683d55cf",NA,NA,NA,NA,0
"1488","661c09a749790db73f8faba5",NA,NA,NA,NA,0
"1489","66315563a848526fcfa7555b",NA,NA,NA,NA,0
"1490","665795d82a087799023aaf0e",NA,NA,NA,NA,0
"1491","66da162f5538535e93490441",NA,NA,NA,NA,0
"1492","676956116c1a3416bf7b2afe",NA,NA,NA,NA,0
"1493","695ea002344d7ca1605c747a",NA,NA,NA,NA,0
"1494","6965bd850ce22095dd7a84ca",NA,NA,NA,NA,0
"1495","6978d830c5d415696508430d",NA,NA,NA,NA,0
"1496","697a495862ac67423e8418b8",NA,NA,NA,NA,0
"1497","6980dfb784202dcf9736910f",NA,NA,NA,NA,0
"1498","69864a705614c15728117b35",NA,NA,NA,NA,0
"1499","6987875a0a8fa6ed9ef00726",NA,NA,NA,NA,0
"1500","699b610e2ba4bade6f39121b",NA,NA,NA,NA,0
"1501","699cebf39bc275a312ffd51c",NA,NA,NA,NA,0
"1502","699d45af20adaa6e1e89aa5a",NA,NA,NA,NA,0
"1503","699e3cc79b0d3d96b469ca49",NA,NA,NA,NA,0
"1504","69a0734d1d433d3694c8438f",NA,NA,NA,NA,0
"1505","69a6eb2bc679065ed1cecc51",NA,NA,NA,NA,0
"1506","69a8cff018bead25e4a5d848",NA,NA,NA,NA,0
"1507","69b19e44edf4d70aee145c16",NA,NA,NA,NA,0
"1508","69b3193cce0978ad6db9fe7c",NA,NA,NA,NA,0
"1509","69b5c6bdbcf55371066f5e73",NA,NA,NA,NA,0
"1510","69ba37faee13f176e7635323",NA,NA,NA,NA,0
"1511","69bdf2afe629d42bfc47997f",NA,NA,NA,NA,0
"1512","69c093d33989aa791c4e8b2d",NA,NA,NA,NA,0
"1513","69c1256faa88d6296c98d745",NA,NA,NA,NA,0
"1514","69c2f0033339865c279814ca",NA,NA,NA,NA,0
"1515","69c6ec3a92185003cf70ded5",NA,NA,NA,NA,0
"1516","69cc1fac2b52b1c4dd21cc7d",NA,NA,NA,NA,0
"1517","69cec122e3cb56c2e7000c6b",NA,NA,NA,NA,0
"1518","69d2a8765e19038ab2fc0f56",NA,NA,NA,NA,0
"1519","69d5632f4815bcc4cb7242bf",NA,NA,NA,NA,0
"1520","69d5c4d748bcaf8026c80573",NA,NA,NA,NA,0
"1521","69daf476f6bc0d990581aca6",NA,NA,NA,NA,0
"1522","69dbf4749918745fc7d8e820",NA,NA,NA,NA,0
"1523","69dc76f0a77a620367d666ec",NA,NA,NA,NA,0
"1524","69dfe696c433039b7add8013",NA,NA,NA,NA,0
"1525","69e599577d00fb31c54fb004",NA,NA,NA,NA,0
"1526","69e816058da70eddb5dbc3e1",NA,NA,NA,NA,0
"1527","69e957ad6c65e153a1c65ae2",NA,NA,NA,NA,0
"1528","69ed15278090fe4438301d5c",NA,NA,NA,NA,0
"1529","69efe0b03221edd72686c185",NA,NA,NA,NA,0
"1530","69f0438cc141b27ed949788e",NA,NA,NA,NA,0
"1531","69f3d4f3fb7630947c56f1eb",NA,NA,NA,NA,0
"1532","69f6484996726366cacd162c",NA,NA,NA,NA,0
"1533","69f674db81cb46678aae6391",NA,NA,NA,NA,0
"1534","69f7b962446b32b08d58a1df",NA,NA,NA,NA,0
"1535","69f86a04fe802de5002bb70b",NA,NA,NA,NA,0
"1536","69f8db35f08d6c337883fcb4",NA,NA,NA,NA,0
"1537","69fb3314a5e95601464d1fea",NA,NA,NA,NA,0
"1538","69fb86296fb6f0919bf31075",NA,NA,NA,NA,0
"1539","69fcc8642de981c893eb6958",NA,NA,NA,NA,0
"1540","69fce9e45d612732dd1ae4e2",NA,NA,NA,NA,0
"1541","69fd3605435216c2d93bc72f",NA,NA,NA,NA,0
"1542","6a00b0ca46e3f2822d0349b6",NA,NA,NA,NA,0
"1543","6a00b4c7593a89490830c18c",NA,NA,NA,NA,0
"1544","6a00dbcc626a780a8e5c07a4",NA,NA,NA,NA,0
"1545","6a012d3c523e7311f4e55f61",NA,NA,NA,NA,0
"1546","6a01e843af8198a220b44a18",NA,NA,NA,NA,0
"1547","6a021dc98c730b8d3ce0deca",NA,NA,NA,NA,0
"1548","6a023ad806e8158958e73b75",NA,NA,NA,NA,0
"1549","6a04948f1e40214a25ff2563",NA,NA,NA,NA,0
"1550","6a05131f0ad03d07dd77178e",NA,NA,NA,NA,0
"1551","6a07687bad5809e8867bdffb",NA,NA,NA,NA,0
"1552","6a0a0fd9f370053c3505dc0f",NA,NA,NA,NA,0
"1553","6a0b7296246f70341f078e55",NA,NA,NA,NA,0
"1554","6a0b756dd47d16a4c82f5589",NA,NA,NA,NA,0
"1555","6a0dbb470d44c02c7ec444f0",NA,NA,NA,NA,0
"1556","6a0dfefeb75ae8ac09c192c6",NA,NA,NA,NA,0
"1557","6a0e0a9490e868c044e21936",NA,NA,NA,NA,0
"1558","6a0e2d716e90edf1ea83dce1",NA,NA,NA,NA,0
"1559","6a0f1056788a67850f057de4",NA,NA,NA,NA,0
"1560","6a0fdfd2db4241c9e5eca29a",NA,NA,NA,NA,0
"1561","6a14434573bcee3f17b7f762",NA,NA,NA,NA,0
"1562","6a14c736578656591db6ea31",NA,NA,NA,NA,0
"1563","6a14c84872f3851ab32e8c01",NA,NA,NA,NA,0
"1564","6a14e67cf20909f60e34ae64",NA,NA,NA,NA,0
"1565","6a14ed7d826b3c0b54334269",NA,NA,NA,NA,0
"1566","6a150fcbc5238897c2c9408e",NA,NA,NA,NA,0
"1567","6a1582166cefcdcbed565058",NA,NA,NA,NA,0
"1568","6a15d5fb80117206e7200cf7",NA,NA,NA,NA,0
"1569","6a15dfdb880253e5b6b917f3",NA,NA,NA,NA,0
"1570","6a177f7ec67996448d9c7d41",NA,NA,NA,NA,0
"1571","6a18b37c0157d881234ed29f",NA,NA,NA,NA,0
"1572","6a199661a2f63c5bf9835b2e",NA,NA,NA,NA,0
"1573","6a1a3e6d47ea4b557072cc4d",NA,NA,NA,NA,0
"1574","6a1ae40320c9511f890515f7",NA,NA,NA,NA,0
"1575","6a1b544246f12219f033d3c3",NA,NA,NA,NA,0
"1576","6a1cb95bf369926ac77ea9e5",NA,NA,NA,NA,0
"1577","6a1de36b3f5c6160ff6bf6a4",NA,NA,NA,NA,0
"1578","6a1f0ef7a64d44c972d3a5f7",NA,NA,NA,NA,0
"1579","6a1f832105dd8c89b5e930ad",NA,NA,NA,NA,0
"1580","6a2222ff6e1036656b0d5d08",NA,NA,NA,NA,0
"1581","6a232745f21e165e2b54ed58",NA,NA,NA,NA,0
"1582","6a2482e9af72b55296872b0d",NA,NA,NA,NA,0
"1583","6a2589e7b0645f2f7f1cc52c",NA,NA,NA,NA,0
"1584","6a3607f677860830aca5bdeb",NA,NA,NA,NA,0
"1585","62c5f85ccf34c8d9c0650f6e",NA,NA,NA,NA,0
"1586","65465c5bc5a014ec683d55cf",NA,NA,NA,NA,0
"1587","661c09a749790db73f8faba5",NA,NA,NA,NA,0
"1588","66315563a848526fcfa7555b",NA,NA,NA,NA,0
"1589","665795d82a087799023aaf0e",NA,NA,NA,NA,0
"1590","66da162f5538535e93490441",NA,NA,NA,NA,0
"1591","676956116c1a3416bf7b2afe",NA,NA,NA,NA,0
"1592","695ea002344d7ca1605c747a",NA,NA,NA,NA,0
"1593","6965bd850ce22095dd7a84ca",NA,NA,NA,NA,0
"1594","6978d830c5d415696508430d",NA,NA,NA,NA,0
"1595","697a495862ac67423e8418b8",NA,NA,NA,NA,0
"1596","6980dfb784202dcf9736910f",NA,NA,NA,NA,0
"1597","69864a705614c15728117b35",NA,NA,NA,NA,0
"1598","6987875a0a8fa6ed9ef00726",NA,NA,NA,NA,0
"1599","699b610e2ba4bade6f39121b",NA,NA,NA,NA,0
"1600","699cebf39bc275a312ffd51c",NA,NA,NA,NA,0
"1601","699d45af20adaa6e1e89aa5a",NA,NA,NA,NA,0
"1602","699e3cc79b0d3d96b469ca49",NA,NA,NA,NA,0
"1603","69a0734d1d433d3694c8438f",NA,NA,NA,NA,0
"1604","69a6eb2bc679065ed1cecc51",NA,NA,NA,NA,0
"1605","69a8cff018bead25e4a5d848",NA,NA,NA,NA,0
"1606","69b19e44edf4d70aee145c16",NA,NA,NA,NA,0
"1607","69b3193cce0978ad6db9fe7c",NA,NA,NA,NA,0
"1608","69b5c6bdbcf55371066f5e73",NA,NA,NA,NA,0
"1609","69ba37faee13f176e7635323",NA,NA,NA,NA,0
"1610","69bdf2afe629d42bfc47997f",NA,NA,NA,NA,0
"1611","69c093d33989aa791c4e8b2d",NA,NA,NA,NA,0
"1612","69c1256faa88d6296c98d745",NA,NA,NA,NA,0
"1613","69c2f0033339865c279814ca",NA,NA,NA,NA,0
"1614","69c6ec3a92185003cf70ded5",NA,NA,NA,NA,0
"1615","69cc1fac2b52b1c4dd21cc7d",NA,NA,NA,NA,0
"1616","69cec122e3cb56c2e7000c6b",NA,NA,NA,NA,0
"1617","69d2a8765e19038ab2fc0f56",NA,NA,NA,NA,0
"1618","69d5632f4815bcc4cb7242bf",NA,NA,NA,NA,0
"1619","69d5c4d748bcaf8026c80573",NA,NA,NA,NA,0
"1620","69daf476f6bc0d990581aca6",NA,NA,NA,NA,0
"1621","69dbf4749918745fc7d8e820",NA,NA,NA,NA,0
"1622","69dc76f0a77a620367d666ec",NA,NA,NA,NA,0
"1623","69dfe696c433039b7add8013",NA,NA,NA,NA,0
"1624","69e599577d00fb31c54fb004",NA,NA,NA,NA,0
"1625","69e816058da70eddb5dbc3e1",NA,NA,NA,NA,0
"1626","69e957ad6c65e153a1c65ae2",NA,NA,NA,NA,0
"1627","69ed15278090fe4438301d5c",NA,NA,NA,NA,0
"1628","69efe0b03221edd72686c185",NA,NA,NA,NA,0
"1629","69f0438cc141b27ed949788e",NA,NA,NA,NA,0
"1630","69f3d4f3fb7630947c56f1eb",NA,NA,NA,NA,0
"1631","69f6484996726366cacd162c",NA,NA,NA,NA,0
"1632","69f674db81cb46678aae6391",NA,NA,NA,NA,0
"1633","69f7b962446b32b08d58a1df",NA,NA,NA,NA,0
"1634","69f86a04fe802de5002bb70b",NA,NA,NA,NA,0
"1635","69f8db35f08d6c337883fcb4",NA,NA,NA,NA,0
"1636","69fb3314a5e95601464d1fea",NA,NA,NA,NA,0
"1637","69fb86296fb6f0919bf31075",NA,NA,NA,NA,0
"1638","69fcc8642de981c893eb6958",NA,NA,NA,NA,0
"1639","69fce9e45d612732dd1ae4e2",NA,NA,NA,NA,0
"1640","69fd3605435216c2d93bc72f",NA,NA,NA,NA,0
"1641","6a00b0ca46e3f2822d0349b6",NA,NA,NA,NA,0
"1642","6a00b4c7593a89490830c18c",NA,NA,NA,NA,0
"1643","6a00dbcc626a780a8e5c07a4",NA,NA,NA,NA,0
"1644","6a012d3c523e7311f4e55f61",NA,NA,NA,NA,0
"1645","6a01e843af8198a220b44a18",NA,NA,NA,NA,0
"1646","6a021dc98c730b8d3ce0deca",NA,NA,NA,NA,0
"1647","6a023ad806e8158958e73b75",NA,NA,NA,NA,0
"1648","6a04948f1e40214a25ff2563",NA,NA,NA,NA,0
"1649","6a05131f0ad03d07dd77178e",NA,NA,NA,NA,0
"1650","6a07687bad5809e8867bdffb",NA,NA,NA,NA,0
"1651","6a0a0fd9f370053c3505dc0f",NA,NA,NA,NA,0
"1652","6a0b7296246f70341f078e55",NA,NA,NA,NA,0
"1653","6a0b756dd47d16a4c82f5589",NA,NA,NA,NA,0
"1654","6a0dbb470d44c02c7ec444f0",NA,NA,NA,NA,0
"1655","6a0dfefeb75ae8ac09c192c6",NA,NA,NA,NA,0
"1656","6a0e0a9490e868c044e21936",NA,NA,NA,NA,0
"1657","6a0e2d716e90edf1ea83dce1",NA,NA,NA,NA,0
"1658","6a0f1056788a67850f057de4",NA,NA,NA,NA,0
"1659","6a0fdfd2db4241c9e5eca29a",NA,NA,NA,NA,0
"1660","6a14434573bcee3f17b7f762",NA,NA,NA,NA,0
"1661","6a14c736578656591db6ea31",NA,NA,NA,NA,0
"1662","6a14c84872f3851ab32e8c01",NA,NA,NA,NA,0
"1663","6a14e67cf20909f60e34ae64",NA,NA,NA,NA,0
"1664","6a14ed7d826b3c0b54334269",NA,NA,NA,NA,0
"1665","6a150fcbc5238897c2c9408e",NA,NA,NA,NA,0
"1666","6a1582166cefcdcbed565058",NA,NA,NA,NA,0
"1667","6a15d5fb80117206e7200cf7",NA,NA,NA,NA,0
"1668","6a15dfdb880253e5b6b917f3",NA,NA,NA,NA,0
"1669","6a177f7ec67996448d9c7d41",NA,NA,NA,NA,0
"1670","6a18b37c0157d881234ed29f",NA,NA,NA,NA,0
"1671","6a199661a2f63c5bf9835b2e",NA,NA,NA,NA,0
"1672","6a1a3e6d47ea4b557072cc4d",NA,NA,NA,NA,0
"1673","6a1ae40320c9511f890515f7",NA,NA,NA,NA,0
"1674","6a1b544246f12219f033d3c3",NA,NA,NA,NA,0
"1675","6a1cb95bf369926ac77ea9e5",NA,NA,NA,NA,0
"1676","6a1de36b3f5c6160ff6bf6a4",NA,NA,NA,NA,0
"1677","6a1f0ef7a64d44c972d3a5f7",NA,NA,NA,NA,0
"1678","6a1f832105dd8c89b5e930ad",NA,NA,NA,NA,0
"1679","6a2222ff6e1036656b0d5d08",NA,NA,NA,NA,0
"1680","6a232745f21e165e2b54ed58",NA,NA,NA,NA,0
"1681","6a2482e9af72b55296872b0d",NA,NA,NA,NA,0
"1682","6a2589e7b0645f2f7f1cc52c",NA,NA,NA,NA,0
"1683","6a3607f677860830aca5bdeb",NA,NA,NA,NA,0
"1684","62c5f85ccf34c8d9c0650f6e",NA,NA,NA,NA,0
"1685","65465c5bc5a014ec683d55cf",NA,NA,NA,NA,0
"1686","661c09a749790db73f8faba5",NA,NA,NA,NA,0
"1687","66315563a848526fcfa7555b",NA,NA,NA,NA,0
"1688","665795d82a087799023aaf0e",NA,NA,NA,NA,0
"1689","66da162f5538535e93490441",NA,NA,NA,NA,0
"1690","676956116c1a3416bf7b2afe",NA,NA,NA,NA,0
"1691","695ea002344d7ca1605c747a",NA,NA,NA,NA,0
"1692","6965bd850ce22095dd7a84ca",NA,NA,NA,NA,0
"1693","6978d830c5d415696508430d",NA,NA,NA,NA,0
"1694","697a495862ac67423e8418b8",NA,NA,NA,NA,0
"1695","6980dfb784202dcf9736910f",NA,NA,NA,NA,0
"1696","69864a705614c15728117b35",NA,NA,NA,NA,0
"1697","6987875a0a8fa6ed9ef00726",NA,NA,NA,NA,0
"1698","699b610e2ba4bade6f39121b",NA,NA,NA,NA,0
"1699","699cebf39bc275a312ffd51c",NA,NA,NA,NA,0
"1700","699d45af20adaa6e1e89aa5a",NA,NA,NA,NA,0
"1701","699e3cc79b0d3d96b469ca49",NA,NA,NA,NA,0
"1702","69a0734d1d433d3694c8438f",NA,NA,NA,NA,0
"1703","69a6eb2bc679065ed1cecc51",NA,NA,NA,NA,0
"1704","69a8cff018bead25e4a5d848",NA,NA,NA,NA,0
"1705","69b19e44edf4d70aee145c16",NA,NA,NA,NA,0
"1706","69b3193cce0978ad6db9fe7c",NA,NA,NA,NA,0
"1707","69b5c6bdbcf55371066f5e73",NA,NA,NA,NA,0
"1708","69ba37faee13f176e7635323",NA,NA,NA,NA,0
"1709","69bdf2afe629d42bfc47997f",NA,NA,NA,NA,0
"1710","69c093d33989aa791c4e8b2d",NA,NA,NA,NA,0
"1711","69c1256faa88d6296c98d745",NA,NA,NA,NA,0
"1712","69c2f0033339865c279814ca",NA,NA,NA,NA,0
"1713","69c6ec3a92185003cf70ded5",NA,NA,NA,NA,0
"1714","69cc1fac2b52b1c4dd21cc7d",NA,NA,NA,NA,0
"1715","69cec122e3cb56c2e7000c6b",NA,NA,NA,NA,0
"1716","69d2a8765e19038ab2fc0f56",NA,NA,NA,NA,0
"1717","69d5632f4815bcc4cb7242bf",NA,NA,NA,NA,0
"1718","69d5c4d748bcaf8026c80573",NA,NA,NA,NA,0
"1719","69daf476f6bc0d990581aca6",NA,NA,NA,NA,0
"1720","69dbf4749918745fc7d8e820",NA,NA,NA,NA,0
"1721","69dc76f0a77a620367d666ec",NA,NA,NA,NA,0
"1722","69dfe696c433039b7add8013",NA,NA,NA,NA,0
"1723","69e599577d00fb31c54fb004",NA,NA,NA,NA,0
"1724","69e816058da70eddb5dbc3e1",NA,NA,NA,NA,0
"1725","69e957ad6c65e153a1c65ae2",NA,NA,NA,NA,0
"1726","69ed15278090fe4438301d5c",NA,NA,NA,NA,0
"1727","69efe0b03221edd72686c185",NA,NA,NA,NA,0
"1728","69f0438cc141b27ed949788e",NA,NA,NA,NA,0
"1729","69f3d4f3fb7630947c56f1eb",NA,NA,NA,NA,0
"1730","69f6484996726366cacd162c",NA,NA,NA,NA,0
"1731","69f674db81cb46678aae6391",NA,NA,NA,NA,0
"1732","69f7b962446b32b08d58a1df",NA,NA,NA,NA,0
"1733","69f86a04fe802de5002bb70b",NA,NA,NA,NA,0
"1734","69f8db35f08d6c337883fcb4",NA,NA,NA,NA,0
"1735","69fb3314a5e95601464d1fea",NA,NA,NA,NA,0
"1736","69fb86296fb6f0919bf31075",NA,NA,NA,NA,0
"1737","69fcc8642de981c893eb6958",NA,NA,NA,NA,0
"1738","69fce9e45d612732dd1ae4e2",NA,NA,NA,NA,0
"1739","69fd3605435216c2d93bc72f",NA,NA,NA,NA,0
"1740","6a00b0ca46e3f2822d0349b6",NA,NA,NA,NA,0
"1741","6a00b4c7593a89490830c18c",NA,NA,NA,NA,0
"1742","6a00dbcc626a780a8e5c07a4",NA,NA,NA,NA,0
"1743","6a012d3c523e7311f4e55f61",NA,NA,NA,NA,0
"1744","6a01e843af8198a220b44a18",NA,NA,NA,NA,0
"1745","6a021dc98c730b8d3ce0deca",NA,NA,NA,NA,0
"1746","6a023ad806e8158958e73b75",NA,NA,NA,NA,0
"1747","6a04948f1e40214a25ff2563",NA,NA,NA,NA,0
"1748","6a05131f0ad03d07dd77178e",NA,NA,NA,NA,0
"1749","6a07687bad5809e8867bdffb",NA,NA,NA,NA,0
"1750","6a0a0fd9f370053c3505dc0f",NA,NA,NA,NA,0
"1751","6a0b7296246f70341f078e55",NA,NA,NA,NA,0
"1752","6a0b756dd47d16a4c82f5589",NA,NA,NA,NA,0
"1753","6a0dbb470d44c02c7ec444f0",NA,NA,NA,NA,0
"1754","6a0dfefeb75ae8ac09c192c6",NA,NA,NA,NA,0
"1755","6a0e0a9490e868c044e21936",NA,NA,NA,NA,0
"1756","6a0e2d716e90edf1ea83dce1",NA,NA,NA,NA,0
"1757","6a0f1056788a67850f057de4",NA,NA,NA,NA,0
"1758","6a0fdfd2db4241c9e5eca29a",NA,NA,NA,NA,0
"1759","6a14434573bcee3f17b7f762",NA,NA,NA,NA,0
"1760","6a14c736578656591db6ea31",NA,NA,NA,NA,0
"1761","6a14c84872f3851ab32e8c01",NA,NA,NA,NA,0
"1762","6a14e67cf20909f60e34ae64",NA,NA,NA,NA,0
"1763","6a14ed7d826b3c0b54334269",NA,NA,NA,NA,0
"1764","6a150fcbc5238897c2c9408e",NA,NA,NA,NA,0
"1765","6a1582166cefcdcbed565058",NA,NA,NA,NA,0
"1766","6a15d5fb80117206e7200cf7",NA,NA,NA,NA,0
"1767","6a15dfdb880253e5b6b917f3",NA,NA,NA,NA,0
"1768","6a177f7ec67996448d9c7d41",NA,NA,NA,NA,0
"1769","6a18b37c0157d881234ed29f",NA,NA,NA,NA,0
"1770","6a199661a2f63c5bf9835b2e",NA,NA,NA,NA,0
"1771","6a1a3e6d47ea4b557072cc4d",NA,NA,NA,NA,0
"1772","6a1ae40320c9511f890515f7",NA,NA,NA,NA,0
"1773","6a1b544246f12219f033d3c3",NA,NA,NA,NA,0
"1774","6a1cb95bf369926ac77ea9e5",NA,NA,NA,NA,0
"1775","6a1de36b3f5c6160ff6bf6a4",NA,NA,NA,NA,0
"1776","6a1f0ef7a64d44c972d3a5f7",NA,NA,NA,NA,0
"1777","6a1f832105dd8c89b5e930ad",NA,NA,NA,NA,0
"1778","6a2222ff6e1036656b0d5d08",NA,NA,NA,NA,0
"1779","6a232745f21e165e2b54ed58",NA,NA,NA,NA,0
"1780","6a2482e9af72b55296872b0d",NA,NA,NA,NA,0
"1781","6a2589e7b0645f2f7f1cc52c",NA,NA,NA,NA,0
"1782","6a3607f677860830aca5bdeb",NA,NA,NA,NA,0
"1783","62c5f85ccf34c8d9c0650f6e",NA,NA,NA,NA,0
"1784","65465c5bc5a014ec683d55cf",NA,NA,NA,NA,0
"1785","661c09a749790db73f8faba5",NA,NA,NA,NA,0
"1786","66315563a848526fcfa7555b",NA,NA,NA,NA,0
"1787","665795d82a087799023aaf0e",NA,NA,NA,NA,0
"1788","66da162f5538535e93490441",NA,NA,NA,NA,0
"1789","676956116c1a3416bf7b2afe",NA,NA,NA,NA,0
"1790","695ea002344d7ca1605c747a",NA,NA,NA,NA,0
"1791","6965bd850ce22095dd7a84ca",NA,NA,NA,NA,0
"1792","6978d830c5d415696508430d",NA,NA,NA,NA,0
"1793","697a495862ac67423e8418b8",NA,NA,NA,NA,0
"1794","6980dfb784202dcf9736910f",NA,NA,NA,NA,0
"1795","69864a705614c15728117b35",NA,NA,NA,NA,0
"1796","6987875a0a8fa6ed9ef00726",NA,NA,NA,NA,0
"1797","699b610e2ba4bade6f39121b",NA,NA,NA,NA,0
"1798","699cebf39bc275a312ffd51c",NA,NA,NA,NA,0
"1799","699d45af20adaa6e1e89aa5a",NA,NA,NA,NA,0
"1800","699e3cc79b0d3d96b469ca49",NA,NA,NA,NA,0
"1801","69a0734d1d433d3694c8438f",NA,NA,NA,NA,0
"1802","69a6eb2bc679065ed1cecc51",NA,NA,NA,NA,0
"1803","69a8cff018bead25e4a5d848",NA,NA,NA,NA,0
"1804","69b19e44edf4d70aee145c16",NA,NA,NA,NA,0
"1805","69b3193cce0978ad6db9fe7c",NA,NA,NA,NA,0
"1806","69b5c6bdbcf55371066f5e73",NA,NA,NA,NA,0
"1807","69ba37faee13f176e7635323",NA,NA,NA,NA,0
"1808","69bdf2afe629d42bfc47997f",NA,NA,NA,NA,0
"1809","69c093d33989aa791c4e8b2d",NA,NA,NA,NA,0
"1810","69c1256faa88d6296c98d745",NA,NA,NA,NA,0
"1811","69c2f0033339865c279814ca",NA,NA,NA,NA,0
"1812","69c6ec3a92185003cf70ded5",NA,NA,NA,NA,0
"1813","69cc1fac2b52b1c4dd21cc7d",NA,NA,NA,NA,0
"1814","69cec122e3cb56c2e7000c6b",NA,NA,NA,NA,0
"1815","69d2a8765e19038ab2fc0f56",NA,NA,NA,NA,0
"1816","69d5632f4815bcc4cb7242bf",NA,NA,NA,NA,0
"1817","69d5c4d748bcaf8026c80573",NA,NA,NA,NA,0
"1818","69daf476f6bc0d990581aca6",NA,NA,NA,NA,0
"1819","69dbf4749918745fc7d8e820",NA,NA,NA,NA,0
"1820","69dc76f0a77a620367d666ec",NA,NA,NA,NA,0
"1821","69dfe696c433039b7add8013",NA,NA,NA,NA,0
"1822","69e599577d00fb31c54fb004",NA,NA,NA,NA,0
"1823","69e816058da70eddb5dbc3e1",NA,NA,NA,NA,0
"1824","69e957ad6c65e153a1c65ae2",NA,NA,NA,NA,0
"1825","69ed15278090fe4438301d5c",NA,NA,NA,NA,0
"1826","69efe0b03221edd72686c185",NA,NA,NA,NA,0
"1827","69f0438cc141b27ed949788e",NA,NA,NA,NA,0
"1828","69f3d4f3fb7630947c56f1eb",NA,NA,NA,NA,0
"1829","69f6484996726366cacd162c",NA,NA,NA,NA,0
"1830","69f674db81cb46678aae6391",NA,NA,NA,NA,0
"1831","69f7b962446b32b08d58a1df",NA,NA,NA,NA,0
"1832","69f86a04fe802de5002bb70b",NA,NA,NA,NA,0
"1833","69f8db35f08d6c337883fcb4",NA,NA,NA,NA,0
"1834","69fb3314a5e95601464d1fea",NA,NA,NA,NA,0
"1835","69fb86296fb6f0919bf31075",NA,NA,NA,NA,0
"1836","69fcc8642de981c893eb6958",NA,NA,NA,NA,0
"1837","69fce9e45d612732dd1ae4e2",NA,NA,NA,NA,0
"1838","69fd3605435216c2d93bc72f",NA,NA,NA,NA,0
"1839","6a00b0ca46e3f2822d0349b6",NA,NA,NA,NA,0
"1840","6a00b4c7593a89490830c18c",NA,NA,NA,NA,0
"1841","6a00dbcc626a780a8e5c07a4",NA,NA,NA,NA,0
"1842","6a012d3c523e7311f4e55f61",NA,NA,NA,NA,0
"1843","6a01e843af8198a220b44a18",NA,NA,NA,NA,0
"1844","6a021dc98c730b8d3ce0deca",NA,NA,NA,NA,0
"1845","6a023ad806e8158958e73b75",NA,NA,NA,NA,0
"1846","6a04948f1e40214a25ff2563",NA,NA,NA,NA,0
"1847","6a05131f0ad03d07dd77178e",NA,NA,NA,NA,0
"1848","6a07687bad5809e8867bdffb",NA,NA,NA,NA,0
"1849","6a0a0fd9f370053c3505dc0f",NA,NA,NA,NA,0
"1850","6a0b7296246f70341f078e55",NA,NA,NA,NA,0
"1851","6a0b756dd47d16a4c82f5589",NA,NA,NA,NA,0
"1852","6a0dbb470d44c02c7ec444f0",NA,NA,NA,NA,0
"1853","6a0dfefeb75ae8ac09c192c6",NA,NA,NA,NA,0
"1854","6a0e0a9490e868c044e21936",NA,NA,NA,NA,0
"1855","6a0e2d716e90edf1ea83dce1",NA,NA,NA,NA,0
"1856","6a0f1056788a67850f057de4",NA,NA,NA,NA,0
"1857","6a0fdfd2db4241c9e5eca29a",NA,NA,NA,NA,0
"1858","6a14434573bcee3f17b7f762",NA,NA,NA,NA,0
"1859","6a14c736578656591db6ea31",NA,NA,NA,NA,0
"1860","6a14c84872f3851ab32e8c01",NA,NA,NA,NA,0
"1861","6a14e67cf20909f60e34ae64",NA,NA,NA,NA,0
"1862","6a14ed7d826b3c0b54334269",NA,NA,NA,NA,0
"1863","6a150fcbc5238897c2c9408e",NA,NA,NA,NA,0
"1864","6a1582166cefcdcbed565058",NA,NA,NA,NA,0
"1865","6a15d5fb80117206e7200cf7",NA,NA,NA,NA,0
"1866","6a15dfdb880253e5b6b917f3",NA,NA,NA,NA,0
"1867","6a177f7ec67996448d9c7d41",NA,NA,NA,NA,0
"1868","6a18b37c0157d881234ed29f",NA,NA,NA,NA,0
"1869","6a199661a2f63c5bf9835b2e",NA,NA,NA,NA,0
"1870","6a1a3e6d47ea4b557072cc4d",NA,NA,NA,NA,0
"1871","6a1ae40320c9511f890515f7",NA,NA,NA,NA,0
"1872","6a1b544246f12219f033d3c3",NA,NA,NA,NA,0
"1873","6a1cb95bf369926ac77ea9e5",NA,NA,NA,NA,0
"1874","6a1de36b3f5c6160ff6bf6a4",NA,NA,NA,NA,0
"1875","6a1f0ef7a64d44c972d3a5f7",NA,NA,NA,NA,0
"1876","6a1f832105dd8c89b5e930ad",NA,NA,NA,NA,0
"1877","6a2222ff6e1036656b0d5d08",NA,NA,NA,NA,0
"1878","6a232745f21e165e2b54ed58",NA,NA,NA,NA,0
"1879","6a2482e9af72b55296872b0d",NA,NA,NA,NA,0
"1880","6a2589e7b0645f2f7f1cc52c",NA,NA,NA,NA,0
"1881","6a3607f677860830aca5bdeb",NA,NA,NA,NA,0
"1882","62c5f85ccf34c8d9c0650f6e",NA,NA,NA,NA,0
"1883","65465c5bc5a014ec683d55cf",NA,NA,NA,NA,0
"1884","661c09a749790db73f8faba5",NA,NA,NA,NA,0
"1885","66315563a848526fcfa7555b",NA,NA,NA,NA,0
"1886","665795d82a087799023aaf0e",NA,NA,NA,NA,0
"1887","66da162f5538535e93490441",NA,NA,NA,NA,0
"1888","676956116c1a3416bf7b2afe",NA,NA,NA,NA,0
"1889","695ea002344d7ca1605c747a",NA,NA,NA,NA,0
"1890","6965bd850ce22095dd7a84ca",NA,NA,NA,NA,0
"1891","6978d830c5d415696508430d",NA,NA,NA,NA,0
"1892","697a495862ac67423e8418b8",NA,NA,NA,NA,0
"1893","6980dfb784202dcf9736910f",NA,NA,NA,NA,0
"1894","69864a705614c15728117b35",NA,NA,NA,NA,0
"1895","6987875a0a8fa6ed9ef00726",NA,NA,NA,NA,0
"1896","699b610e2ba4bade6f39121b",NA,NA,NA,NA,0
"1897","699cebf39bc275a312ffd51c",NA,NA,NA,NA,0
"1898","699d45af20adaa6e1e89aa5a",NA,NA,NA,NA,0
"1899","699e3cc79b0d3d96b469ca49",NA,NA,NA,NA,0
"1900","69a0734d1d433d3694c8438f",NA,NA,NA,NA,0
"1901","69a6eb2bc679065ed1cecc51",NA,NA,NA,NA,0
"1902","69a8cff018bead25e4a5d848",NA,NA,NA,NA,0
"1903","69b19e44edf4d70aee145c16",NA,NA,NA,NA,0
"1904","69b3193cce0978ad6db9fe7c",NA,NA,NA,NA,0
"1905","69b5c6bdbcf55371066f5e73",NA,NA,NA,NA,0
"1906","69ba37faee13f176e7635323",NA,NA,NA,NA,0
"1907","69bdf2afe629d42bfc47997f",NA,NA,NA,NA,0
"1908","69c093d33989aa791c4e8b2d",NA,NA,NA,NA,0
"1909","69c1256faa88d6296c98d745",NA,NA,NA,NA,0
"1910","69c2f0033339865c279814ca",NA,NA,NA,NA,0
"1911","69c6ec3a92185003cf70ded5",NA,NA,NA,NA,0
"1912","69cc1fac2b52b1c4dd21cc7d",NA,NA,NA,NA,0
"1913","69cec122e3cb56c2e7000c6b",NA,NA,NA,NA,0
"1914","69d2a8765e19038ab2fc0f56",NA,NA,NA,NA,0
"1915","69d5632f4815bcc4cb7242bf",NA,NA,NA,NA,0
"1916","69d5c4d748bcaf8026c80573",NA,NA,NA,NA,0
"1917","69daf476f6bc0d990581aca6",NA,NA,NA,NA,0
"1918","69dbf4749918745fc7d8e820",NA,NA,NA,NA,0
"1919","69dc76f0a77a620367d666ec",NA,NA,NA,NA,0
"1920","69dfe696c433039b7add8013",NA,NA,NA,NA,0
"1921","69e599577d00fb31c54fb004",NA,NA,NA,NA,0
"1922","69e816058da70eddb5dbc3e1",NA,NA,NA,NA,0
"1923","69e957ad6c65e153a1c65ae2",NA,NA,NA,NA,0
"1924","69ed15278090fe4438301d5c",NA,NA,NA,NA,0
"1925","69efe0b03221edd72686c185",NA,NA,NA,NA,0
"1926","69f0438cc141b27ed949788e",NA,NA,NA,NA,0
"1927","69f3d4f3fb7630947c56f1eb",NA,NA,NA,NA,0
"1928","69f6484996726366cacd162c",NA,NA,NA,NA,0
"1929","69f674db81cb46678aae6391",NA,NA,NA,NA,0
"1930","69f7b962446b32b08d58a1df",NA,NA,NA,NA,0
"1931","69f86a04fe802de5002bb70b",NA,NA,NA,NA,0
"1932","69f8db35f08d6c337883fcb4",NA,NA,NA,NA,0
"1933","69fb3314a5e95601464d1fea",NA,NA,NA,NA,0
"1934","69fb86296fb6f0919bf31075",NA,NA,NA,NA,0
"1935","69fcc8642de981c893eb6958",NA,NA,NA,NA,0
"1936","69fce9e45d612732dd1ae4e2",NA,NA,NA,NA,0
"1937","69fd3605435216c2d93bc72f",NA,NA,NA,NA,0
"1938","6a00b0ca46e3f2822d0349b6",NA,NA,NA,NA,0
"1939","6a00b4c7593a89490830c18c",NA,NA,NA,NA,0
"1940","6a00dbcc626a780a8e5c07a4",NA,NA,NA,NA,0
"1941","6a012d3c523e7311f4e55f61",NA,NA,NA,NA,0
"1942","6a01e843af8198a220b44a18",NA,NA,NA,NA,0
"1943","6a021dc98c730b8d3ce0deca",NA,NA,NA,NA,0
"1944","6a023ad806e8158958e73b75",NA,NA,NA,NA,0
"1945","6a04948f1e40214a25ff2563",NA,NA,NA,NA,0
"1946","6a05131f0ad03d07dd77178e",NA,NA,NA,NA,0
"1947","6a07687bad5809e8867bdffb",NA,NA,NA,NA,0
"1948","6a0a0fd9f370053c3505dc0f",NA,NA,NA,NA,0
"1949","6a0b7296246f70341f078e55",NA,NA,NA,NA,0
"1950","6a0b756dd47d16a4c82f5589",NA,NA,NA,NA,0
"1951","6a0dbb470d44c02c7ec444f0",NA,NA,NA,NA,0
"1952","6a0dfefeb75ae8ac09c192c6",NA,NA,NA,NA,0
"1953","6a0e0a9490e868c044e21936",NA,NA,NA,NA,0
"1954","6a0e2d716e90edf1ea83dce1",NA,NA,NA,NA,0
"1955","6a0f1056788a67850f057de4",NA,NA,NA,NA,0
"1956","6a0fdfd2db4241c9e5eca29a",NA,NA,NA,NA,0
"1957","6a14434573bcee3f17b7f762",NA,NA,NA,NA,0
"1958","6a14c736578656591db6ea31",NA,NA,NA,NA,0
"1959","6a14c84872f3851ab32e8c01",NA,NA,NA,NA,0
"1960","6a14e67cf20909f60e34ae64",NA,NA,NA,NA,0
"1961","6a14ed7d826b3c0b54334269",NA,NA,NA,NA,0
"1962","6a150fcbc5238897c2c9408e",NA,NA,NA,NA,0
"1963","6a1582166cefcdcbed565058",NA,NA,NA,NA,0
"1964","6a15d5fb80117206e7200cf7",NA,NA,NA,NA,0
"1965","6a15dfdb880253e5b6b917f3",NA,NA,NA,NA,0
"1966","6a177f7ec67996448d9c7d41",NA,NA,NA,NA,0
"1967","6a18b37c0157d881234ed29f",NA,NA,NA,NA,0
"1968","6a199661a2f63c5bf9835b2e",NA,NA,NA,NA,0
"1969","6a1a3e6d47ea4b557072cc4d",NA,NA,NA,NA,0
"1970","6a1ae40320c9511f890515f7",NA,NA,NA,NA,0
"1971","6a1b544246f12219f033d3c3",NA,NA,NA,NA,0
"1972","6a1cb95bf369926ac77ea9e5",NA,NA,NA,NA,0
"1973","6a1de36b3f5c6160ff6bf6a4",NA,NA,NA,NA,0
"1974","6a1f0ef7a64d44c972d3a5f7",NA,NA,NA,NA,0
"1975","6a1f832105dd8c89b5e930ad",NA,NA,NA,NA,0
"1976","6a2222ff6e1036656b0d5d08",NA,NA,NA,NA,0
"1977","6a232745f21e165e2b54ed58",NA,NA,NA,NA,0
"1978","6a2482e9af72b55296872b0d",NA,NA,NA,NA,0
"1979","6a2589e7b0645f2f7f1cc52c",NA,NA,NA,NA,0
"1980","6a3607f677860830aca5bdeb",NA,NA,NA,NA,0
"1981","62c5f85ccf34c8d9c0650f6e",NA,NA,NA,NA,0
"1982","65465c5bc5a014ec683d55cf",NA,NA,NA,NA,0
"1983","661c09a749790db73f8faba5",NA,NA,NA,NA,0
"1984","66315563a848526fcfa7555b",NA,NA,NA,NA,0
"1985","665795d82a087799023aaf0e",NA,NA,NA,NA,0
"1986","66da162f5538535e93490441",NA,NA,NA,NA,0
"1987","676956116c1a3416bf7b2afe",NA,NA,NA,NA,0
"1988","695ea002344d7ca1605c747a",NA,NA,NA,NA,0
"1989","6965bd850ce22095dd7a84ca",NA,NA,NA,NA,0
"1990","6978d830c5d415696508430d",NA,NA,NA,NA,0
"1991","697a495862ac67423e8418b8",NA,NA,NA,NA,0
"1992","6980dfb784202dcf9736910f",NA,NA,NA,NA,0
"1993","69864a705614c15728117b35",NA,NA,NA,NA,0
"1994","6987875a0a8fa6ed9ef00726",NA,NA,NA,NA,0
"1995","699b610e2ba4bade6f39121b",NA,NA,NA,NA,0
"1996","699cebf39bc275a312ffd51c",NA,NA,NA,NA,0
"1997","699d45af20adaa6e1e89aa5a",NA,NA,NA,NA,0
"1998","699e3cc79b0d3d96b469ca49",NA,NA,NA,NA,0
"1999","69a0734d1d433d3694c8438f",NA,NA,NA,NA,0
"2000","69a6eb2bc679065ed1cecc51",NA,NA,NA,NA,0
"2001","69a8cff018bead25e4a5d848",NA,NA,NA,NA,0
"2002","69b19e44edf4d70aee145c16",NA,NA,NA,NA,0
"2003","69b3193cce0978ad6db9fe7c",NA,NA,NA,NA,0
"2004","69b5c6bdbcf55371066f5e73",NA,NA,NA,NA,0
"2005","69ba37faee13f176e7635323",NA,NA,NA,NA,0
"2006","69bdf2afe629d42bfc47997f",NA,NA,NA,NA,0
"2007","69c093d33989aa791c4e8b2d",NA,NA,NA,NA,0
"2008","69c1256faa88d6296c98d745",NA,NA,NA,NA,0
"2009","69c2f0033339865c279814ca",NA,NA,NA,NA,0
"2010","69c6ec3a92185003cf70ded5",NA,NA,NA,NA,0
"2011","69cc1fac2b52b1c4dd21cc7d",NA,NA,NA,NA,0
"2012","69cec122e3cb56c2e7000c6b",NA,NA,NA,NA,0
"2013","69d2a8765e19038ab2fc0f56",NA,NA,NA,NA,0
"2014","69d5632f4815bcc4cb7242bf",NA,NA,NA,NA,0
"2015","69d5c4d748bcaf8026c80573",NA,NA,NA,NA,0
"2016","69daf476f6bc0d990581aca6",NA,NA,NA,NA,0
"2017","69dbf4749918745fc7d8e820",NA,NA,NA,NA,0
"2018","69dc76f0a77a620367d666ec",NA,NA,NA,NA,0
"2019","69dfe696c433039b7add8013",NA,NA,NA,NA,0
"2020","69e599577d00fb31c54fb004",NA,NA,NA,NA,0
"2021","69e816058da70eddb5dbc3e1",NA,NA,NA,NA,0
"2022","69e957ad6c65e153a1c65ae2",NA,NA,NA,NA,0
"2023","69ed15278090fe4438301d5c",NA,NA,NA,NA,0
"2024","69efe0b03221edd72686c185",NA,NA,NA,NA,0
"2025","69f0438cc141b27ed949788e",NA,NA,NA,NA,0
"2026","69f3d4f3fb7630947c56f1eb",NA,NA,NA,NA,0
"2027","69f6484996726366cacd162c",NA,NA,NA,NA,0
"2028","69f674db81cb46678aae6391",NA,NA,NA,NA,0
"2029","69f7b962446b32b08d58a1df",NA,NA,NA,NA,0
"2030","69f86a04fe802de5002bb70b",NA,NA,NA,NA,0
"2031","69f8db35f08d6c337883fcb4",NA,NA,NA,NA,0
"2032","69fb3314a5e95601464d1fea",NA,NA,NA,NA,0
"2033","69fb86296fb6f0919bf31075",NA,NA,NA,NA,0
"2034","69fcc8642de981c893eb6958",NA,NA,NA,NA,0
"2035","69fce9e45d612732dd1ae4e2",NA,NA,NA,NA,0
"2036","69fd3605435216c2d93bc72f",NA,NA,NA,NA,0
"2037","6a00b0ca46e3f2822d0349b6",NA,NA,NA,NA,0
"2038","6a00b4c7593a89490830c18c",NA,NA,NA,NA,0
"2039","6a00dbcc626a780a8e5c07a4",NA,NA,NA,NA,0
"2040","6a012d3c523e7311f4e55f61",NA,NA,NA,NA,0
"2041","6a01e843af8198a220b44a18",NA,NA,NA,NA,0
"2042","6a021dc98c730b8d3ce0deca",NA,NA,NA,NA,0
"2043","6a023ad806e8158958e73b75",NA,NA,NA,NA,0
"2044","6a04948f1e40214a25ff2563",NA,NA,NA,NA,0
"2045","6a05131f0ad03d07dd77178e",NA,NA,NA,NA,0
"2046","6a07687bad5809e8867bdffb",NA,NA,NA,NA,0
"2047","6a0a0fd9f370053c3505dc0f",NA,NA,NA,NA,0
"2048","6a0b7296246f70341f078e55",NA,NA,NA,NA,0
"2049","6a0b756dd47d16a4c82f5589",NA,NA,NA,NA,0
"2050","6a0dbb470d44c02c7ec444f0",NA,NA,NA,NA,0
"2051","6a0dfefeb75ae8ac09c192c6",NA,NA,NA,NA,0
"2052","6a0e0a9490e868c044e21936",NA,NA,NA,NA,0
"2053","6a0e2d716e90edf1ea83dce1",NA,NA,NA,NA,0
"2054","6a0f1056788a67850f057de4",NA,NA,NA,NA,0
"2055","6a0fdfd2db4241c9e5eca29a",NA,NA,NA,NA,0
"2056","6a14434573bcee3f17b7f762",NA,NA,NA,NA,0
"2057","6a14c736578656591db6ea31",NA,NA,NA,NA,0
"2058","6a14c84872f3851ab32e8c01",NA,NA,NA,NA,0
"2059","6a14e67cf20909f60e34ae64",NA,NA,NA,NA,0
"2060","6a14ed7d826b3c0b54334269",NA,NA,NA,NA,0
"2061","6a150fcbc5238897c2c9408e",NA,NA,NA,NA,0
"2062","6a1582166cefcdcbed565058",NA,NA,NA,NA,0
"2063","6a15d5fb80117206e7200cf7",NA,NA,NA,NA,0
"2064","6a15dfdb880253e5b6b917f3",NA,NA,NA,NA,0
"2065","6a177f7ec67996448d9c7d41",NA,NA,NA,NA,0
"2066","6a18b37c0157d881234ed29f",NA,NA,NA,NA,0
"2067","6a199661a2f63c5bf9835b2e",NA,NA,NA,NA,0
"2068","6a1a3e6d47ea4b557072cc4d",NA,NA,NA,NA,0
"2069","6a1ae40320c9511f890515f7",NA,NA,NA,NA,0
"2070","6a1b544246f12219f033d3c3",NA,NA,NA,NA,0
"2071","6a1cb95bf369926ac77ea9e5",NA,NA,NA,NA,0
"2072","6a1de36b3f5c6160ff6bf6a4",NA,NA,NA,NA,0
"2073","6a1f0ef7a64d44c972d3a5f7",NA,NA,NA,NA,0
"2074","6a1f832105dd8c89b5e930ad",NA,NA,NA,NA,0
"2075","6a2222ff6e1036656b0d5d08",NA,NA,NA,NA,0
"2076","6a232745f21e165e2b54ed58",NA,NA,NA,NA,0
"2077","6a2482e9af72b55296872b0d",NA,NA,NA,NA,0
"2078","6a2589e7b0645f2f7f1cc52c",NA,NA,NA,NA,0
"2079","6a3607f677860830aca5bdeb",NA,NA,NA,NA,0
"2080","62c5f85ccf34c8d9c0650f6e",NA,NA,NA,NA,0
"2081","65465c5bc5a014ec683d55cf",NA,NA,NA,NA,0
"2082","661c09a749790db73f8faba5",NA,NA,NA,NA,0
"2083","66315563a848526fcfa7555b",NA,NA,NA,NA,0
"2084","665795d82a087799023aaf0e",NA,NA,NA,NA,0
"2085","66da162f5538535e93490441",NA,NA,NA,NA,0
"2086","676956116c1a3416bf7b2afe",NA,NA,NA,NA,0
"2087","695ea002344d7ca1605c747a",NA,NA,NA,NA,0
"2088","6965bd850ce22095dd7a84ca",NA,NA,NA,NA,0
"2089","6978d830c5d415696508430d",NA,NA,NA,NA,0
"2090","697a495862ac67423e8418b8",NA,NA,NA,NA,0
"2091","6980dfb784202dcf9736910f",NA,NA,NA,NA,0
"2092","69864a705614c15728117b35",NA,NA,NA,NA,0
"2093","6987875a0a8fa6ed9ef00726",NA,NA,NA,NA,0
"2094","699b610e2ba4bade6f39121b",NA,NA,NA,NA,0
"2095","699cebf39bc275a312ffd51c",NA,NA,NA,NA,0
"2096","699d45af20adaa6e1e89aa5a",NA,NA,NA,NA,0
"2097","699e3cc79b0d3d96b469ca49",NA,NA,NA,NA,0
"2098","69a0734d1d433d3694c8438f",NA,NA,NA,NA,0
"2099","69a6eb2bc679065ed1cecc51",NA,NA,NA,NA,0
"2100","69a8cff018bead25e4a5d848",NA,NA,NA,NA,0
"2101","69b19e44edf4d70aee145c16",NA,NA,NA,NA,0
"2102","69b3193cce0978ad6db9fe7c",NA,NA,NA,NA,0
"2103","69b5c6bdbcf55371066f5e73",NA,NA,NA,NA,0
"2104","69ba37faee13f176e7635323",NA,NA,NA,NA,0
"2105","69bdf2afe629d42bfc47997f",NA,NA,NA,NA,0
"2106","69c093d33989aa791c4e8b2d",NA,NA,NA,NA,0
"2107","69c1256faa88d6296c98d745",NA,NA,NA,NA,0
"2108","69c2f0033339865c279814ca",NA,NA,NA,NA,0
"2109","69c6ec3a92185003cf70ded5",NA,NA,NA,NA,0
"2110","69cc1fac2b52b1c4dd21cc7d",NA,NA,NA,NA,0
"2111","69cec122e3cb56c2e7000c6b",NA,NA,NA,NA,0
"2112","69d2a8765e19038ab2fc0f56",NA,NA,NA,NA,0
"2113","69d5632f4815bcc4cb7242bf",NA,NA,NA,NA,0
"2114","69d5c4d748bcaf8026c80573",NA,NA,NA,NA,0
"2115","69daf476f6bc0d990581aca6",NA,NA,NA,NA,0
"2116","69dbf4749918745fc7d8e820",NA,NA,NA,NA,0
"2117","69dc76f0a77a620367d666ec",NA,NA,NA,NA,0
"2118","69dfe696c433039b7add8013",NA,NA,NA,NA,0
"2119","69e599577d00fb31c54fb004",NA,NA,NA,NA,0
"2120","69e816058da70eddb5dbc3e1",NA,NA,NA,NA,0
"2121","69e957ad6c65e153a1c65ae2",NA,NA,NA,NA,0
"2122","69ed15278090fe4438301d5c",NA,NA,NA,NA,0
"2123","69efe0b03221edd72686c185",NA,NA,NA,NA,0
"2124","69f0438cc141b27ed949788e",NA,NA,NA,NA,0
"2125","69f3d4f3fb7630947c56f1eb",NA,NA,NA,NA,0
"2126","69f6484996726366cacd162c",NA,NA,NA,NA,0
"2127","69f674db81cb46678aae6391",NA,NA,NA,NA,0
"2128","69f7b962446b32b08d58a1df",NA,NA,NA,NA,0
"2129","69f86a04fe802de5002bb70b",NA,NA,NA,NA,0
"2130","69f8db35f08d6c337883fcb4",NA,NA,NA,NA,0
"2131","69fb3314a5e95601464d1fea",NA,NA,NA,NA,0
"2132","69fb86296fb6f0919bf31075",NA,NA,NA,NA,0
"2133","69fcc8642de981c893eb6958",NA,NA,NA,NA,0
"2134","69fce9e45d612732dd1ae4e2",NA,NA,NA,NA,0
"2135","69fd3605435216c2d93bc72f",NA,NA,NA,NA,0
"2136","6a00b0ca46e3f2822d0349b6",NA,NA,NA,NA,0
"2137","6a00b4c7593a89490830c18c",NA,NA,NA,NA,0
"2138","6a00dbcc626a780a8e5c07a4",NA,NA,NA,NA,0
"2139","6a012d3c523e7311f4e55f61",NA,NA,NA,NA,0
"2140","6a01e843af8198a220b44a18",NA,NA,NA,NA,0
"2141","6a021dc98c730b8d3ce0deca",NA,NA,NA,NA,0
"2142","6a023ad806e8158958e73b75",NA,NA,NA,NA,0
"2143","6a04948f1e40214a25ff2563",NA,NA,NA,NA,0
"2144","6a05131f0ad03d07dd77178e",NA,NA,NA,NA,0
"2145","6a07687bad5809e8867bdffb",NA,NA,NA,NA,0
"2146","6a0a0fd9f370053c3505dc0f",NA,NA,NA,NA,0
"2147","6a0b7296246f70341f078e55",NA,NA,NA,NA,0
"2148","6a0b756dd47d16a4c82f5589",NA,NA,NA,NA,0
"2149","6a0dbb470d44c02c7ec444f0",NA,NA,NA,NA,0
"2150","6a0dfefeb75ae8ac09c192c6",NA,NA,NA,NA,0
"2151","6a0e0a9490e868c044e21936",NA,NA,NA,NA,0
"2152","6a0e2d716e90edf1ea83dce1",NA,NA,NA,NA,0
"2153","6a0f1056788a67850f057de4",NA,NA,NA,NA,0
"2154","6a0fdfd2db4241c9e5eca29a",NA,NA,NA,NA,0
"2155","6a14434573bcee3f17b7f762",NA,NA,NA,NA,0
"2156","6a14c736578656591db6ea31",NA,NA,NA,NA,0
"2157","6a14c84872f3851ab32e8c01",NA,NA,NA,NA,0
"2158","6a14e67cf20909f60e34ae64",NA,NA,NA,NA,0
"2159","6a14ed7d826b3c0b54334269",NA,NA,NA,NA,0
"2160","6a150fcbc5238897c2c9408e",NA,NA,NA,NA,0
"2161","6a1582166cefcdcbed565058",NA,NA,NA,NA,0
"2162","6a15d5fb80117206e7200cf7",NA,NA,NA,NA,0
"2163","6a15dfdb880253e5b6b917f3",NA,NA,NA,NA,0
"2164","6a177f7ec67996448d9c7d41",NA,NA,NA,NA,0
"2165","6a18b37c0157d881234ed29f",NA,NA,NA,NA,0
"2166","6a199661a2f63c5bf9835b2e",NA,NA,NA,NA,0
"2167","6a1a3e6d47ea4b557072cc4d",NA,NA,NA,NA,0
"2168","6a1ae40320c9511f890515f7",NA,NA,NA,NA,0
"2169","6a1b544246f12219f033d3c3",NA,NA,NA,NA,0
"2170","6a1cb95bf369926ac77ea9e5",NA,NA,NA,NA,0
"2171","6a1de36b3f5c6160ff6bf6a4",NA,NA,NA,NA,0
"2172","6a1f0ef7a64d44c972d3a5f7",NA,NA,NA,NA,0
"2173","6a1f832105dd8c89b5e930ad",NA,NA,NA,NA,0
"2174","6a2222ff6e1036656b0d5d08",NA,NA,NA,NA,0
"2175","6a232745f21e165e2b54ed58",NA,NA,NA,NA,0
"2176","6a2482e9af72b55296872b0d",NA,NA,NA,NA,0
"2177","6a2589e7b0645f2f7f1cc52c",NA,NA,NA,NA,0
"2178","6a3607f677860830aca5bdeb",NA,NA,NA,NA,0
"2179","62c5f85ccf34c8d9c0650f6e",NA,NA,NA,NA,0
"2180","65465c5bc5a014ec683d55cf",NA,NA,NA,NA,0
"2181","661c09a749790db73f8faba5",NA,NA,NA,NA,0
"2182","66315563a848526fcfa7555b",NA,NA,NA,NA,0
"2183","665795d82a087799023aaf0e",NA,NA,NA,NA,0
"2184","66da162f5538535e93490441",NA,NA,NA,NA,0
"2185","676956116c1a3416bf7b2afe",NA,NA,NA,NA,0
"2186","695ea002344d7ca1605c747a",NA,NA,NA,NA,0
"2187","6965bd850ce22095dd7a84ca",NA,NA,NA,NA,0
"2188","6978d830c5d415696508430d",NA,NA,NA,NA,0
"2189","697a495862ac67423e8418b8",NA,NA,NA,NA,0
"2190","6980dfb784202dcf9736910f",NA,NA,NA,NA,0
"2191","69864a705614c15728117b35",NA,NA,NA,NA,0
"2192","6987875a0a8fa6ed9ef00726",NA,NA,NA,NA,0
"2193","699b610e2ba4bade6f39121b",NA,NA,NA,NA,0
"2194","699cebf39bc275a312ffd51c",NA,NA,NA,NA,0
"2195","699d45af20adaa6e1e89aa5a",NA,NA,NA,NA,0
"2196","699e3cc79b0d3d96b469ca49",NA,NA,NA,NA,0
"2197","69a0734d1d433d3694c8438f",NA,NA,NA,NA,0
"2198","69a6eb2bc679065ed1cecc51",NA,NA,NA,NA,0
"2199","69a8cff018bead25e4a5d848",NA,NA,NA,NA,0
"2200","69b19e44edf4d70aee145c16",NA,NA,NA,NA,0
"2201","69b3193cce0978ad6db9fe7c",NA,NA,NA,NA,0
"2202","69b5c6bdbcf55371066f5e73",NA,NA,NA,NA,0
"2203","69ba37faee13f176e7635323",NA,NA,NA,NA,0
"2204","69bdf2afe629d42bfc47997f",NA,NA,NA,NA,0
"2205","69c093d33989aa791c4e8b2d",NA,NA,NA,NA,0
"2206","69c1256faa88d6296c98d745",NA,NA,NA,NA,0
"2207","69c2f0033339865c279814ca",NA,NA,NA,NA,0
"2208","69c6ec3a92185003cf70ded5",NA,NA,NA,NA,0
"2209","69cc1fac2b52b1c4dd21cc7d",NA,NA,NA,NA,0
"2210","69cec122e3cb56c2e7000c6b",NA,NA,NA,NA,0
"2211","69d2a8765e19038ab2fc0f56",NA,NA,NA,NA,0
"2212","69d5632f4815bcc4cb7242bf",NA,NA,NA,NA,0
"2213","69d5c4d748bcaf8026c80573",NA,NA,NA,NA,0
"2214","69daf476f6bc0d990581aca6",NA,NA,NA,NA,0
"2215","69dbf4749918745fc7d8e820",NA,NA,NA,NA,0
"2216","69dc76f0a77a620367d666ec",NA,NA,NA,NA,0
"2217","69dfe696c433039b7add8013",NA,NA,NA,NA,0
"2218","69e599577d00fb31c54fb004",NA,NA,NA,NA,0
"2219","69e816058da70eddb5dbc3e1",NA,NA,NA,NA,0
"2220","69e957ad6c65e153a1c65ae2",NA,NA,NA,NA,0
"2221","69ed15278090fe4438301d5c",NA,NA,NA,NA,0
"2222","69efe0b03221edd72686c185",NA,NA,NA,NA,0
"2223","69f0438cc141b27ed949788e",NA,NA,NA,NA,0
"2224","69f3d4f3fb7630947c56f1eb",NA,NA,NA,NA,0
"2225","69f6484996726366cacd162c",NA,NA,NA,NA,0
"2226","69f674db81cb46678aae6391",NA,NA,NA,NA,0
"2227","69f7b962446b32b08d58a1df",NA,NA,NA,NA,0
"2228","69f86a04fe802de5002bb70b",NA,NA,NA,NA,0
"2229","69f8db35f08d6c337883fcb4",NA,NA,NA,NA,0
"2230","69fb3314a5e95601464d1fea",NA,NA,NA,NA,0
"2231","69fb86296fb6f0919bf31075",NA,NA,NA,NA,0
"2232","69fcc8642de981c893eb6958",NA,NA,NA,NA,0
"2233","69fce9e45d612732dd1ae4e2",NA,NA,NA,NA,0
"2234","69fd3605435216c2d93bc72f",NA,NA,NA,NA,0
"2235","6a00b0ca46e3f2822d0349b6",NA,NA,NA,NA,0
"2236","6a00b4c7593a89490830c18c",NA,NA,NA,NA,0
"2237","6a00dbcc626a780a8e5c07a4",NA,NA,NA,NA,0
"2238","6a012d3c523e7311f4e55f61",NA,NA,NA,NA,0
"2239","6a01e843af8198a220b44a18",NA,NA,NA,NA,0
"2240","6a021dc98c730b8d3ce0deca",NA,NA,NA,NA,0
"2241","6a023ad806e8158958e73b75",NA,NA,NA,NA,0
"2242","6a04948f1e40214a25ff2563",NA,NA,NA,NA,0
"2243","6a05131f0ad03d07dd77178e",NA,NA,NA,NA,0
"2244","6a07687bad5809e8867bdffb",NA,NA,NA,NA,0
"2245","6a0a0fd9f370053c3505dc0f",NA,NA,NA,NA,0
"2246","6a0b7296246f70341f078e55",NA,NA,NA,NA,0
"2247","6a0b756dd47d16a4c82f5589",NA,NA,NA,NA,0
"2248","6a0dbb470d44c02c7ec444f0",NA,NA,NA,NA,0
"2249","6a0dfefeb75ae8ac09c192c6",NA,NA,NA,NA,0
"2250","6a0e0a9490e868c044e21936",NA,NA,NA,NA,0
"2251","6a0e2d716e90edf1ea83dce1",NA,NA,NA,NA,0
"2252","6a0f1056788a67850f057de4",NA,NA,NA,NA,0
"2253","6a0fdfd2db4241c9e5eca29a",NA,NA,NA,NA,0
"2254","6a14434573bcee3f17b7f762",NA,NA,NA,NA,0
"2255","6a14c736578656591db6ea31",NA,NA,NA,NA,0
"2256","6a14c84872f3851ab32e8c01",NA,NA,NA,NA,0
"2257","6a14e67cf20909f60e34ae64",NA,NA,NA,NA,0
"2258","6a14ed7d826b3c0b54334269",NA,NA,NA,NA,0
"2259","6a150fcbc5238897c2c9408e",NA,NA,NA,NA,0
"2260","6a1582166cefcdcbed565058",NA,NA,NA,NA,0
"2261","6a15d5fb80117206e7200cf7",NA,NA,NA,NA,0
"2262","6a15dfdb880253e5b6b917f3",NA,NA,NA,NA,0
"2263","6a177f7ec67996448d9c7d41",NA,NA,NA,NA,0
"2264","6a18b37c0157d881234ed29f",NA,NA,NA,NA,0
"2265","6a199661a2f63c5bf9835b2e",NA,NA,NA,NA,0
"2266","6a1a3e6d47ea4b557072cc4d",NA,NA,NA,NA,0
"2267","6a1ae40320c9511f890515f7",NA,NA,NA,NA,0
"2268","6a1b544246f12219f033d3c3",NA,NA,NA,NA,0
"2269","6a1cb95bf369926ac77ea9e5",NA,NA,NA,NA,0
"2270","6a1de36b3f5c6160ff6bf6a4",NA,NA,NA,NA,0
"2271","6a1f0ef7a64d44c972d3a5f7",NA,NA,NA,NA,0
"2272","6a1f832105dd8c89b5e930ad",NA,NA,NA,NA,0
"2273","6a2222ff6e1036656b0d5d08",NA,NA,NA,NA,0
"2274","6a232745f21e165e2b54ed58",NA,NA,NA,NA,0
"2275","6a2482e9af72b55296872b0d",NA,NA,NA,NA,0
"2276","6a2589e7b0645f2f7f1cc52c",NA,NA,NA,NA,0
"2277","6a3607f677860830aca5bdeb",NA,NA,NA,NA,0
"2278","62c5f85ccf34c8d9c0650f6e",NA,NA,NA,NA,0
"2279","65465c5bc5a014ec683d55cf",NA,NA,NA,NA,0
"2280","661c09a749790db73f8faba5",NA,NA,NA,NA,0
"2281","66315563a848526fcfa7555b",NA,NA,NA,NA,0
"2282","665795d82a087799023aaf0e",NA,NA,NA,NA,0
"2283","66da162f5538535e93490441",NA,NA,NA,NA,0
"2284","676956116c1a3416bf7b2afe",NA,NA,NA,NA,0
"2285","695ea002344d7ca1605c747a",NA,NA,NA,NA,0
"2286","6965bd850ce22095dd7a84ca",NA,NA,NA,NA,0
"2287","6978d830c5d415696508430d",NA,NA,NA,NA,0
"2288","697a495862ac67423e8418b8",NA,NA,NA,NA,0
"2289","6980dfb784202dcf9736910f",NA,NA,NA,NA,0
"2290","69864a705614c15728117b35",NA,NA,NA,NA,0
"2291","6987875a0a8fa6ed9ef00726",NA,NA,NA,NA,0
"2292","699b610e2ba4bade6f39121b",NA,NA,NA,NA,0
"2293","699cebf39bc275a312ffd51c",NA,NA,NA,NA,0
"2294","699d45af20adaa6e1e89aa5a",NA,NA,NA,NA,0
"2295","699e3cc79b0d3d96b469ca49",NA,NA,NA,NA,0
"2296","69a0734d1d433d3694c8438f",NA,NA,NA,NA,0
"2297","69a6eb2bc679065ed1cecc51",NA,NA,NA,NA,0
"2298","69a8cff018bead25e4a5d848",NA,NA,NA,NA,0
"2299","69b19e44edf4d70aee145c16",NA,NA,NA,NA,0
"2300","69b3193cce0978ad6db9fe7c",NA,NA,NA,NA,0
"2301","69b5c6bdbcf55371066f5e73",NA,NA,NA,NA,0
"2302","69ba37faee13f176e7635323",NA,NA,NA,NA,0
"2303","69bdf2afe629d42bfc47997f",NA,NA,NA,NA,0
"2304","69c093d33989aa791c4e8b2d",NA,NA,NA,NA,0
"2305","69c1256faa88d6296c98d745",NA,NA,NA,NA,0
"2306","69c2f0033339865c279814ca",NA,NA,NA,NA,0
"2307","69c6ec3a92185003cf70ded5",NA,NA,NA,NA,0
"2308","69cc1fac2b52b1c4dd21cc7d",NA,NA,NA,NA,0
"2309","69cec122e3cb56c2e7000c6b",NA,NA,NA,NA,0
"2310","69d2a8765e19038ab2fc0f56",NA,NA,NA,NA,0
"2311","69d5632f4815bcc4cb7242bf",NA,NA,NA,NA,0
"2312","69d5c4d748bcaf8026c80573",NA,NA,NA,NA,0
"2313","69daf476f6bc0d990581aca6",NA,NA,NA,NA,0
"2314","69dbf4749918745fc7d8e820",NA,NA,NA,NA,0
"2315","69dc76f0a77a620367d666ec",NA,NA,NA,NA,0
"2316","69dfe696c433039b7add8013",NA,NA,NA,NA,0
"2317","69e599577d00fb31c54fb004",NA,NA,NA,NA,0
"2318","69e816058da70eddb5dbc3e1",NA,NA,NA,NA,0
"2319","69e957ad6c65e153a1c65ae2",NA,NA,NA,NA,0
"2320","69ed15278090fe4438301d5c",NA,NA,NA,NA,0
"2321","69efe0b03221edd72686c185",NA,NA,NA,NA,0
"2322","69f0438cc141b27ed949788e",NA,NA,NA,NA,0
"2323","69f3d4f3fb7630947c56f1eb",NA,NA,NA,NA,0
"2324","69f6484996726366cacd162c",NA,NA,NA,NA,0
"2325","69f674db81cb46678aae6391",NA,NA,NA,NA,0
"2326","69f7b962446b32b08d58a1df",NA,NA,NA,NA,0
"2327","69f86a04fe802de5002bb70b",NA,NA,NA,NA,0
"2328","69f8db35f08d6c337883fcb4",NA,NA,NA,NA,0
"2329","69fb3314a5e95601464d1fea",NA,NA,NA,NA,0
"2330","69fb86296fb6f0919bf31075",NA,NA,NA,NA,0
"2331","69fcc8642de981c893eb6958",NA,NA,NA,NA,0
"2332","69fce9e45d612732dd1ae4e2",NA,NA,NA,NA,0
"2333","69fd3605435216c2d93bc72f",NA,NA,NA,NA,0
"2334","6a00b0ca46e3f2822d0349b6",NA,NA,NA,NA,0
"2335","6a00b4c7593a89490830c18c",NA,NA,NA,NA,0
"2336","6a00dbcc626a780a8e5c07a4",NA,NA,NA,NA,0
"2337","6a012d3c523e7311f4e55f61",NA,NA,NA,NA,0
"2338","6a01e843af8198a220b44a18",NA,NA,NA,NA,0
"2339","6a021dc98c730b8d3ce0deca",NA,NA,NA,NA,0
"2340","6a023ad806e8158958e73b75",NA,NA,NA,NA,0
"2341","6a04948f1e40214a25ff2563",NA,NA,NA,NA,0
"2342","6a05131f0ad03d07dd77178e",NA,NA,NA,NA,0
"2343","6a07687bad5809e8867bdffb",NA,NA,NA,NA,0
"2344","6a0a0fd9f370053c3505dc0f",NA,NA,NA,NA,0
"2345","6a0b7296246f70341f078e55",NA,NA,NA,NA,0
"2346","6a0b756dd47d16a4c82f5589",NA,NA,NA,NA,0
"2347","6a0dbb470d44c02c7ec444f0",NA,NA,NA,NA,0
"2348","6a0dfefeb75ae8ac09c192c6",NA,NA,NA,NA,0
"2349","6a0e0a9490e868c044e21936",NA,NA,NA,NA,0
"2350","6a0e2d716e90edf1ea83dce1",NA,NA,NA,NA,0
"2351","6a0f1056788a67850f057de4",NA,NA,NA,NA,0
"2352","6a0fdfd2db4241c9e5eca29a",NA,NA,NA,NA,0
"2353","6a14434573bcee3f17b7f762",NA,NA,NA,NA,0
"2354","6a14c736578656591db6ea31",NA,NA,NA,NA,0
"2355","6a14c84872f3851ab32e8c01",NA,NA,NA,NA,0
"2356","6a14e67cf20909f60e34ae64",NA,NA,NA,NA,0
"2357","6a14ed7d826b3c0b54334269",NA,NA,NA,NA,0
"2358","6a150fcbc5238897c2c9408e",NA,NA,NA,NA,0
"2359","6a1582166cefcdcbed565058",NA,NA,NA,NA,0
"2360","6a15d5fb80117206e7200cf7",NA,NA,NA,NA,0
"2361","6a15dfdb880253e5b6b917f3",NA,NA,NA,NA,0
"2362","6a177f7ec67996448d9c7d41",NA,NA,NA,NA,0
"2363","6a18b37c0157d881234ed29f",NA,NA,NA,NA,0
"2364","6a199661a2f63c5bf9835b2e",NA,NA,NA,NA,0
"2365","6a1a3e6d47ea4b557072cc4d",NA,NA,NA,NA,0
"2366","6a1ae40320c9511f890515f7",NA,NA,NA,NA,0
"2367","6a1b544246f12219f033d3c3",NA,NA,NA,NA,0
"2368","6a1cb95bf369926ac77ea9e5",NA,NA,NA,NA,0
"2369","6a1de36b3f5c6160ff6bf6a4",NA,NA,NA,NA,0
"2370","6a1f0ef7a64d44c972d3a5f7",NA,NA,NA,NA,0
"2371","6a1f832105dd8c89b5e930ad",NA,NA,NA,NA,0
"2372","6a2222ff6e1036656b0d5d08",NA,NA,NA,NA,0
"2373","6a232745f21e165e2b54ed58",NA,NA,NA,NA,0
"2374","6a2482e9af72b55296872b0d",NA,NA,NA,NA,0
"2375","6a2589e7b0645f2f7f1cc52c",NA,NA,NA,NA,0
"2376","6a3607f677860830aca5bdeb",NA,NA,NA,NA,0
"2377","62c5f85ccf34c8d9c0650f6e",NA,NA,NA,NA,0
"2378","65465c5bc5a014ec683d55cf",NA,NA,NA,NA,0
"2379","661c09a749790db73f8faba5",NA,NA,NA,NA,0
"2380","66315563a848526fcfa7555b",NA,NA,NA,NA,0
"2381","665795d82a087799023aaf0e",NA,NA,NA,NA,0
"2382","66da162f5538535e93490441",NA,NA,NA,NA,0
"2383","676956116c1a3416bf7b2afe",NA,NA,NA,NA,0
"2384","695ea002344d7ca1605c747a",NA,NA,NA,NA,0
"2385","6965bd850ce22095dd7a84ca",NA,NA,NA,NA,0
"2386","6978d830c5d415696508430d",NA,NA,NA,NA,0
"2387","697a495862ac67423e8418b8",NA,NA,NA,NA,0
"2388","6980dfb784202dcf9736910f",NA,NA,NA,NA,0
"2389","69864a705614c15728117b35",NA,NA,NA,NA,0
"2390","6987875a0a8fa6ed9ef00726",NA,NA,NA,NA,0
"2391","699b610e2ba4bade6f39121b",NA,NA,NA,NA,0
"2392","699cebf39bc275a312ffd51c",NA,NA,NA,NA,0
"2393","699d45af20adaa6e1e89aa5a",NA,NA,NA,NA,0
"2394","699e3cc79b0d3d96b469ca49",NA,NA,NA,NA,0
"2395","69a0734d1d433d3694c8438f",NA,NA,NA,NA,0
"2396","69a6eb2bc679065ed1cecc51",NA,NA,NA,NA,0
"2397","69a8cff018bead25e4a5d848",NA,NA,NA,NA,0
"2398","69b19e44edf4d70aee145c16",NA,NA,NA,NA,0
"2399","69b3193cce0978ad6db9fe7c",NA,NA,NA,NA,0
"2400","69b5c6bdbcf55371066f5e73",NA,NA,NA,NA,0
"2401","69ba37faee13f176e7635323",NA,NA,NA,NA,0
"2402","69bdf2afe629d42bfc47997f",NA,NA,NA,NA,0
"2403","69c093d33989aa791c4e8b2d",NA,NA,NA,NA,0
"2404","69c1256faa88d6296c98d745",NA,NA,NA,NA,0
"2405","69c2f0033339865c279814ca",NA,NA,NA,NA,0
"2406","69c6ec3a92185003cf70ded5",NA,NA,NA,NA,0
"2407","69cc1fac2b52b1c4dd21cc7d",NA,NA,NA,NA,0
"2408","69cec122e3cb56c2e7000c6b",NA,NA,NA,NA,0
"2409","69d2a8765e19038ab2fc0f56",NA,NA,NA,NA,0
"2410","69d5632f4815bcc4cb7242bf",NA,NA,NA,NA,0
"2411","69d5c4d748bcaf8026c80573",NA,NA,NA,NA,0
"2412","69daf476f6bc0d990581aca6",NA,NA,NA,NA,0
"2413","69dbf4749918745fc7d8e820",NA,NA,NA,NA,0
"2414","69dc76f0a77a620367d666ec",NA,NA,NA,NA,0
"2415","69dfe696c433039b7add8013",NA,NA,NA,NA,0
"2416","69e599577d00fb31c54fb004",NA,NA,NA,NA,0
"2417","69e816058da70eddb5dbc3e1",NA,NA,NA,NA,0
"2418","69e957ad6c65e153a1c65ae2",NA,NA,NA,NA,0
"2419","69ed15278090fe4438301d5c",NA,NA,NA,NA,0
"2420","69efe0b03221edd72686c185",NA,NA,NA,NA,0
"2421","69f0438cc141b27ed949788e",NA,NA,NA,NA,0
"2422","69f3d4f3fb7630947c56f1eb",NA,NA,NA,NA,0
"2423","69f6484996726366cacd162c",NA,NA,NA,NA,0
"2424","69f674db81cb46678aae6391",NA,NA,NA,NA,0
"2425","69f7b962446b32b08d58a1df",NA,NA,NA,NA,0
"2426","69f86a04fe802de5002bb70b",NA,NA,NA,NA,0
"2427","69f8db35f08d6c337883fcb4",NA,NA,NA,NA,0
"2428","69fb3314a5e95601464d1fea",NA,NA,NA,NA,0
"2429","69fb86296fb6f0919bf31075",NA,NA,NA,NA,0
"2430","69fcc8642de981c893eb6958",NA,NA,NA,NA,0
"2431","69fce9e45d612732dd1ae4e2",NA,NA,NA,NA,0
"2432","69fd3605435216c2d93bc72f",NA,NA,NA,NA,0
"2433","6a00b0ca46e3f2822d0349b6",NA,NA,NA,NA,0
"2434","6a00b4c7593a89490830c18c",NA,NA,NA,NA,0
"2435","6a00dbcc626a780a8e5c07a4",NA,NA,NA,NA,0
"2436","6a012d3c523e7311f4e55f61",NA,NA,NA,NA,0
"2437","6a01e843af8198a220b44a18",NA,NA,NA,NA,0
"2438","6a021dc98c730b8d3ce0deca",NA,NA,NA,NA,0
"2439","6a023ad806e8158958e73b75",NA,NA,NA,NA,0
"2440","6a04948f1e40214a25ff2563",NA,NA,NA,NA,0
"2441","6a05131f0ad03d07dd77178e",NA,NA,NA,NA,0
"2442","6a07687bad5809e8867bdffb",NA,NA,NA,NA,0
"2443","6a0a0fd9f370053c3505dc0f",NA,NA,NA,NA,0
"2444","6a0b7296246f70341f078e55",NA,NA,NA,NA,0
"2445","6a0b756dd47d16a4c82f5589",NA,NA,NA,NA,0
"2446","6a0dbb470d44c02c7ec444f0",NA,NA,NA,NA,0
"2447","6a0dfefeb75ae8ac09c192c6",NA,NA,NA,NA,0
"2448","6a0e0a9490e868c044e21936",NA,NA,NA,NA,0
"2449","6a0e2d716e90edf1ea83dce1",NA,NA,NA,NA,0
"2450","6a0f1056788a67850f057de4",NA,NA,NA,NA,0
"2451","6a0fdfd2db4241c9e5eca29a",NA,NA,NA,NA,0
"2452","6a14434573bcee3f17b7f762",NA,NA,NA,NA,0
"2453","6a14c736578656591db6ea31",NA,NA,NA,NA,0
"2454","6a14c84872f3851ab32e8c01",NA,NA,NA,NA,0
"2455","6a14e67cf20909f60e34ae64",NA,NA,NA,NA,0
"2456","6a14ed7d826b3c0b54334269",NA,NA,NA,NA,0
"2457","6a150fcbc5238897c2c9408e",NA,NA,NA,NA,0
"2458","6a1582166cefcdcbed565058",NA,NA,NA,NA,0
"2459","6a15d5fb80117206e7200cf7",NA,NA,NA,NA,0
"2460","6a15dfdb880253e5b6b917f3",NA,NA,NA,NA,0
"2461","6a177f7ec67996448d9c7d41",NA,NA,NA,NA,0
"2462","6a18b37c0157d881234ed29f",NA,NA,NA,NA,0
"2463","6a199661a2f63c5bf9835b2e",NA,NA,NA,NA,0
"2464","6a1a3e6d47ea4b557072cc4d",NA,NA,NA,NA,0
"2465","6a1ae40320c9511f890515f7",NA,NA,NA,NA,0
"2466","6a1b544246f12219f033d3c3",NA,NA,NA,NA,0
"2467","6a1cb95bf369926ac77ea9e5",NA,NA,NA,NA,0
"2468","6a1de36b3f5c6160ff6bf6a4",NA,NA,NA,NA,0
"2469","6a1f0ef7a64d44c972d3a5f7",NA,NA,NA,NA,0
"2470","6a1f832105dd8c89b5e930ad",NA,NA,NA,NA,0
"2471","6a2222ff6e1036656b0d5d08",NA,NA,NA,NA,0
"2472","6a232745f21e165e2b54ed58",NA,NA,NA,NA,0
"2473","6a2482e9af72b55296872b0d",NA,NA,NA,NA,0
"2474","6a2589e7b0645f2f7f1cc52c",NA,NA,NA,NA,0
"2475","6a3607f677860830aca5bdeb",NA,NA,NA,NA,0
"2476","62c5f85ccf34c8d9c0650f6e",NA,NA,NA,NA,0
"2477","65465c5bc5a014ec683d55cf",NA,NA,NA,NA,0
"2478","661c09a749790db73f8faba5",NA,NA,NA,NA,0
"2479","66315563a848526fcfa7555b",NA,NA,NA,NA,0
"2480","665795d82a087799023aaf0e",NA,NA,NA,NA,0
"2481","66da162f5538535e93490441",NA,NA,NA,NA,0
"2482","676956116c1a3416bf7b2afe",NA,NA,NA,NA,0
"2483","695ea002344d7ca1605c747a",NA,NA,NA,NA,0
"2484","6965bd850ce22095dd7a84ca",NA,NA,NA,NA,0
"2485","6978d830c5d415696508430d",NA,NA,NA,NA,0
"2486","697a495862ac67423e8418b8",NA,NA,NA,NA,0
"2487","6980dfb784202dcf9736910f",NA,NA,NA,NA,0
"2488","69864a705614c15728117b35",NA,NA,NA,NA,0
"2489","6987875a0a8fa6ed9ef00726",NA,NA,NA,NA,0
"2490","699b610e2ba4bade6f39121b",NA,NA,NA,NA,0
"2491","699cebf39bc275a312ffd51c",NA,NA,NA,NA,0
"2492","699d45af20adaa6e1e89aa5a",NA,NA,NA,NA,0
"2493","699e3cc79b0d3d96b469ca49",NA,NA,NA,NA,0
"2494","69a0734d1d433d3694c8438f",NA,NA,NA,NA,0
"2495","69a6eb2bc679065ed1cecc51",NA,NA,NA,NA,0
"2496","69a8cff018bead25e4a5d848",NA,NA,NA,NA,0
"2497","69b19e44edf4d70aee145c16",NA,NA,NA,NA,0
"2498","69b3193cce0978ad6db9fe7c",NA,NA,NA,NA,0
"2499","69b5c6bdbcf55371066f5e73",NA,NA,NA,NA,0
"2500","69ba37faee13f176e7635323",NA,NA,NA,NA,0
"2501","69bdf2afe629d42bfc47997f",NA,NA,NA,NA,0
"2502","69c093d33989aa791c4e8b2d",NA,NA,NA,NA,0
"2503","69c1256faa88d6296c98d745",NA,NA,NA,NA,0
"2504","69c2f0033339865c279814ca",NA,NA,NA,NA,0
"2505","69c6ec3a92185003cf70ded5",NA,NA,NA,NA,0
"2506","69cc1fac2b52b1c4dd21cc7d",NA,NA,NA,NA,0
"2507","69cec122e3cb56c2e7000c6b",NA,NA,NA,NA,0
"2508","69d2a8765e19038ab2fc0f56",NA,NA,NA,NA,0
"2509","69d5632f4815bcc4cb7242bf",NA,NA,NA,NA,0
"2510","69d5c4d748bcaf8026c80573",NA,NA,NA,NA,0
"2511","69daf476f6bc0d990581aca6",NA,NA,NA,NA,0
"2512","69dbf4749918745fc7d8e820",NA,NA,NA,NA,0
"2513","69dc76f0a77a620367d666ec",NA,NA,NA,NA,0
"2514","69dfe696c433039b7add8013",NA,NA,NA,NA,0
"2515","69e599577d00fb31c54fb004",NA,NA,NA,NA,0
"2516","69e816058da70eddb5dbc3e1",NA,NA,NA,NA,0
"2517","69e957ad6c65e153a1c65ae2",NA,NA,NA,NA,0
"2518","69ed15278090fe4438301d5c",NA,NA,NA,NA,0
"2519","69efe0b03221edd72686c185",NA,NA,NA,NA,0
"2520","69f0438cc141b27ed949788e",NA,NA,NA,NA,0
"2521","69f3d4f3fb7630947c56f1eb",NA,NA,NA,NA,0
"2522","69f6484996726366cacd162c",NA,NA,NA,NA,0
"2523","69f674db81cb46678aae6391",NA,NA,NA,NA,0
"2524","69f7b962446b32b08d58a1df",NA,NA,NA,NA,0
"2525","69f86a04fe802de5002bb70b",NA,NA,NA,NA,0
"2526","69f8db35f08d6c337883fcb4",NA,NA,NA,NA,0
"2527","69fb3314a5e95601464d1fea",NA,NA,NA,NA,0
"2528","69fb86296fb6f0919bf31075",NA,NA,NA,NA,0
"2529","69fcc8642de981c893eb6958",NA,NA,NA,NA,0
"2530","69fce9e45d612732dd1ae4e2",NA,NA,NA,NA,0
"2531","69fd3605435216c2d93bc72f",NA,NA,NA,NA,0
"2532","6a00b0ca46e3f2822d0349b6",NA,NA,NA,NA,0
"2533","6a00b4c7593a89490830c18c",NA,NA,NA,NA,0
"2534","6a00dbcc626a780a8e5c07a4",NA,NA,NA,NA,0
"2535","6a012d3c523e7311f4e55f61",NA,NA,NA,NA,0
"2536","6a01e843af8198a220b44a18",NA,NA,NA,NA,0
"2537","6a021dc98c730b8d3ce0deca",NA,NA,NA,NA,0
"2538","6a023ad806e8158958e73b75",NA,NA,NA,NA,0
"2539","6a04948f1e40214a25ff2563",NA,NA,NA,NA,0
"2540","6a05131f0ad03d07dd77178e",NA,NA,NA,NA,0
"2541","6a07687bad5809e8867bdffb",NA,NA,NA,NA,0
"2542","6a0a0fd9f370053c3505dc0f",NA,NA,NA,NA,0
"2543","6a0b7296246f70341f078e55",NA,NA,NA,NA,0
"2544","6a0b756dd47d16a4c82f5589",NA,NA,NA,NA,0
"2545","6a0dbb470d44c02c7ec444f0",NA,NA,NA,NA,0
"2546","6a0dfefeb75ae8ac09c192c6",NA,NA,NA,NA,0
"2547","6a0e0a9490e868c044e21936",NA,NA,NA,NA,0
"2548","6a0e2d716e90edf1ea83dce1",NA,NA,NA,NA,0
"2549","6a0f1056788a67850f057de4",NA,NA,NA,NA,0
"2550","6a0fdfd2db4241c9e5eca29a",NA,NA,NA,NA,0
"2551","6a14434573bcee3f17b7f762",NA,NA,NA,NA,0
"2552","6a14c736578656591db6ea31",NA,NA,NA,NA,0
"2553","6a14c84872f3851ab32e8c01",NA,NA,NA,NA,0
"2554","6a14e67cf20909f60e34ae64",NA,NA,NA,NA,0
"2555","6a14ed7d826b3c0b54334269",NA,NA,NA,NA,0
"2556","6a150fcbc5238897c2c9408e",NA,NA,NA,NA,0
"2557","6a1582166cefcdcbed565058",NA,NA,NA,NA,0
"2558","6a15d5fb80117206e7200cf7",NA,NA,NA,NA,0
"2559","6a15dfdb880253e5b6b917f3",NA,NA,NA,NA,0
"2560","6a177f7ec67996448d9c7d41",NA,NA,NA,NA,0
"2561","6a18b37c0157d881234ed29f",NA,NA,NA,NA,0
"2562","6a199661a2f63c5bf9835b2e",NA,NA,NA,NA,0
"2563","6a1a3e6d47ea4b557072cc4d",NA,NA,NA,NA,0
"2564","6a1ae40320c9511f890515f7",NA,NA,NA,NA,0
"2565","6a1b544246f12219f033d3c3",NA,NA,NA,NA,0
"2566","6a1cb95bf369926ac77ea9e5",NA,NA,NA,NA,0
"2567","6a1de36b3f5c6160ff6bf6a4",NA,NA,NA,NA,0
"2568","6a1f0ef7a64d44c972d3a5f7",NA,NA,NA,NA,0
"2569","6a1f832105dd8c89b5e930ad",NA,NA,NA,NA,0
"2570","6a2222ff6e1036656b0d5d08",NA,NA,NA,NA,0
"2571","6a232745f21e165e2b54ed58",NA,NA,NA,NA,0
"2572","6a2482e9af72b55296872b0d",NA,NA,NA,NA,0
"2573","6a2589e7b0645f2f7f1cc52c",NA,NA,NA,NA,0
"2574","6a3607f677860830aca5bdeb",NA,NA,NA,NA,0
"2575","62c5f85ccf34c8d9c0650f6e",NA,NA,NA,NA,0
"2576","65465c5bc5a014ec683d55cf",NA,NA,NA,NA,0
"2577","661c09a749790db73f8faba5",NA,NA,NA,NA,0
"2578","66315563a848526fcfa7555b",NA,NA,NA,NA,0
"2579","665795d82a087799023aaf0e",NA,NA,NA,NA,0
"2580","66da162f5538535e93490441",NA,NA,NA,NA,0
"2581","676956116c1a3416bf7b2afe",NA,NA,NA,NA,0
"2582","695ea002344d7ca1605c747a",NA,NA,NA,NA,0
"2583","6965bd850ce22095dd7a84ca",NA,NA,NA,NA,0
"2584","6978d830c5d415696508430d",NA,NA,NA,NA,0
"2585","697a495862ac67423e8418b8",NA,NA,NA,NA,0
"2586","6980dfb784202dcf9736910f",NA,NA,NA,NA,0
"2587","69864a705614c15728117b35",NA,NA,NA,NA,0
"2588","6987875a0a8fa6ed9ef00726",NA,NA,NA,NA,0
"2589","699b610e2ba4bade6f39121b",NA,NA,NA,NA,0
"2590","699cebf39bc275a312ffd51c",NA,NA,NA,NA,0
"2591","699d45af20adaa6e1e89aa5a",NA,NA,NA,NA,0
"2592","699e3cc79b0d3d96b469ca49",NA,NA,NA,NA,0
"2593","69a0734d1d433d3694c8438f",NA,NA,NA,NA,0
"2594","69a6eb2bc679065ed1cecc51",NA,NA,NA,NA,0
"2595","69a8cff018bead25e4a5d848",NA,NA,NA,NA,0
"2596","69b19e44edf4d70aee145c16",NA,NA,NA,NA,0
"2597","69b3193cce0978ad6db9fe7c",NA,NA,NA,NA,0
"2598","69b5c6bdbcf55371066f5e73",NA,NA,NA,NA,0
"2599","69ba37faee13f176e7635323",NA,NA,NA,NA,0
"2600","69bdf2afe629d42bfc47997f",NA,NA,NA,NA,0
"2601","69c093d33989aa791c4e8b2d",NA,NA,NA,NA,0
"2602","69c1256faa88d6296c98d745",NA,NA,NA,NA,0
"2603","69c2f0033339865c279814ca",NA,NA,NA,NA,0
"2604","69c6ec3a92185003cf70ded5",NA,NA,NA,NA,0
"2605","69cc1fac2b52b1c4dd21cc7d",NA,NA,NA,NA,0
"2606","69cec122e3cb56c2e7000c6b",NA,NA,NA,NA,0
"2607","69d2a8765e19038ab2fc0f56",NA,NA,NA,NA,0
"2608","69d5632f4815bcc4cb7242bf",NA,NA,NA,NA,0
"2609","69d5c4d748bcaf8026c80573",NA,NA,NA,NA,0
"2610","69daf476f6bc0d990581aca6",NA,NA,NA,NA,0
"2611","69dbf4749918745fc7d8e820",NA,NA,NA,NA,0
"2612","69dc76f0a77a620367d666ec",NA,NA,NA,NA,0
"2613","69dfe696c433039b7add8013",NA,NA,NA,NA,0
"2614","69e599577d00fb31c54fb004",NA,NA,NA,NA,0
"2615","69e816058da70eddb5dbc3e1",NA,NA,NA,NA,0
"2616","69e957ad6c65e153a1c65ae2",NA,NA,NA,NA,0
"2617","69ed15278090fe4438301d5c",NA,NA,NA,NA,0
"2618","69efe0b03221edd72686c185",NA,NA,NA,NA,0
"2619","69f0438cc141b27ed949788e",NA,NA,NA,NA,0
"2620","69f3d4f3fb7630947c56f1eb",NA,NA,NA,NA,0
"2621","69f6484996726366cacd162c",NA,NA,NA,NA,0
"2622","69f674db81cb46678aae6391",NA,NA,NA,NA,0
"2623","69f7b962446b32b08d58a1df",NA,NA,NA,NA,0
"2624","69f86a04fe802de5002bb70b",NA,NA,NA,NA,0
"2625","69f8db35f08d6c337883fcb4",NA,NA,NA,NA,0
"2626","69fb3314a5e95601464d1fea",NA,NA,NA,NA,0
"2627","69fb86296fb6f0919bf31075",NA,NA,NA,NA,0
"2628","69fcc8642de981c893eb6958",NA,NA,NA,NA,0
"2629","69fce9e45d612732dd1ae4e2",NA,NA,NA,NA,0
"2630","69fd3605435216c2d93bc72f",NA,NA,NA,NA,0
"2631","6a00b0ca46e3f2822d0349b6",NA,NA,NA,NA,0
"2632","6a00b4c7593a89490830c18c",NA,NA,NA,NA,0
"2633","6a00dbcc626a780a8e5c07a4",NA,NA,NA,NA,0
"2634","6a012d3c523e7311f4e55f61",NA,NA,NA,NA,0
"2635","6a01e843af8198a220b44a18",NA,NA,NA,NA,0
"2636","6a021dc98c730b8d3ce0deca",NA,NA,NA,NA,0
"2637","6a023ad806e8158958e73b75",NA,NA,NA,NA,0
"2638","6a04948f1e40214a25ff2563",NA,NA,NA,NA,0
"2639","6a05131f0ad03d07dd77178e",NA,NA,NA,NA,0
"2640","6a07687bad5809e8867bdffb",NA,NA,NA,NA,0
"2641","6a0a0fd9f370053c3505dc0f",NA,NA,NA,NA,0
"2642","6a0b7296246f70341f078e55",NA,NA,NA,NA,0
"2643","6a0b756dd47d16a4c82f5589",NA,NA,NA,NA,0
"2644","6a0dbb470d44c02c7ec444f0",NA,NA,NA,NA,0
"2645","6a0dfefeb75ae8ac09c192c6",NA,NA,NA,NA,0
"2646","6a0e0a9490e868c044e21936",NA,NA,NA,NA,0
"2647","6a0e2d716e90edf1ea83dce1",NA,NA,NA,NA,0
"2648","6a0f1056788a67850f057de4",NA,NA,NA,NA,0
"2649","6a0fdfd2db4241c9e5eca29a",NA,NA,NA,NA,0
"2650","6a14434573bcee3f17b7f762",NA,NA,NA,NA,0
"2651","6a14c736578656591db6ea31",NA,NA,NA,NA,0
"2652","6a14c84872f3851ab32e8c01",NA,NA,NA,NA,0
"2653","6a14e67cf20909f60e34ae64",NA,NA,NA,NA,0
"2654","6a14ed7d826b3c0b54334269",NA,NA,NA,NA,0
"2655","6a150fcbc5238897c2c9408e",NA,NA,NA,NA,0
"2656","6a1582166cefcdcbed565058",NA,NA,NA,NA,0
"2657","6a15d5fb80117206e7200cf7",NA,NA,NA,NA,0
"2658","6a15dfdb880253e5b6b917f3",NA,NA,NA,NA,0
"2659","6a177f7ec67996448d9c7d41",NA,NA,NA,NA,0
"2660","6a18b37c0157d881234ed29f",NA,NA,NA,NA,0
"2661","6a199661a2f63c5bf9835b2e",NA,NA,NA,NA,0
"2662","6a1a3e6d47ea4b557072cc4d",NA,NA,NA,NA,0
"2663","6a1ae40320c9511f890515f7",NA,NA,NA,NA,0
"2664","6a1b544246f12219f033d3c3",NA,NA,NA,NA,0
"2665","6a1cb95bf369926ac77ea9e5",NA,NA,NA,NA,0
"2666","6a1de36b3f5c6160ff6bf6a4",NA,NA,NA,NA,0
"2667","6a1f0ef7a64d44c972d3a5f7",NA,NA,NA,NA,0
"2668","6a1f832105dd8c89b5e930ad",NA,NA,NA,NA,0
"2669","6a2222ff6e1036656b0d5d08",NA,NA,NA,NA,0
"2670","6a232745f21e165e2b54ed58",NA,NA,NA,NA,0
"2671","6a2482e9af72b55296872b0d",NA,NA,NA,NA,0
"2672","6a2589e7b0645f2f7f1cc52c",NA,NA,NA,NA,0
"2673","6a3607f677860830aca5bdeb",NA,NA,NA,NA,0
"2674","62c5f85ccf34c8d9c0650f6e",NA,NA,NA,NA,0
"2675","65465c5bc5a014ec683d55cf",NA,NA,NA,NA,0
"2676","661c09a749790db73f8faba5",NA,NA,NA,NA,0
"2677","66315563a848526fcfa7555b",NA,NA,NA,NA,0
"2678","665795d82a087799023aaf0e",NA,NA,NA,NA,0
"2679","66da162f5538535e93490441",NA,NA,NA,NA,0
"2680","676956116c1a3416bf7b2afe",NA,NA,NA,NA,0
"2681","695ea002344d7ca1605c747a",NA,NA,NA,NA,0
"2682","6965bd850ce22095dd7a84ca",NA,NA,NA,NA,0
"2683","6978d830c5d415696508430d",NA,NA,NA,NA,0
"2684","697a495862ac67423e8418b8",NA,NA,NA,NA,0
"2685","6980dfb784202dcf9736910f",NA,NA,NA,NA,0
"2686","69864a705614c15728117b35",NA,NA,NA,NA,0
"2687","6987875a0a8fa6ed9ef00726",NA,NA,NA,NA,0
"2688","699b610e2ba4bade6f39121b",NA,NA,NA,NA,0
"2689","699cebf39bc275a312ffd51c",NA,NA,NA,NA,0
"2690","699d45af20adaa6e1e89aa5a",NA,NA,NA,NA,0
"2691","699e3cc79b0d3d96b469ca49",NA,NA,NA,NA,0
"2692","69a0734d1d433d3694c8438f",NA,NA,NA,NA,0
"2693","69a6eb2bc679065ed1cecc51",NA,NA,NA,NA,0
"2694","69a8cff018bead25e4a5d848",NA,NA,NA,NA,0
"2695","69b19e44edf4d70aee145c16",NA,NA,NA,NA,0
"2696","69b3193cce0978ad6db9fe7c",NA,NA,NA,NA,0
"2697","69b5c6bdbcf55371066f5e73",NA,NA,NA,NA,0
"2698","69ba37faee13f176e7635323",NA,NA,NA,NA,0
"2699","69bdf2afe629d42bfc47997f",NA,NA,NA,NA,0
"2700","69c093d33989aa791c4e8b2d",NA,NA,NA,NA,0
"2701","69c1256faa88d6296c98d745",NA,NA,NA,NA,0
"2702","69c2f0033339865c279814ca",NA,NA,NA,NA,0
"2703","69c6ec3a92185003cf70ded5",NA,NA,NA,NA,0
"2704","69cc1fac2b52b1c4dd21cc7d",NA,NA,NA,NA,0
"2705","69cec122e3cb56c2e7000c6b",NA,NA,NA,NA,0
"2706","69d2a8765e19038ab2fc0f56",NA,NA,NA,NA,0
"2707","69d5632f4815bcc4cb7242bf",NA,NA,NA,NA,0
"2708","69d5c4d748bcaf8026c80573",NA,NA,NA,NA,0
"2709","69daf476f6bc0d990581aca6",NA,NA,NA,NA,0
"2710","69dbf4749918745fc7d8e820",NA,NA,NA,NA,0
"2711","69dc76f0a77a620367d666ec",NA,NA,NA,NA,0
"2712","69dfe696c433039b7add8013",NA,NA,NA,NA,0
"2713","69e599577d00fb31c54fb004",NA,NA,NA,NA,0
"2714","69e816058da70eddb5dbc3e1",NA,NA,NA,NA,0
"2715","69e957ad6c65e153a1c65ae2",NA,NA,NA,NA,0
"2716","69ed15278090fe4438301d5c",NA,NA,NA,NA,0
"2717","69efe0b03221edd72686c185",NA,NA,NA,NA,0
"2718","69f0438cc141b27ed949788e",NA,NA,NA,NA,0
"2719","69f3d4f3fb7630947c56f1eb",NA,NA,NA,NA,0
"2720","69f6484996726366cacd162c",NA,NA,NA,NA,0
"2721","69f674db81cb46678aae6391",NA,NA,NA,NA,0
"2722","69f7b962446b32b08d58a1df",NA,NA,NA,NA,0
"2723","69f86a04fe802de5002bb70b",NA,NA,NA,NA,0
"2724","69f8db35f08d6c337883fcb4",NA,NA,NA,NA,0
"2725","69fb3314a5e95601464d1fea",NA,NA,NA,NA,0
"2726","69fb86296fb6f0919bf31075",NA,NA,NA,NA,0
"2727","69fcc8642de981c893eb6958",NA,NA,NA,NA,0
"2728","69fce9e45d612732dd1ae4e2",NA,NA,NA,NA,0
"2729","69fd3605435216c2d93bc72f",NA,NA,NA,NA,0
"2730","6a00b0ca46e3f2822d0349b6",NA,NA,NA,NA,0
"2731","6a00b4c7593a89490830c18c",NA,NA,NA,NA,0
"2732","6a00dbcc626a780a8e5c07a4",NA,NA,NA,NA,0
"2733","6a012d3c523e7311f4e55f61",NA,NA,NA,NA,0
"2734","6a01e843af8198a220b44a18",NA,NA,NA,NA,0
"2735","6a021dc98c730b8d3ce0deca",NA,NA,NA,NA,0
"2736","6a023ad806e8158958e73b75",NA,NA,NA,NA,0
"2737","6a04948f1e40214a25ff2563",NA,NA,NA,NA,0
"2738","6a05131f0ad03d07dd77178e",NA,NA,NA,NA,0
"2739","6a07687bad5809e8867bdffb",NA,NA,NA,NA,0
"2740","6a0a0fd9f370053c3505dc0f",NA,NA,NA,NA,0
"2741","6a0b7296246f70341f078e55",NA,NA,NA,NA,0
"2742","6a0b756dd47d16a4c82f5589",NA,NA,NA,NA,0
"2743","6a0dbb470d44c02c7ec444f0",NA,NA,NA,NA,0
"2744","6a0dfefeb75ae8ac09c192c6",NA,NA,NA,NA,0
"2745","6a0e0a9490e868c044e21936",NA,NA,NA,NA,0
"2746","6a0e2d716e90edf1ea83dce1",NA,NA,NA,NA,0
"2747","6a0f1056788a67850f057de4",NA,NA,NA,NA,0
"2748","6a0fdfd2db4241c9e5eca29a",NA,NA,NA,NA,0
"2749","6a14434573bcee3f17b7f762",NA,NA,NA,NA,0
"2750","6a14c736578656591db6ea31",NA,NA,NA,NA,0
"2751","6a14c84872f3851ab32e8c01",NA,NA,NA,NA,0
"2752","6a14e67cf20909f60e34ae64",NA,NA,NA,NA,0
"2753","6a14ed7d826b3c0b54334269",NA,NA,NA,NA,0
"2754","6a150fcbc5238897c2c9408e",NA,NA,NA,NA,0
"2755","6a1582166cefcdcbed565058",NA,NA,NA,NA,0
"2756","6a15d5fb80117206e7200cf7",NA,NA,NA,NA,0
"2757","6a15dfdb880253e5b6b917f3",NA,NA,NA,NA,0
"2758","6a177f7ec67996448d9c7d41",NA,NA,NA,NA,0
"2759","6a18b37c0157d881234ed29f",NA,NA,NA,NA,0
"2760","6a199661a2f63c5bf9835b2e",NA,NA,NA,NA,0
"2761","6a1a3e6d47ea4b557072cc4d",NA,NA,NA,NA,0
"2762","6a1ae40320c9511f890515f7",NA,NA,NA,NA,0
"2763","6a1b544246f12219f033d3c3",NA,NA,NA,NA,0
"2764","6a1cb95bf369926ac77ea9e5",NA,NA,NA,NA,0
"2765","6a1de36b3f5c6160ff6bf6a4",NA,NA,NA,NA,0
"2766","6a1f0ef7a64d44c972d3a5f7",NA,NA,NA,NA,0
"2767","6a1f832105dd8c89b5e930ad",NA,NA,NA,NA,0
"2768","6a2222ff6e1036656b0d5d08",NA,NA,NA,NA,0
"2769","6a232745f21e165e2b54ed58",NA,NA,NA,NA,0
"2770","6a2482e9af72b55296872b0d",NA,NA,NA,NA,0
"2771","6a2589e7b0645f2f7f1cc52c",NA,NA,NA,NA,0
"2772","6a3607f677860830aca5bdeb",NA,NA,NA,NA,0
"2773","62c5f85ccf34c8d9c0650f6e",NA,NA,NA,NA,0
"2774","65465c5bc5a014ec683d55cf",NA,NA,NA,NA,0
"2775","661c09a749790db73f8faba5",NA,NA,NA,NA,0
"2776","66315563a848526fcfa7555b",NA,NA,NA,NA,0
"2777","665795d82a087799023aaf0e",NA,NA,NA,NA,0
"2778","66da162f5538535e93490441",NA,NA,NA,NA,0
"2779","676956116c1a3416bf7b2afe",NA,NA,NA,NA,0
"2780","695ea002344d7ca1605c747a",NA,NA,NA,NA,0
"2781","6965bd850ce22095dd7a84ca",NA,NA,NA,NA,0
"2782","6978d830c5d415696508430d",NA,NA,NA,NA,0
"2783","697a495862ac67423e8418b8",NA,NA,NA,NA,0
"2784","6980dfb784202dcf9736910f",NA,NA,NA,NA,0
"2785","69864a705614c15728117b35",NA,NA,NA,NA,0
"2786","6987875a0a8fa6ed9ef00726",NA,NA,NA,NA,0
"2787","699b610e2ba4bade6f39121b",NA,NA,NA,NA,0
"2788","699cebf39bc275a312ffd51c",NA,NA,NA,NA,0
"2789","699d45af20adaa6e1e89aa5a",NA,NA,NA,NA,0
"2790","699e3cc79b0d3d96b469ca49",NA,NA,NA,NA,0
"2791","69a0734d1d433d3694c8438f",NA,NA,NA,NA,0
"2792","69a6eb2bc679065ed1cecc51",NA,NA,NA,NA,0
"2793","69a8cff018bead25e4a5d848",NA,NA,NA,NA,0
"2794","69b19e44edf4d70aee145c16",NA,NA,NA,NA,0
"2795","69b3193cce0978ad6db9fe7c",NA,NA,NA,NA,0
"2796","69b5c6bdbcf55371066f5e73",NA,NA,NA,NA,0
"2797","69ba37faee13f176e7635323",NA,NA,NA,NA,0
"2798","69bdf2afe629d42bfc47997f",NA,NA,NA,NA,0
"2799","69c093d33989aa791c4e8b2d",NA,NA,NA,NA,0
"2800","69c1256faa88d6296c98d745",NA,NA,NA,NA,0
"2801","69c2f0033339865c279814ca",NA,NA,NA,NA,0
"2802","69c6ec3a92185003cf70ded5",NA,NA,NA,NA,0
"2803","69cc1fac2b52b1c4dd21cc7d",NA,NA,NA,NA,0
"2804","69cec122e3cb56c2e7000c6b",NA,NA,NA,NA,0
"2805","69d2a8765e19038ab2fc0f56",NA,NA,NA,NA,0
"2806","69d5632f4815bcc4cb7242bf",NA,NA,NA,NA,0
"2807","69d5c4d748bcaf8026c80573",NA,NA,NA,NA,0
"2808","69daf476f6bc0d990581aca6",NA,NA,NA,NA,0
"2809","69dbf4749918745fc7d8e820",NA,NA,NA,NA,0
"2810","69dc76f0a77a620367d666ec",NA,NA,NA,NA,0
"2811","69dfe696c433039b7add8013",NA,NA,NA,NA,0
"2812","69e599577d00fb31c54fb004",NA,NA,NA,NA,0
"2813","69e816058da70eddb5dbc3e1",NA,NA,NA,NA,0
"2814","69e957ad6c65e153a1c65ae2",NA,NA,NA,NA,0
"2815","69ed15278090fe4438301d5c",NA,NA,NA,NA,0
"2816","69efe0b03221edd72686c185",NA,NA,NA,NA,0
"2817","69f0438cc141b27ed949788e",NA,NA,NA,NA,0
"2818","69f3d4f3fb7630947c56f1eb",NA,NA,NA,NA,0
"2819","69f6484996726366cacd162c",NA,NA,NA,NA,0
"2820","69f674db81cb46678aae6391",NA,NA,NA,NA,0
"2821","69f7b962446b32b08d58a1df",NA,NA,NA,NA,0
"2822","69f86a04fe802de5002bb70b",NA,NA,NA,NA,0
"2823","69f8db35f08d6c337883fcb4",NA,NA,NA,NA,0
"2824","69fb3314a5e95601464d1fea",NA,NA,NA,NA,0
"2825","69fb86296fb6f0919bf31075",NA,NA,NA,NA,0
"2826","69fcc8642de981c893eb6958",NA,NA,NA,NA,0
"2827","69fce9e45d612732dd1ae4e2",NA,NA,NA,NA,0
"2828","69fd3605435216c2d93bc72f",NA,NA,NA,NA,0
"2829","6a00b0ca46e3f2822d0349b6",NA,NA,NA,NA,0
"2830","6a00b4c7593a89490830c18c",NA,NA,NA,NA,0
"2831","6a00dbcc626a780a8e5c07a4",NA,NA,NA,NA,0
"2832","6a012d3c523e7311f4e55f61",NA,NA,NA,NA,0
"2833","6a01e843af8198a220b44a18",NA,NA,NA,NA,0
"2834","6a021dc98c730b8d3ce0deca",NA,NA,NA,NA,0
"2835","6a023ad806e8158958e73b75",NA,NA,NA,NA,0
"2836","6a04948f1e40214a25ff2563",NA,NA,NA,NA,0
"2837","6a05131f0ad03d07dd77178e",NA,NA,NA,NA,0
"2838","6a07687bad5809e8867bdffb",NA,NA,NA,NA,0
"2839","6a0a0fd9f370053c3505dc0f",NA,NA,NA,NA,0
"2840","6a0b7296246f70341f078e55",NA,NA,NA,NA,0
"2841","6a0b756dd47d16a4c82f5589",NA,NA,NA,NA,0
"2842","6a0dbb470d44c02c7ec444f0",NA,NA,NA,NA,0
"2843","6a0dfefeb75ae8ac09c192c6",NA,NA,NA,NA,0
"2844","6a0e0a9490e868c044e21936",NA,NA,NA,NA,0
"2845","6a0e2d716e90edf1ea83dce1",NA,NA,NA,NA,0
"2846","6a0f1056788a67850f057de4",NA,NA,NA,NA,0
"2847","6a0fdfd2db4241c9e5eca29a",NA,NA,NA,NA,0
"2848","6a14434573bcee3f17b7f762",NA,NA,NA,NA,0
"2849","6a14c736578656591db6ea31",NA,NA,NA,NA,0
"2850","6a14c84872f3851ab32e8c01",NA,NA,NA,NA,0
"2851","6a14e67cf20909f60e34ae64",NA,NA,NA,NA,0
"2852","6a14ed7d826b3c0b54334269",NA,NA,NA,NA,0
"2853","6a150fcbc5238897c2c9408e",NA,NA,NA,NA,0
"2854","6a1582166cefcdcbed565058",NA,NA,NA,NA,0
"2855","6a15d5fb80117206e7200cf7",NA,NA,NA,NA,0
"2856","6a15dfdb880253e5b6b917f3",NA,NA,NA,NA,0
"2857","6a177f7ec67996448d9c7d41",NA,NA,NA,NA,0
"2858","6a18b37c0157d881234ed29f",NA,NA,NA,NA,0
"2859","6a199661a2f63c5bf9835b2e",NA,NA,NA,NA,0
"2860","6a1a3e6d47ea4b557072cc4d",NA,NA,NA,NA,0
"2861","6a1ae40320c9511f890515f7",NA,NA,NA,NA,0
"2862","6a1b544246f12219f033d3c3",NA,NA,NA,NA,0
"2863","6a1cb95bf369926ac77ea9e5",NA,NA,NA,NA,0
"2864","6a1de36b3f5c6160ff6bf6a4",NA,NA,NA,NA,0
"2865","6a1f0ef7a64d44c972d3a5f7",NA,NA,NA,NA,0
"2866","6a1f832105dd8c89b5e930ad",NA,NA,NA,NA,0
"2867","6a2222ff6e1036656b0d5d08",NA,NA,NA,NA,0
"2868","6a232745f21e165e2b54ed58",NA,NA,NA,NA,0
"2869","6a2482e9af72b55296872b0d",NA,NA,NA,NA,0
"2870","6a2589e7b0645f2f7f1cc52c",NA,NA,NA,NA,0
"2871","6a3607f677860830aca5bdeb",NA,NA,NA,NA,0
"2872","62c5f85ccf34c8d9c0650f6e",NA,NA,NA,NA,0
"2873","65465c5bc5a014ec683d55cf",NA,NA,NA,NA,0
"2874","661c09a749790db73f8faba5",NA,NA,NA,NA,0
"2875","66315563a848526fcfa7555b",NA,NA,NA,NA,0
"2876","665795d82a087799023aaf0e",NA,NA,NA,NA,0
"2877","66da162f5538535e93490441",NA,NA,NA,NA,0
"2878","676956116c1a3416bf7b2afe",NA,NA,NA,NA,0
"2879","695ea002344d7ca1605c747a",NA,NA,NA,NA,0
"2880","6965bd850ce22095dd7a84ca",NA,NA,NA,NA,0
"2881","6978d830c5d415696508430d",NA,NA,NA,NA,0
"2882","697a495862ac67423e8418b8",NA,NA,NA,NA,0
"2883","6980dfb784202dcf9736910f",NA,NA,NA,NA,0
"2884","69864a705614c15728117b35",NA,NA,NA,NA,0
"2885","6987875a0a8fa6ed9ef00726",NA,NA,NA,NA,0
"2886","699b610e2ba4bade6f39121b",NA,NA,NA,NA,0
"2887","699cebf39bc275a312ffd51c",NA,NA,NA,NA,0
"2888","699d45af20adaa6e1e89aa5a",NA,NA,NA,NA,0
"2889","699e3cc79b0d3d96b469ca49",NA,NA,NA,NA,0
"2890","69a0734d1d433d3694c8438f",NA,NA,NA,NA,0
"2891","69a6eb2bc679065ed1cecc51",NA,NA,NA,NA,0
"2892","69a8cff018bead25e4a5d848",NA,NA,NA,NA,0
"2893","69b19e44edf4d70aee145c16",NA,NA,NA,NA,0
"2894","69b3193cce0978ad6db9fe7c",NA,NA,NA,NA,0
"2895","69b5c6bdbcf55371066f5e73",NA,NA,NA,NA,0
"2896","69ba37faee13f176e7635323",NA,NA,NA,NA,0
"2897","69bdf2afe629d42bfc47997f",NA,NA,NA,NA,0
"2898","69c093d33989aa791c4e8b2d",NA,NA,NA,NA,0
"2899","69c1256faa88d6296c98d745",NA,NA,NA,NA,0
"2900","69c2f0033339865c279814ca",NA,NA,NA,NA,0
"2901","69c6ec3a92185003cf70ded5",NA,NA,NA,NA,0
"2902","69cc1fac2b52b1c4dd21cc7d",NA,NA,NA,NA,0
"2903","69cec122e3cb56c2e7000c6b",NA,NA,NA,NA,0
"2904","69d2a8765e19038ab2fc0f56",NA,NA,NA,NA,0
"2905","69d5632f4815bcc4cb7242bf",NA,NA,NA,NA,0
"2906","69d5c4d748bcaf8026c80573",NA,NA,NA,NA,0
"2907","69daf476f6bc0d990581aca6",NA,NA,NA,NA,0
"2908","69dbf4749918745fc7d8e820",NA,NA,NA,NA,0
"2909","69dc76f0a77a620367d666ec",NA,NA,NA,NA,0
"2910","69dfe696c433039b7add8013",NA,NA,NA,NA,0
"2911","69e599577d00fb31c54fb004",NA,NA,NA,NA,0
"2912","69e816058da70eddb5dbc3e1",NA,NA,NA,NA,0
"2913","69e957ad6c65e153a1c65ae2",NA,NA,NA,NA,0
"2914","69ed15278090fe4438301d5c",NA,NA,NA,NA,0
"2915","69efe0b03221edd72686c185",NA,NA,NA,NA,0
"2916","69f0438cc141b27ed949788e",NA,NA,NA,NA,0
"2917","69f3d4f3fb7630947c56f1eb",NA,NA,NA,NA,0
"2918","69f6484996726366cacd162c",NA,NA,NA,NA,0
"2919","69f674db81cb46678aae6391",NA,NA,NA,NA,0
"2920","69f7b962446b32b08d58a1df",NA,NA,NA,NA,0
"2921","69f86a04fe802de5002bb70b",NA,NA,NA,NA,0
"2922","69f8db35f08d6c337883fcb4",NA,NA,NA,NA,0
"2923","69fb3314a5e95601464d1fea",NA,NA,NA,NA,0
"2924","69fb86296fb6f0919bf31075",NA,NA,NA,NA,0
"2925","69fcc8642de981c893eb6958",NA,NA,NA,NA,0
"2926","69fce9e45d612732dd1ae4e2",NA,NA,NA,NA,0
"2927","69fd3605435216c2d93bc72f",NA,NA,NA,NA,0
"2928","6a00b0ca46e3f2822d0349b6",NA,NA,NA,NA,0
"2929","6a00b4c7593a89490830c18c",NA,NA,NA,NA,0
"2930","6a00dbcc626a780a8e5c07a4",NA,NA,NA,NA,0
"2931","6a012d3c523e7311f4e55f61",NA,NA,NA,NA,0
"2932","6a01e843af8198a220b44a18",NA,NA,NA,NA,0
"2933","6a021dc98c730b8d3ce0deca",NA,NA,NA,NA,0
"2934","6a023ad806e8158958e73b75",NA,NA,NA,NA,0
"2935","6a04948f1e40214a25ff2563",NA,NA,NA,NA,0
"2936","6a05131f0ad03d07dd77178e",NA,NA,NA,NA,0
"2937","6a07687bad5809e8867bdffb",NA,NA,NA,NA,0
"2938","6a0a0fd9f370053c3505dc0f",NA,NA,NA,NA,0
"2939","6a0b7296246f70341f078e55",NA,NA,NA,NA,0
"2940","6a0b756dd47d16a4c82f5589",NA,NA,NA,NA,0
"2941","6a0dbb470d44c02c7ec444f0",NA,NA,NA,NA,0
"2942","6a0dfefeb75ae8ac09c192c6",NA,NA,NA,NA,0
"2943","6a0e0a9490e868c044e21936",NA,NA,NA,NA,0
"2944","6a0e2d716e90edf1ea83dce1",NA,NA,NA,NA,0
"2945","6a0f1056788a67850f057de4",NA,NA,NA,NA,0
"2946","6a0fdfd2db4241c9e5eca29a",NA,NA,NA,NA,0
"2947","6a14434573bcee3f17b7f762",NA,NA,NA,NA,0
"2948","6a14c736578656591db6ea31",NA,NA,NA,NA,0
"2949","6a14c84872f3851ab32e8c01",NA,NA,NA,NA,0
"2950","6a14e67cf20909f60e34ae64",NA,NA,NA,NA,0
"2951","6a14ed7d826b3c0b54334269",NA,NA,NA,NA,0
"2952","6a150fcbc5238897c2c9408e",NA,NA,NA,NA,0
"2953","6a1582166cefcdcbed565058",NA,NA,NA,NA,0
"2954","6a15d5fb80117206e7200cf7",NA,NA,NA,NA,0
"2955","6a15dfdb880253e5b6b917f3",NA,NA,NA,NA,0
"2956","6a177f7ec67996448d9c7d41",NA,NA,NA,NA,0
"2957","6a18b37c0157d881234ed29f",NA,NA,NA,NA,0
"2958","6a199661a2f63c5bf9835b2e",NA,NA,NA,NA,0
"2959","6a1a3e6d47ea4b557072cc4d",NA,NA,NA,NA,0
"2960","6a1ae40320c9511f890515f7",NA,NA,NA,NA,0
"2961","6a1b544246f12219f033d3c3",NA,NA,NA,NA,0
"2962","6a1cb95bf369926ac77ea9e5",NA,NA,NA,NA,0
"2963","6a1de36b3f5c6160ff6bf6a4",NA,NA,NA,NA,0
"2964","6a1f0ef7a64d44c972d3a5f7",NA,NA,NA,NA,0
"2965","6a1f832105dd8c89b5e930ad",NA,NA,NA,NA,0
"2966","6a2222ff6e1036656b0d5d08",NA,NA,NA,NA,0
"2967","6a232745f21e165e2b54ed58",NA,NA,NA,NA,0
"2968","6a2482e9af72b55296872b0d",NA,NA,NA,NA,0
"2969","6a2589e7b0645f2f7f1cc52c",NA,NA,NA,NA,0
"2970","6a3607f677860830aca5bdeb",NA,NA,NA,NA,0
"2971","62c5f85ccf34c8d9c0650f6e",NA,NA,NA,NA,0
"2972","65465c5bc5a014ec683d55cf",NA,NA,NA,NA,0
"2973","661c09a749790db73f8faba5",NA,NA,NA,NA,0
"2974","66315563a848526fcfa7555b",NA,NA,NA,NA,0
"2975","665795d82a087799023aaf0e",NA,NA,NA,NA,0
"2976","66da162f5538535e93490441",NA,NA,NA,NA,0
"2977","676956116c1a3416bf7b2afe",NA,NA,NA,NA,0
"2978","695ea002344d7ca1605c747a",NA,NA,NA,NA,0
"2979","6965bd850ce22095dd7a84ca",NA,NA,NA,NA,0
"2980","6978d830c5d415696508430d",NA,NA,NA,NA,0
"2981","697a495862ac67423e8418b8",NA,NA,NA,NA,0
"2982","6980dfb784202dcf9736910f",NA,NA,NA,NA,0
"2983","69864a705614c15728117b35",NA,NA,NA,NA,0
"2984","6987875a0a8fa6ed9ef00726",NA,NA,NA,NA,0
"2985","699b610e2ba4bade6f39121b",NA,NA,NA,NA,0
"2986","699cebf39bc275a312ffd51c",NA,NA,NA,NA,0
"2987","699d45af20adaa6e1e89aa5a",NA,NA,NA,NA,0
"2988","699e3cc79b0d3d96b469ca49",NA,NA,NA,NA,0
"2989","69a0734d1d433d3694c8438f",NA,NA,NA,NA,0
"2990","69a6eb2bc679065ed1cecc51",NA,NA,NA,NA,0
"2991","69a8cff018bead25e4a5d848",NA,NA,NA,NA,0
"2992","69b19e44edf4d70aee145c16",NA,NA,NA,NA,0
"2993","69b3193cce0978ad6db9fe7c",NA,NA,NA,NA,0
"2994","69b5c6bdbcf55371066f5e73",NA,NA,NA,NA,0
"2995","69ba37faee13f176e7635323",NA,NA,NA,NA,0
"2996","69bdf2afe629d42bfc47997f",NA,NA,NA,NA,0
"2997","69c093d33989aa791c4e8b2d",NA,NA,NA,NA,0
"2998","69c1256faa88d6296c98d745",NA,NA,NA,NA,0
"2999","69c2f0033339865c279814ca",NA,NA,NA,NA,0
"3000","69c6ec3a92185003cf70ded5",NA,NA,NA,NA,0
"3001","69cc1fac2b52b1c4dd21cc7d",NA,NA,NA,NA,0
"3002","69cec122e3cb56c2e7000c6b",NA,NA,NA,NA,0
"3003","69d2a8765e19038ab2fc0f56",NA,NA,NA,NA,0
"3004","69d5632f4815bcc4cb7242bf",NA,NA,NA,NA,0
"3005","69d5c4d748bcaf8026c80573",NA,NA,NA,NA,0
"3006","69daf476f6bc0d990581aca6",NA,NA,NA,NA,0
"3007","69dbf4749918745fc7d8e820",NA,NA,NA,NA,0
"3008","69dc76f0a77a620367d666ec",NA,NA,NA,NA,0
"3009","69dfe696c433039b7add8013",NA,NA,NA,NA,0
"3010","69e599577d00fb31c54fb004",NA,NA,NA,NA,0
"3011","69e816058da70eddb5dbc3e1",NA,NA,NA,NA,0
"3012","69e957ad6c65e153a1c65ae2",NA,NA,NA,NA,0
"3013","69ed15278090fe4438301d5c",NA,NA,NA,NA,0
"3014","69efe0b03221edd72686c185",NA,NA,NA,NA,0
"3015","69f0438cc141b27ed949788e",NA,NA,NA,NA,0
"3016","69f3d4f3fb7630947c56f1eb",NA,NA,NA,NA,0
"3017","69f6484996726366cacd162c",NA,NA,NA,NA,0
"3018","69f674db81cb46678aae6391",NA,NA,NA,NA,0
"3019","69f7b962446b32b08d58a1df",NA,NA,NA,NA,0
"3020","69f86a04fe802de5002bb70b",NA,NA,NA,NA,0
"3021","69f8db35f08d6c337883fcb4",NA,NA,NA,NA,0
"3022","69fb3314a5e95601464d1fea",NA,NA,NA,NA,0
"3023","69fb86296fb6f0919bf31075",NA,NA,NA,NA,0
"3024","69fcc8642de981c893eb6958",NA,NA,NA,NA,0
"3025","69fce9e45d612732dd1ae4e2",NA,NA,NA,NA,0
"3026","69fd3605435216c2d93bc72f",NA,NA,NA,NA,0
"3027","6a00b0ca46e3f2822d0349b6",NA,NA,NA,NA,0
"3028","6a00b4c7593a89490830c18c",NA,NA,NA,NA,0
"3029","6a00dbcc626a780a8e5c07a4",NA,NA,NA,NA,0
"3030","6a012d3c523e7311f4e55f61",NA,NA,NA,NA,0
"3031","6a01e843af8198a220b44a18",NA,NA,NA,NA,0
"3032","6a021dc98c730b8d3ce0deca",NA,NA,NA,NA,0
"3033","6a023ad806e8158958e73b75",NA,NA,NA,NA,0
"3034","6a04948f1e40214a25ff2563",NA,NA,NA,NA,0
"3035","6a05131f0ad03d07dd77178e",NA,NA,NA,NA,0
"3036","6a07687bad5809e8867bdffb",NA,NA,NA,NA,0
"3037","6a0a0fd9f370053c3505dc0f",NA,NA,NA,NA,0
"3038","6a0b7296246f70341f078e55",NA,NA,NA,NA,0
"3039","6a0b756dd47d16a4c82f5589",NA,NA,NA,NA,0
"3040","6a0dbb470d44c02c7ec444f0",NA,NA,NA,NA,0
"3041","6a0dfefeb75ae8ac09c192c6",NA,NA,NA,NA,0
"3042","6a0e0a9490e868c044e21936",NA,NA,NA,NA,0
"3043","6a0e2d716e90edf1ea83dce1",NA,NA,NA,NA,0
"3044","6a0f1056788a67850f057de4",NA,NA,NA,NA,0
"3045","6a0fdfd2db4241c9e5eca29a",NA,NA,NA,NA,0
"3046","6a14434573bcee3f17b7f762",NA,NA,NA,NA,0
"3047","6a14c736578656591db6ea31",NA,NA,NA,NA,0
"3048","6a14c84872f3851ab32e8c01",NA,NA,NA,NA,0
"3049","6a14e67cf20909f60e34ae64",NA,NA,NA,NA,0
"3050","6a14ed7d826b3c0b54334269",NA,NA,NA,NA,0
"3051","6a150fcbc5238897c2c9408e",NA,NA,NA,NA,0
"3052","6a1582166cefcdcbed565058",NA,NA,NA,NA,0
"3053","6a15d5fb80117206e7200cf7",NA,NA,NA,NA,0
"3054","6a15dfdb880253e5b6b917f3",NA,NA,NA,NA,0
"3055","6a177f7ec67996448d9c7d41",NA,NA,NA,NA,0
"3056","6a18b37c0157d881234ed29f",NA,NA,NA,NA,0
"3057","6a199661a2f63c5bf9835b2e",NA,NA,NA,NA,0
"3058","6a1a3e6d47ea4b557072cc4d",NA,NA,NA,NA,0
"3059","6a1ae40320c9511f890515f7",NA,NA,NA,NA,0
"3060","6a1b544246f12219f033d3c3",NA,NA,NA,NA,0
"3061","6a1cb95bf369926ac77ea9e5",NA,NA,NA,NA,0
"3062","6a1de36b3f5c6160ff6bf6a4",NA,NA,NA,NA,0
"3063","6a1f0ef7a64d44c972d3a5f7",NA,NA,NA,NA,0
"3064","6a1f832105dd8c89b5e930ad",NA,NA,NA,NA,0
"3065","6a2222ff6e1036656b0d5d08",NA,NA,NA,NA,0
"3066","6a232745f21e165e2b54ed58",NA,NA,NA,NA,0
"3067","6a2482e9af72b55296872b0d",NA,NA,NA,NA,0
"3068","6a2589e7b0645f2f7f1cc52c",NA,NA,NA,NA,0
"3069","6a3607f677860830aca5bdeb",NA,NA,NA,NA,0
"3070","62c5f85ccf34c8d9c0650f6e",NA,NA,NA,NA,0
"3071","65465c5bc5a014ec683d55cf",NA,NA,NA,NA,0
"3072","661c09a749790db73f8faba5",NA,NA,NA,NA,0
"3073","66315563a848526fcfa7555b",NA,NA,NA,NA,0
"3074","665795d82a087799023aaf0e",NA,NA,NA,NA,0
"3075","66da162f5538535e93490441",NA,NA,NA,NA,0
"3076","676956116c1a3416bf7b2afe",NA,NA,NA,NA,0
"3077","695ea002344d7ca1605c747a",NA,NA,NA,NA,0
"3078","6965bd850ce22095dd7a84ca",NA,NA,NA,NA,0
"3079","6978d830c5d415696508430d",NA,NA,NA,NA,0
"3080","697a495862ac67423e8418b8",NA,NA,NA,NA,0
"3081","6980dfb784202dcf9736910f",NA,NA,NA,NA,0
"3082","69864a705614c15728117b35",NA,NA,NA,NA,0
"3083","6987875a0a8fa6ed9ef00726",NA,NA,NA,NA,0
"3084","699b610e2ba4bade6f39121b",NA,NA,NA,NA,0
"3085","699cebf39bc275a312ffd51c",NA,NA,NA,NA,0
"3086","699d45af20adaa6e1e89aa5a",NA,NA,NA,NA,0
"3087","699e3cc79b0d3d96b469ca49",NA,NA,NA,NA,0
"3088","69a0734d1d433d3694c8438f",NA,NA,NA,NA,0
"3089","69a6eb2bc679065ed1cecc51",NA,NA,NA,NA,0
"3090","69a8cff018bead25e4a5d848",NA,NA,NA,NA,0
"3091","69b19e44edf4d70aee145c16",NA,NA,NA,NA,0
"3092","69b3193cce0978ad6db9fe7c",NA,NA,NA,NA,0
"3093","69b5c6bdbcf55371066f5e73",NA,NA,NA,NA,0
"3094","69ba37faee13f176e7635323",NA,NA,NA,NA,0
"3095","69bdf2afe629d42bfc47997f",NA,NA,NA,NA,0
"3096","69c093d33989aa791c4e8b2d",NA,NA,NA,NA,0
"3097","69c1256faa88d6296c98d745",NA,NA,NA,NA,0
"3098","69c2f0033339865c279814ca",NA,NA,NA,NA,0
"3099","69c6ec3a92185003cf70ded5",NA,NA,NA,NA,0
"3100","69cc1fac2b52b1c4dd21cc7d",NA,NA,NA,NA,0
"3101","69cec122e3cb56c2e7000c6b",NA,NA,NA,NA,0
"3102","69d2a8765e19038ab2fc0f56",NA,NA,NA,NA,0
"3103","69d5632f4815bcc4cb7242bf",NA,NA,NA,NA,0
"3104","69d5c4d748bcaf8026c80573",NA,NA,NA,NA,0
"3105","69daf476f6bc0d990581aca6",NA,NA,NA,NA,0
"3106","69dbf4749918745fc7d8e820",NA,NA,NA,NA,0
"3107","69dc76f0a77a620367d666ec",NA,NA,NA,NA,0
"3108","69dfe696c433039b7add8013",NA,NA,NA,NA,0
"3109","69e599577d00fb31c54fb004",NA,NA,NA,NA,0
"3110","69e816058da70eddb5dbc3e1",NA,NA,NA,NA,0
"3111","69e957ad6c65e153a1c65ae2",NA,NA,NA,NA,0
"3112","69ed15278090fe4438301d5c",NA,NA,NA,NA,0
"3113","69efe0b03221edd72686c185",NA,NA,NA,NA,0
"3114","69f0438cc141b27ed949788e",NA,NA,NA,NA,0
"3115","69f3d4f3fb7630947c56f1eb",NA,NA,NA,NA,0
"3116","69f6484996726366cacd162c",NA,NA,NA,NA,0
"3117","69f674db81cb46678aae6391",NA,NA,NA,NA,0
"3118","69f7b962446b32b08d58a1df",NA,NA,NA,NA,0
"3119","69f86a04fe802de5002bb70b",NA,NA,NA,NA,0
"3120","69f8db35f08d6c337883fcb4",NA,NA,NA,NA,0
"3121","69fb3314a5e95601464d1fea",NA,NA,NA,NA,0
"3122","69fb86296fb6f0919bf31075",NA,NA,NA,NA,0
"3123","69fcc8642de981c893eb6958",NA,NA,NA,NA,0
"3124","69fce9e45d612732dd1ae4e2",NA,NA,NA,NA,0
"3125","69fd3605435216c2d93bc72f",NA,NA,NA,NA,0
"3126","6a00b0ca46e3f2822d0349b6",NA,NA,NA,NA,0
"3127","6a00b4c7593a89490830c18c",NA,NA,NA,NA,0
"3128","6a00dbcc626a780a8e5c07a4",NA,NA,NA,NA,0
"3129","6a012d3c523e7311f4e55f61",NA,NA,NA,NA,0
"3130","6a01e843af8198a220b44a18",NA,NA,NA,NA,0
"3131","6a021dc98c730b8d3ce0deca",NA,NA,NA,NA,0
"3132","6a023ad806e8158958e73b75",NA,NA,NA,NA,0
"3133","6a04948f1e40214a25ff2563",NA,NA,NA,NA,0
"3134","6a05131f0ad03d07dd77178e",NA,NA,NA,NA,0
"3135","6a07687bad5809e8867bdffb",NA,NA,NA,NA,0
"3136","6a0a0fd9f370053c3505dc0f",NA,NA,NA,NA,0
"3137","6a0b7296246f70341f078e55",NA,NA,NA,NA,0
"3138","6a0b756dd47d16a4c82f5589",NA,NA,NA,NA,0
"3139","6a0dbb470d44c02c7ec444f0",NA,NA,NA,NA,0
"3140","6a0dfefeb75ae8ac09c192c6",NA,NA,NA,NA,0
"3141","6a0e0a9490e868c044e21936",NA,NA,NA,NA,0
"3142","6a0e2d716e90edf1ea83dce1",NA,NA,NA,NA,0
"3143","6a0f1056788a67850f057de4",NA,NA,NA,NA,0
"3144","6a0fdfd2db4241c9e5eca29a",NA,NA,NA,NA,0
"3145","6a14434573bcee3f17b7f762",NA,NA,NA,NA,0
"3146","6a14c736578656591db6ea31",NA,NA,NA,NA,0
"3147","6a14c84872f3851ab32e8c01",NA,NA,NA,NA,0
"3148","6a14e67cf20909f60e34ae64",NA,NA,NA,NA,0
"3149","6a14ed7d826b3c0b54334269",NA,NA,NA,NA,0
"3150","6a150fcbc5238897c2c9408e",NA,NA,NA,NA,0
"3151","6a1582166cefcdcbed565058",NA,NA,NA,NA,0
"3152","6a15d5fb80117206e7200cf7",NA,NA,NA,NA,0
"3153","6a15dfdb880253e5b6b917f3",NA,NA,NA,NA,0
"3154","6a177f7ec67996448d9c7d41",NA,NA,NA,NA,0
"3155","6a18b37c0157d881234ed29f",NA,NA,NA,NA,0
"3156","6a199661a2f63c5bf9835b2e",NA,NA,NA,NA,0
"3157","6a1a3e6d47ea4b557072cc4d",NA,NA,NA,NA,0
"3158","6a1ae40320c9511f890515f7",NA,NA,NA,NA,0
"3159","6a1b544246f12219f033d3c3",NA,NA,NA,NA,0
"3160","6a1cb95bf369926ac77ea9e5",NA,NA,NA,NA,0
"3161","6a1de36b3f5c6160ff6bf6a4",NA,NA,NA,NA,0
"3162","6a1f0ef7a64d44c972d3a5f7",NA,NA,NA,NA,0
"3163","6a1f832105dd8c89b5e930ad",NA,NA,NA,NA,0
"3164","6a2222ff6e1036656b0d5d08",NA,NA,NA,NA,0
"3165","6a232745f21e165e2b54ed58",NA,NA,NA,NA,0
"3166","6a2482e9af72b55296872b0d",NA,NA,NA,NA,0
"3167","6a2589e7b0645f2f7f1cc52c",NA,NA,NA,NA,0
"3168","6a3607f677860830aca5bdeb",NA,NA,NA,NA,0
"3169","62c5f85ccf34c8d9c0650f6e",NA,NA,NA,NA,0
"3170","65465c5bc5a014ec683d55cf",NA,NA,NA,NA,0
"3171","661c09a749790db73f8faba5",NA,NA,NA,NA,0
"3172","66315563a848526fcfa7555b",NA,NA,NA,NA,0
"3173","665795d82a087799023aaf0e",NA,NA,NA,NA,0
"3174","66da162f5538535e93490441",NA,NA,NA,NA,0
"3175","676956116c1a3416bf7b2afe",NA,NA,NA,NA,0
"3176","695ea002344d7ca1605c747a",NA,NA,NA,NA,0
"3177","6965bd850ce22095dd7a84ca",NA,NA,NA,NA,0
"3178","6978d830c5d415696508430d",NA,NA,NA,NA,0
"3179","697a495862ac67423e8418b8",NA,NA,NA,NA,0
"3180","6980dfb784202dcf9736910f",NA,NA,NA,NA,0
"3181","69864a705614c15728117b35",NA,NA,NA,NA,0
"3182","6987875a0a8fa6ed9ef00726",NA,NA,NA,NA,0
"3183","699b610e2ba4bade6f39121b",NA,NA,NA,NA,0
"3184","699cebf39bc275a312ffd51c",NA,NA,NA,NA,0
"3185","699d45af20adaa6e1e89aa5a",NA,NA,NA,NA,0
"3186","699e3cc79b0d3d96b469ca49",NA,NA,NA,NA,0
"3187","69a0734d1d433d3694c8438f",NA,NA,NA,NA,0
"3188","69a6eb2bc679065ed1cecc51",NA,NA,NA,NA,0
"3189","69a8cff018bead25e4a5d848",NA,NA,NA,NA,0
"3190","69b19e44edf4d70aee145c16",NA,NA,NA,NA,0
"3191","69b3193cce0978ad6db9fe7c",NA,NA,NA,NA,0
"3192","69b5c6bdbcf55371066f5e73",NA,NA,NA,NA,0
"3193","69ba37faee13f176e7635323",NA,NA,NA,NA,0
"3194","69bdf2afe629d42bfc47997f",NA,NA,NA,NA,0
"3195","69c093d33989aa791c4e8b2d",NA,NA,NA,NA,0
"3196","69c1256faa88d6296c98d745",NA,NA,NA,NA,0
"3197","69c2f0033339865c279814ca",NA,NA,NA,NA,0
"3198","69c6ec3a92185003cf70ded5",NA,NA,NA,NA,0
"3199","69cc1fac2b52b1c4dd21cc7d",NA,NA,NA,NA,0
"3200","69cec122e3cb56c2e7000c6b",NA,NA,NA,NA,0
"3201","69d2a8765e19038ab2fc0f56",NA,NA,NA,NA,0
"3202","69d5632f4815bcc4cb7242bf",NA,NA,NA,NA,0
"3203","69d5c4d748bcaf8026c80573",NA,NA,NA,NA,0
"3204","69daf476f6bc0d990581aca6",NA,NA,NA,NA,0
"3205","69dbf4749918745fc7d8e820",NA,NA,NA,NA,0
"3206","69dc76f0a77a620367d666ec",NA,NA,NA,NA,0
"3207","69dfe696c433039b7add8013",NA,NA,NA,NA,0
"3208","69e599577d00fb31c54fb004",NA,NA,NA,NA,0
"3209","69e816058da70eddb5dbc3e1",NA,NA,NA,NA,0
"3210","69e957ad6c65e153a1c65ae2",NA,NA,NA,NA,0
"3211","69ed15278090fe4438301d5c",NA,NA,NA,NA,0
"3212","69efe0b03221edd72686c185",NA,NA,NA,NA,0
"3213","69f0438cc141b27ed949788e",NA,NA,NA,NA,0
"3214","69f3d4f3fb7630947c56f1eb",NA,NA,NA,NA,0
"3215","69f6484996726366cacd162c",NA,NA,NA,NA,0
"3216","69f674db81cb46678aae6391",NA,NA,NA,NA,0
"3217","69f7b962446b32b08d58a1df",NA,NA,NA,NA,0
"3218","69f86a04fe802de5002bb70b",NA,NA,NA,NA,0
"3219","69f8db35f08d6c337883fcb4",NA,NA,NA,NA,0
"3220","69fb3314a5e95601464d1fea",NA,NA,NA,NA,0
"3221","69fb86296fb6f0919bf31075",NA,NA,NA,NA,0
"3222","69fcc8642de981c893eb6958",NA,NA,NA,NA,0
"3223","69fce9e45d612732dd1ae4e2",NA,NA,NA,NA,0
"3224","69fd3605435216c2d93bc72f",NA,NA,NA,NA,0
"3225","6a00b0ca46e3f2822d0349b6",NA,NA,NA,NA,0
"3226","6a00b4c7593a89490830c18c",NA,NA,NA,NA,0
"3227","6a00dbcc626a780a8e5c07a4",NA,NA,NA,NA,0
"3228","6a012d3c523e7311f4e55f61",NA,NA,NA,NA,0
"3229","6a01e843af8198a220b44a18",NA,NA,NA,NA,0
"3230","6a021dc98c730b8d3ce0deca",NA,NA,NA,NA,0
"3231","6a023ad806e8158958e73b75",NA,NA,NA,NA,0
"3232","6a04948f1e40214a25ff2563",NA,NA,NA,NA,0
"3233","6a05131f0ad03d07dd77178e",NA,NA,NA,NA,0
"3234","6a07687bad5809e8867bdffb",NA,NA,NA,NA,0
"3235","6a0a0fd9f370053c3505dc0f",NA,NA,NA,NA,0
"3236","6a0b7296246f70341f078e55",NA,NA,NA,NA,0
"3237","6a0b756dd47d16a4c82f5589",NA,NA,NA,NA,0
"3238","6a0dbb470d44c02c7ec444f0",NA,NA,NA,NA,0
"3239","6a0dfefeb75ae8ac09c192c6",NA,NA,NA,NA,0
"3240","6a0e0a9490e868c044e21936",NA,NA,NA,NA,0
"3241","6a0e2d716e90edf1ea83dce1",NA,NA,NA,NA,0
"3242","6a0f1056788a67850f057de4",NA,NA,NA,NA,0
"3243","6a0fdfd2db4241c9e5eca29a",NA,NA,NA,NA,0
"3244","6a14434573bcee3f17b7f762",NA,NA,NA,NA,0
"3245","6a14c736578656591db6ea31",NA,NA,NA,NA,0
"3246","6a14c84872f3851ab32e8c01",NA,NA,NA,NA,0
"3247","6a14e67cf20909f60e34ae64",NA,NA,NA,NA,0
"3248","6a14ed7d826b3c0b54334269",NA,NA,NA,NA,0
"3249","6a150fcbc5238897c2c9408e",NA,NA,NA,NA,0
"3250","6a1582166cefcdcbed565058",NA,NA,NA,NA,0
"3251","6a15d5fb80117206e7200cf7",NA,NA,NA,NA,0
"3252","6a15dfdb880253e5b6b917f3",NA,NA,NA,NA,0
"3253","6a177f7ec67996448d9c7d41",NA,NA,NA,NA,0
"3254","6a18b37c0157d881234ed29f",NA,NA,NA,NA,0
"3255","6a199661a2f63c5bf9835b2e",NA,NA,NA,NA,0
"3256","6a1a3e6d47ea4b557072cc4d",NA,NA,NA,NA,0
"3257","6a1ae40320c9511f890515f7",NA,NA,NA,NA,0
"3258","6a1b544246f12219f033d3c3",NA,NA,NA,NA,0
"3259","6a1cb95bf369926ac77ea9e5",NA,NA,NA,NA,0
"3260","6a1de36b3f5c6160ff6bf6a4",NA,NA,NA,NA,0
"3261","6a1f0ef7a64d44c972d3a5f7",NA,NA,NA,NA,0
"3262","6a1f832105dd8c89b5e930ad",NA,NA,NA,NA,0
"3263","6a2222ff6e1036656b0d5d08",NA,NA,NA,NA,0
"3264","6a232745f21e165e2b54ed58",NA,NA,NA,NA,0
"3265","6a2482e9af72b55296872b0d",NA,NA,NA,NA,0
"3266","6a2589e7b0645f2f7f1cc52c",NA,NA,NA,NA,0
"3267","6a3607f677860830aca5bdeb",NA,NA,NA,NA,0
"3268","62c5f85ccf34c8d9c0650f6e",NA,NA,NA,NA,0
"3269","65465c5bc5a014ec683d55cf",NA,NA,NA,NA,0
"3270","661c09a749790db73f8faba5",NA,NA,NA,NA,0
"3271","66315563a848526fcfa7555b",NA,NA,NA,NA,0
"3272","665795d82a087799023aaf0e",NA,NA,NA,NA,0
"3273","66da162f5538535e93490441",NA,NA,NA,NA,0
"3274","676956116c1a3416bf7b2afe",NA,NA,NA,NA,0
"3275","695ea002344d7ca1605c747a",NA,NA,NA,NA,0
"3276","6965bd850ce22095dd7a84ca",NA,NA,NA,NA,0
"3277","6978d830c5d415696508430d",NA,NA,NA,NA,0
"3278","697a495862ac67423e8418b8",NA,NA,NA,NA,0
"3279","6980dfb784202dcf9736910f",NA,NA,NA,NA,0
"3280","69864a705614c15728117b35",NA,NA,NA,NA,0
"3281","6987875a0a8fa6ed9ef00726",NA,NA,NA,NA,0
"3282","699b610e2ba4bade6f39121b",NA,NA,NA,NA,0
"3283","699cebf39bc275a312ffd51c",NA,NA,NA,NA,0
"3284","699d45af20adaa6e1e89aa5a",NA,NA,NA,NA,0
"3285","699e3cc79b0d3d96b469ca49",NA,NA,NA,NA,0
"3286","69a0734d1d433d3694c8438f",NA,NA,NA,NA,0
"3287","69a6eb2bc679065ed1cecc51",NA,NA,NA,NA,0
"3288","69a8cff018bead25e4a5d848",NA,NA,NA,NA,0
"3289","69b19e44edf4d70aee145c16",NA,NA,NA,NA,0
"3290","69b3193cce0978ad6db9fe7c",NA,NA,NA,NA,0
"3291","69b5c6bdbcf55371066f5e73",NA,NA,NA,NA,0
"3292","69ba37faee13f176e7635323",NA,NA,NA,NA,0
"3293","69bdf2afe629d42bfc47997f",NA,NA,NA,NA,0
"3294","69c093d33989aa791c4e8b2d",NA,NA,NA,NA,0
"3295","69c1256faa88d6296c98d745",NA,NA,NA,NA,0
"3296","69c2f0033339865c279814ca",NA,NA,NA,NA,0
"3297","69c6ec3a92185003cf70ded5",NA,NA,NA,NA,0
"3298","69cc1fac2b52b1c4dd21cc7d",NA,NA,NA,NA,0
"3299","69cec122e3cb56c2e7000c6b",NA,NA,NA,NA,0
"3300","69d2a8765e19038ab2fc0f56",NA,NA,NA,NA,0
"3301","69d5632f4815bcc4cb7242bf",NA,NA,NA,NA,0
"3302","69d5c4d748bcaf8026c80573",NA,NA,NA,NA,0
"3303","69daf476f6bc0d990581aca6",NA,NA,NA,NA,0
"3304","69dbf4749918745fc7d8e820",NA,NA,NA,NA,0
"3305","69dc76f0a77a620367d666ec",NA,NA,NA,NA,0
"3306","69dfe696c433039b7add8013",NA,NA,NA,NA,0
"3307","69e599577d00fb31c54fb004",NA,NA,NA,NA,0
"3308","69e816058da70eddb5dbc3e1",NA,NA,NA,NA,0
"3309","69e957ad6c65e153a1c65ae2",NA,NA,NA,NA,0
"3310","69ed15278090fe4438301d5c",NA,NA,NA,NA,0
"3311","69efe0b03221edd72686c185",NA,NA,NA,NA,0
"3312","69f0438cc141b27ed949788e",NA,NA,NA,NA,0
"3313","69f3d4f3fb7630947c56f1eb",NA,NA,NA,NA,0
"3314","69f6484996726366cacd162c",NA,NA,NA,NA,0
"3315","69f674db81cb46678aae6391",NA,NA,NA,NA,0
"3316","69f7b962446b32b08d58a1df",NA,NA,NA,NA,0
"3317","69f86a04fe802de5002bb70b",NA,NA,NA,NA,0
"3318","69f8db35f08d6c337883fcb4",NA,NA,NA,NA,0
"3319","69fb3314a5e95601464d1fea",NA,NA,NA,NA,0
"3320","69fb86296fb6f0919bf31075",NA,NA,NA,NA,0
"3321","69fcc8642de981c893eb6958",NA,NA,NA,NA,0
"3322","69fce9e45d612732dd1ae4e2",NA,NA,NA,NA,0
"3323","69fd3605435216c2d93bc72f",NA,NA,NA,NA,0
"3324","6a00b0ca46e3f2822d0349b6",NA,NA,NA,NA,0
"3325","6a00b4c7593a89490830c18c",NA,NA,NA,NA,0
"3326","6a00dbcc626a780a8e5c07a4",NA,NA,NA,NA,0
"3327","6a012d3c523e7311f4e55f61",NA,NA,NA,NA,0
"3328","6a01e843af8198a220b44a18",NA,NA,NA,NA,0
"3329","6a021dc98c730b8d3ce0deca",NA,NA,NA,NA,0
"3330","6a023ad806e8158958e73b75",NA,NA,NA,NA,0
"3331","6a04948f1e40214a25ff2563",NA,NA,NA,NA,0
"3332","6a05131f0ad03d07dd77178e",NA,NA,NA,NA,0
"3333","6a07687bad5809e8867bdffb",NA,NA,NA,NA,0
"3334","6a0a0fd9f370053c3505dc0f",NA,NA,NA,NA,0
"3335","6a0b7296246f70341f078e55",NA,NA,NA,NA,0
"3336","6a0b756dd47d16a4c82f5589",NA,NA,NA,NA,0
"3337","6a0dbb470d44c02c7ec444f0",NA,NA,NA,NA,0
"3338","6a0dfefeb75ae8ac09c192c6",NA,NA,NA,NA,0
"3339","6a0e0a9490e868c044e21936",NA,NA,NA,NA,0
"3340","6a0e2d716e90edf1ea83dce1",NA,NA,NA,NA,0
"3341","6a0f1056788a67850f057de4",NA,NA,NA,NA,0
"3342","6a0fdfd2db4241c9e5eca29a",NA,NA,NA,NA,0
"3343","6a14434573bcee3f17b7f762",NA,NA,NA,NA,0
"3344","6a14c736578656591db6ea31",NA,NA,NA,NA,0
"3345","6a14c84872f3851ab32e8c01",NA,NA,NA,NA,0
"3346","6a14e67cf20909f60e34ae64",NA,NA,NA,NA,0
"3347","6a14ed7d826b3c0b54334269",NA,NA,NA,NA,0
"3348","6a150fcbc5238897c2c9408e",NA,NA,NA,NA,0
"3349","6a1582166cefcdcbed565058",NA,NA,NA,NA,0
"3350","6a15d5fb80117206e7200cf7",NA,NA,NA,NA,0
"3351","6a15dfdb880253e5b6b917f3",NA,NA,NA,NA,0
"3352","6a177f7ec67996448d9c7d41",NA,NA,NA,NA,0
"3353","6a18b37c0157d881234ed29f",NA,NA,NA,NA,0
"3354","6a199661a2f63c5bf9835b2e",NA,NA,NA,NA,0
"3355","6a1a3e6d47ea4b557072cc4d",NA,NA,NA,NA,0
"3356","6a1ae40320c9511f890515f7",NA,NA,NA,NA,0
"3357","6a1b544246f12219f033d3c3",NA,NA,NA,NA,0
"3358","6a1cb95bf369926ac77ea9e5",NA,NA,NA,NA,0
"3359","6a1de36b3f5c6160ff6bf6a4",NA,NA,NA,NA,0
"3360","6a1f0ef7a64d44c972d3a5f7",NA,NA,NA,NA,0
"3361","6a1f832105dd8c89b5e930ad",NA,NA,NA,NA,0
"3362","6a2222ff6e1036656b0d5d08",NA,NA,NA,NA,0
"3363","6a232745f21e165e2b54ed58",NA,NA,NA,NA,0
"3364","6a2482e9af72b55296872b0d",NA,NA,NA,NA,0
"3365","6a2589e7b0645f2f7f1cc52c",NA,NA,NA,NA,0
"3366","6a3607f677860830aca5bdeb",NA,NA,NA,NA,0
"3367","62c5f85ccf34c8d9c0650f6e",NA,NA,NA,NA,0
"3368","65465c5bc5a014ec683d55cf",NA,NA,NA,NA,0
"3369","661c09a749790db73f8faba5",NA,NA,NA,NA,0
"3370","66315563a848526fcfa7555b",NA,NA,NA,NA,0
"3371","665795d82a087799023aaf0e",NA,NA,NA,NA,0
"3372","66da162f5538535e93490441",NA,NA,NA,NA,0
"3373","676956116c1a3416bf7b2afe",NA,NA,NA,NA,0
"3374","695ea002344d7ca1605c747a",NA,NA,NA,NA,0
"3375","6965bd850ce22095dd7a84ca",NA,NA,NA,NA,0
"3376","6978d830c5d415696508430d",NA,NA,NA,NA,0
"3377","697a495862ac67423e8418b8",NA,NA,NA,NA,0
"3378","6980dfb784202dcf9736910f",NA,NA,NA,NA,0
"3379","69864a705614c15728117b35",NA,NA,NA,NA,0
"3380","6987875a0a8fa6ed9ef00726",NA,NA,NA,NA,0
"3381","699b610e2ba4bade6f39121b",NA,NA,NA,NA,0
"3382","699cebf39bc275a312ffd51c",NA,NA,NA,NA,0
"3383","699d45af20adaa6e1e89aa5a",NA,NA,NA,NA,0
"3384","699e3cc79b0d3d96b469ca49",NA,NA,NA,NA,0
"3385","69a0734d1d433d3694c8438f",NA,NA,NA,NA,0
"3386","69a6eb2bc679065ed1cecc51",NA,NA,NA,NA,0
"3387","69a8cff018bead25e4a5d848",NA,NA,NA,NA,0
"3388","69b19e44edf4d70aee145c16",NA,NA,NA,NA,0
"3389","69b3193cce0978ad6db9fe7c",NA,NA,NA,NA,0
"3390","69b5c6bdbcf55371066f5e73",NA,NA,NA,NA,0
"3391","69ba37faee13f176e7635323",NA,NA,NA,NA,0
"3392","69bdf2afe629d42bfc47997f",NA,NA,NA,NA,0
"3393","69c093d33989aa791c4e8b2d",NA,NA,NA,NA,0
"3394","69c1256faa88d6296c98d745",NA,NA,NA,NA,0
"3395","69c2f0033339865c279814ca",NA,NA,NA,NA,0
"3396","69c6ec3a92185003cf70ded5",NA,NA,NA,NA,0
"3397","69cc1fac2b52b1c4dd21cc7d",NA,NA,NA,NA,0
"3398","69cec122e3cb56c2e7000c6b",NA,NA,NA,NA,0
"3399","69d2a8765e19038ab2fc0f56",NA,NA,NA,NA,0
"3400","69d5632f4815bcc4cb7242bf",NA,NA,NA,NA,0
"3401","69d5c4d748bcaf8026c80573",NA,NA,NA,NA,0
"3402","69daf476f6bc0d990581aca6",NA,NA,NA,NA,0
"3403","69dbf4749918745fc7d8e820",NA,NA,NA,NA,0
"3404","69dc76f0a77a620367d666ec",NA,NA,NA,NA,0
"3405","69dfe696c433039b7add8013",NA,NA,NA,NA,0
"3406","69e599577d00fb31c54fb004",NA,NA,NA,NA,0
"3407","69e816058da70eddb5dbc3e1",NA,NA,NA,NA,0
"3408","69e957ad6c65e153a1c65ae2",NA,NA,NA,NA,0
"3409","69ed15278090fe4438301d5c",NA,NA,NA,NA,0
"3410","69efe0b03221edd72686c185",NA,NA,NA,NA,0
"3411","69f0438cc141b27ed949788e",NA,NA,NA,NA,0
"3412","69f3d4f3fb7630947c56f1eb",NA,NA,NA,NA,0
"3413","69f6484996726366cacd162c",NA,NA,NA,NA,0
"3414","69f674db81cb46678aae6391",NA,NA,NA,NA,0
"3415","69f7b962446b32b08d58a1df",NA,NA,NA,NA,0
"3416","69f86a04fe802de5002bb70b",NA,NA,NA,NA,0
"3417","69f8db35f08d6c337883fcb4",NA,NA,NA,NA,0
"3418","69fb3314a5e95601464d1fea",NA,NA,NA,NA,0
"3419","69fb86296fb6f0919bf31075",NA,NA,NA,NA,0
"3420","69fcc8642de981c893eb6958",NA,NA,NA,NA,0
"3421","69fce9e45d612732dd1ae4e2",NA,NA,NA,NA,0
"3422","69fd3605435216c2d93bc72f",NA,NA,NA,NA,0
"3423","6a00b0ca46e3f2822d0349b6",NA,NA,NA,NA,0
"3424","6a00b4c7593a89490830c18c",NA,NA,NA,NA,0
"3425","6a00dbcc626a780a8e5c07a4",NA,NA,NA,NA,0
"3426","6a012d3c523e7311f4e55f61",NA,NA,NA,NA,0
"3427","6a01e843af8198a220b44a18",NA,NA,NA,NA,0
"3428","6a021dc98c730b8d3ce0deca",NA,NA,NA,NA,0
"3429","6a023ad806e8158958e73b75",NA,NA,NA,NA,0
"3430","6a04948f1e40214a25ff2563",NA,NA,NA,NA,0
"3431","6a05131f0ad03d07dd77178e",NA,NA,NA,NA,0
"3432","6a07687bad5809e8867bdffb",NA,NA,NA,NA,0
"3433","6a0a0fd9f370053c3505dc0f",NA,NA,NA,NA,0
"3434","6a0b7296246f70341f078e55",NA,NA,NA,NA,0
"3435","6a0b756dd47d16a4c82f5589",NA,NA,NA,NA,0
"3436","6a0dbb470d44c02c7ec444f0",NA,NA,NA,NA,0
"3437","6a0dfefeb75ae8ac09c192c6",NA,NA,NA,NA,0
"3438","6a0e0a9490e868c044e21936",NA,NA,NA,NA,0
"3439","6a0e2d716e90edf1ea83dce1",NA,NA,NA,NA,0
"3440","6a0f1056788a67850f057de4",NA,NA,NA,NA,0
"3441","6a0fdfd2db4241c9e5eca29a",NA,NA,NA,NA,0
"3442","6a14434573bcee3f17b7f762",NA,NA,NA,NA,0
"3443","6a14c736578656591db6ea31",NA,NA,NA,NA,0
"3444","6a14c84872f3851ab32e8c01",NA,NA,NA,NA,0
"3445","6a14e67cf20909f60e34ae64",NA,NA,NA,NA,0
"3446","6a14ed7d826b3c0b54334269",NA,NA,NA,NA,0
"3447","6a150fcbc5238897c2c9408e",NA,NA,NA,NA,0
"3448","6a1582166cefcdcbed565058",NA,NA,NA,NA,0
"3449","6a15d5fb80117206e7200cf7",NA,NA,NA,NA,0
"3450","6a15dfdb880253e5b6b917f3",NA,NA,NA,NA,0
"3451","6a177f7ec67996448d9c7d41",NA,NA,NA,NA,0
"3452","6a18b37c0157d881234ed29f",NA,NA,NA,NA,0
"3453","6a199661a2f63c5bf9835b2e",NA,NA,NA,NA,0
"3454","6a1a3e6d47ea4b557072cc4d",NA,NA,NA,NA,0
"3455","6a1ae40320c9511f890515f7",NA,NA,NA,NA,0
"3456","6a1b544246f12219f033d3c3",NA,NA,NA,NA,0
"3457","6a1cb95bf369926ac77ea9e5",NA,NA,NA,NA,0
"3458","6a1de36b3f5c6160ff6bf6a4",NA,NA,NA,NA,0
"3459","6a1f0ef7a64d44c972d3a5f7",NA,NA,NA,NA,0
"3460","6a1f832105dd8c89b5e930ad",NA,NA,NA,NA,0
"3461","6a2222ff6e1036656b0d5d08",NA,NA,NA,NA,0
"3462","6a232745f21e165e2b54ed58",NA,NA,NA,NA,0
"3463","6a2482e9af72b55296872b0d",NA,NA,NA,NA,0
"3464","6a2589e7b0645f2f7f1cc52c",NA,NA,NA,NA,0
"3465","6a3607f677860830aca5bdeb",NA,NA,NA,NA,0
"3466","62c5f85ccf34c8d9c0650f6e",NA,NA,NA,NA,0
"3467","65465c5bc5a014ec683d55cf",NA,NA,NA,NA,0
"3468","661c09a749790db73f8faba5",NA,NA,NA,NA,0
"3469","66315563a848526fcfa7555b",NA,NA,NA,NA,0
"3470","665795d82a087799023aaf0e",NA,NA,NA,NA,0
"3471","66da162f5538535e93490441",NA,NA,NA,NA,0
"3472","676956116c1a3416bf7b2afe",NA,NA,NA,NA,0
"3473","695ea002344d7ca1605c747a",NA,NA,NA,NA,0
"3474","6965bd850ce22095dd7a84ca",NA,NA,NA,NA,0
"3475","6978d830c5d415696508430d",NA,NA,NA,NA,0
"3476","697a495862ac67423e8418b8",NA,NA,NA,NA,0
"3477","6980dfb784202dcf9736910f",NA,NA,NA,NA,0
"3478","69864a705614c15728117b35",NA,NA,NA,NA,0
"3479","6987875a0a8fa6ed9ef00726",NA,NA,NA,NA,0
"3480","699b610e2ba4bade6f39121b",NA,NA,NA,NA,0
"3481","699cebf39bc275a312ffd51c",NA,NA,NA,NA,0
"3482","699d45af20adaa6e1e89aa5a",NA,NA,NA,NA,0
"3483","699e3cc79b0d3d96b469ca49",NA,NA,NA,NA,0
"3484","69a0734d1d433d3694c8438f",NA,NA,NA,NA,0
"3485","69a6eb2bc679065ed1cecc51",NA,NA,NA,NA,0
"3486","69a8cff018bead25e4a5d848",NA,NA,NA,NA,0
"3487","69b19e44edf4d70aee145c16",NA,NA,NA,NA,0
"3488","69b3193cce0978ad6db9fe7c",NA,NA,NA,NA,0
"3489","69b5c6bdbcf55371066f5e73",NA,NA,NA,NA,0
"3490","69ba37faee13f176e7635323",NA,NA,NA,NA,0
"3491","69bdf2afe629d42bfc47997f",NA,NA,NA,NA,0
"3492","69c093d33989aa791c4e8b2d",NA,NA,NA,NA,0
"3493","69c1256faa88d6296c98d745",NA,NA,NA,NA,0
"3494","69c2f0033339865c279814ca",NA,NA,NA,NA,0
"3495","69c6ec3a92185003cf70ded5",NA,NA,NA,NA,0
"3496","69cc1fac2b52b1c4dd21cc7d",NA,NA,NA,NA,0
"3497","69cec122e3cb56c2e7000c6b",NA,NA,NA,NA,0
"3498","69d2a8765e19038ab2fc0f56",NA,NA,NA,NA,0
"3499","69d5632f4815bcc4cb7242bf",NA,NA,NA,NA,0
"3500","69d5c4d748bcaf8026c80573",NA,NA,NA,NA,0
"3501","69daf476f6bc0d990581aca6",NA,NA,NA,NA,0
"3502","69dbf4749918745fc7d8e820",NA,NA,NA,NA,0
"3503","69dc76f0a77a620367d666ec",NA,NA,NA,NA,0
"3504","69dfe696c433039b7add8013",NA,NA,NA,NA,0
"3505","69e599577d00fb31c54fb004",NA,NA,NA,NA,0
"3506","69e816058da70eddb5dbc3e1",NA,NA,NA,NA,0
"3507","69e957ad6c65e153a1c65ae2",NA,NA,NA,NA,0
"3508","69ed15278090fe4438301d5c",NA,NA,NA,NA,0
"3509","69efe0b03221edd72686c185",NA,NA,NA,NA,0
"3510","69f0438cc141b27ed949788e",NA,NA,NA,NA,0
"3511","69f3d4f3fb7630947c56f1eb",NA,NA,NA,NA,0
"3512","69f6484996726366cacd162c",NA,NA,NA,NA,0
"3513","69f674db81cb46678aae6391",NA,NA,NA,NA,0
"3514","69f7b962446b32b08d58a1df",NA,NA,NA,NA,0
"3515","69f86a04fe802de5002bb70b",NA,NA,NA,NA,0
"3516","69f8db35f08d6c337883fcb4",NA,NA,NA,NA,0
"3517","69fb3314a5e95601464d1fea",NA,NA,NA,NA,0
"3518","69fb86296fb6f0919bf31075",NA,NA,NA,NA,0
"3519","69fcc8642de981c893eb6958",NA,NA,NA,NA,0
"3520","69fce9e45d612732dd1ae4e2",NA,NA,NA,NA,0
"3521","69fd3605435216c2d93bc72f",NA,NA,NA,NA,0
"3522","6a00b0ca46e3f2822d0349b6",NA,NA,NA,NA,0
"3523","6a00b4c7593a89490830c18c",NA,NA,NA,NA,0
"3524","6a00dbcc626a780a8e5c07a4",NA,NA,NA,NA,0
"3525","6a012d3c523e7311f4e55f61",NA,NA,NA,NA,0
"3526","6a01e843af8198a220b44a18",NA,NA,NA,NA,0
"3527","6a021dc98c730b8d3ce0deca",NA,NA,NA,NA,0
"3528","6a023ad806e8158958e73b75",NA,NA,NA,NA,0
"3529","6a04948f1e40214a25ff2563",NA,NA,NA,NA,0
"3530","6a05131f0ad03d07dd77178e",NA,NA,NA,NA,0
"3531","6a07687bad5809e8867bdffb",NA,NA,NA,NA,0
"3532","6a0a0fd9f370053c3505dc0f",NA,NA,NA,NA,0
"3533","6a0b7296246f70341f078e55",NA,NA,NA,NA,0
"3534","6a0b756dd47d16a4c82f5589",NA,NA,NA,NA,0
"3535","6a0dbb470d44c02c7ec444f0",NA,NA,NA,NA,0
"3536","6a0dfefeb75ae8ac09c192c6",NA,NA,NA,NA,0
"3537","6a0e0a9490e868c044e21936",NA,NA,NA,NA,0
"3538","6a0e2d716e90edf1ea83dce1",NA,NA,NA,NA,0
"3539","6a0f1056788a67850f057de4",NA,NA,NA,NA,0
"3540","6a0fdfd2db4241c9e5eca29a",NA,NA,NA,NA,0
"3541","6a14434573bcee3f17b7f762",NA,NA,NA,NA,0
"3542","6a14c736578656591db6ea31",NA,NA,NA,NA,0
"3543","6a14c84872f3851ab32e8c01",NA,NA,NA,NA,0
"3544","6a14e67cf20909f60e34ae64",NA,NA,NA,NA,0
"3545","6a14ed7d826b3c0b54334269",NA,NA,NA,NA,0
"3546","6a150fcbc5238897c2c9408e",NA,NA,NA,NA,0
"3547","6a1582166cefcdcbed565058",NA,NA,NA,NA,0
"3548","6a15d5fb80117206e7200cf7",NA,NA,NA,NA,0
"3549","6a15dfdb880253e5b6b917f3",NA,NA,NA,NA,0
"3550","6a177f7ec67996448d9c7d41",NA,NA,NA,NA,0
"3551","6a18b37c0157d881234ed29f",NA,NA,NA,NA,0
"3552","6a199661a2f63c5bf9835b2e",NA,NA,NA,NA,0
"3553","6a1a3e6d47ea4b557072cc4d",NA,NA,NA,NA,0
"3554","6a1ae40320c9511f890515f7",NA,NA,NA,NA,0
"3555","6a1b544246f12219f033d3c3",NA,NA,NA,NA,0
"3556","6a1cb95bf369926ac77ea9e5",NA,NA,NA,NA,0
"3557","6a1de36b3f5c6160ff6bf6a4",NA,NA,NA,NA,0
"3558","6a1f0ef7a64d44c972d3a5f7",NA,NA,NA,NA,0
"3559","6a1f832105dd8c89b5e930ad",NA,NA,NA,NA,0
"3560","6a2222ff6e1036656b0d5d08",NA,NA,NA,NA,0
"3561","6a232745f21e165e2b54ed58",NA,NA,NA,NA,0
"3562","6a2482e9af72b55296872b0d",NA,NA,NA,NA,0
"3563","6a2589e7b0645f2f7f1cc52c",NA,NA,NA,NA,0
"3564","6a3607f677860830aca5bdeb",NA,NA,NA,NA,0
"3565","62c5f85ccf34c8d9c0650f6e",NA,NA,NA,NA,0
"3566","65465c5bc5a014ec683d55cf",NA,NA,NA,NA,0
"3567","661c09a749790db73f8faba5",NA,NA,NA,NA,0
"3568","66315563a848526fcfa7555b",NA,NA,NA,NA,0
"3569","665795d82a087799023aaf0e",NA,NA,NA,NA,0
"3570","66da162f5538535e93490441",NA,NA,NA,NA,0
"3571","676956116c1a3416bf7b2afe",NA,NA,NA,NA,0
"3572","695ea002344d7ca1605c747a",NA,NA,NA,NA,0
"3573","6965bd850ce22095dd7a84ca",NA,NA,NA,NA,0
"3574","6978d830c5d415696508430d",NA,NA,NA,NA,0
"3575","697a495862ac67423e8418b8",NA,NA,NA,NA,0
"3576","6980dfb784202dcf9736910f",NA,NA,NA,NA,0
"3577","69864a705614c15728117b35",NA,NA,NA,NA,0
"3578","6987875a0a8fa6ed9ef00726",NA,NA,NA,NA,0
"3579","699b610e2ba4bade6f39121b",NA,NA,NA,NA,0
"3580","699cebf39bc275a312ffd51c",NA,NA,NA,NA,0
"3581","699d45af20adaa6e1e89aa5a",NA,NA,NA,NA,0
"3582","699e3cc79b0d3d96b469ca49",NA,NA,NA,NA,0
"3583","69a0734d1d433d3694c8438f",NA,NA,NA,NA,0
"3584","69a6eb2bc679065ed1cecc51",NA,NA,NA,NA,0
"3585","69a8cff018bead25e4a5d848",NA,NA,NA,NA,0
"3586","69b19e44edf4d70aee145c16",NA,NA,NA,NA,0
"3587","69b3193cce0978ad6db9fe7c",NA,NA,NA,NA,0
"3588","69b5c6bdbcf55371066f5e73",NA,NA,NA,NA,0
"3589","69ba37faee13f176e7635323",NA,NA,NA,NA,0
"3590","69bdf2afe629d42bfc47997f",NA,NA,NA,NA,0
"3591","69c093d33989aa791c4e8b2d",NA,NA,NA,NA,0
"3592","69c1256faa88d6296c98d745",NA,NA,NA,NA,0
"3593","69c2f0033339865c279814ca",NA,NA,NA,NA,0
"3594","69c6ec3a92185003cf70ded5",NA,NA,NA,NA,0
"3595","69cc1fac2b52b1c4dd21cc7d",NA,NA,NA,NA,0
"3596","69cec122e3cb56c2e7000c6b",NA,NA,NA,NA,0
"3597","69d2a8765e19038ab2fc0f56",NA,NA,NA,NA,0
"3598","69d5632f4815bcc4cb7242bf",NA,NA,NA,NA,0
"3599","69d5c4d748bcaf8026c80573",NA,NA,NA,NA,0
"3600","69daf476f6bc0d990581aca6",NA,NA,NA,NA,0
"3601","69dbf4749918745fc7d8e820",NA,NA,NA,NA,0
"3602","69dc76f0a77a620367d666ec",NA,NA,NA,NA,0
"3603","69dfe696c433039b7add8013",NA,NA,NA,NA,0
"3604","69e599577d00fb31c54fb004",NA,NA,NA,NA,0
"3605","69e816058da70eddb5dbc3e1",NA,NA,NA,NA,0
"3606","69e957ad6c65e153a1c65ae2",NA,NA,NA,NA,0
"3607","69ed15278090fe4438301d5c",NA,NA,NA,NA,0
"3608","69efe0b03221edd72686c185",NA,NA,NA,NA,0
"3609","69f0438cc141b27ed949788e",NA,NA,NA,NA,0
"3610","69f3d4f3fb7630947c56f1eb",NA,NA,NA,NA,0
"3611","69f6484996726366cacd162c",NA,NA,NA,NA,0
"3612","69f674db81cb46678aae6391",NA,NA,NA,NA,0
"3613","69f7b962446b32b08d58a1df",NA,NA,NA,NA,0
"3614","69f86a04fe802de5002bb70b",NA,NA,NA,NA,0
"3615","69f8db35f08d6c337883fcb4",NA,NA,NA,NA,0
"3616","69fb3314a5e95601464d1fea",NA,NA,NA,NA,0
"3617","69fb86296fb6f0919bf31075",NA,NA,NA,NA,0
"3618","69fcc8642de981c893eb6958",NA,NA,NA,NA,0
"3619","69fce9e45d612732dd1ae4e2",NA,NA,NA,NA,0
"3620","69fd3605435216c2d93bc72f",NA,NA,NA,NA,0
"3621","6a00b0ca46e3f2822d0349b6",NA,NA,NA,NA,0
"3622","6a00b4c7593a89490830c18c",NA,NA,NA,NA,0
"3623","6a00dbcc626a780a8e5c07a4",NA,NA,NA,NA,0
"3624","6a012d3c523e7311f4e55f61",NA,NA,NA,NA,0
"3625","6a01e843af8198a220b44a18",NA,NA,NA,NA,0
"3626","6a021dc98c730b8d3ce0deca",NA,NA,NA,NA,0
"3627","6a023ad806e8158958e73b75",NA,NA,NA,NA,0
"3628","6a04948f1e40214a25ff2563",NA,NA,NA,NA,0
"3629","6a05131f0ad03d07dd77178e",NA,NA,NA,NA,0
"3630","6a07687bad5809e8867bdffb",NA,NA,NA,NA,0
"3631","6a0a0fd9f370053c3505dc0f",NA,NA,NA,NA,0
"3632","6a0b7296246f70341f078e55",NA,NA,NA,NA,0
"3633","6a0b756dd47d16a4c82f5589",NA,NA,NA,NA,0
"3634","6a0dbb470d44c02c7ec444f0",NA,NA,NA,NA,0
"3635","6a0dfefeb75ae8ac09c192c6",NA,NA,NA,NA,0
"3636","6a0e0a9490e868c044e21936",NA,NA,NA,NA,0
"3637","6a0e2d716e90edf1ea83dce1",NA,NA,NA,NA,0
"3638","6a0f1056788a67850f057de4",NA,NA,NA,NA,0
"3639","6a0fdfd2db4241c9e5eca29a",NA,NA,NA,NA,0
"3640","6a14434573bcee3f17b7f762",NA,NA,NA,NA,0
"3641","6a14c736578656591db6ea31",NA,NA,NA,NA,0
"3642","6a14c84872f3851ab32e8c01",NA,NA,NA,NA,0
"3643","6a14e67cf20909f60e34ae64",NA,NA,NA,NA,0
"3644","6a14ed7d826b3c0b54334269",NA,NA,NA,NA,0
"3645","6a150fcbc5238897c2c9408e",NA,NA,NA,NA,0
"3646","6a1582166cefcdcbed565058",NA,NA,NA,NA,0
"3647","6a15d5fb80117206e7200cf7",NA,NA,NA,NA,0
"3648","6a15dfdb880253e5b6b917f3",NA,NA,NA,NA,0
"3649","6a177f7ec67996448d9c7d41",NA,NA,NA,NA,0
"3650","6a18b37c0157d881234ed29f",NA,NA,NA,NA,0
"3651","6a199661a2f63c5bf9835b2e",NA,NA,NA,NA,0
"3652","6a1a3e6d47ea4b557072cc4d",NA,NA,NA,NA,0
"3653","6a1ae40320c9511f890515f7",NA,NA,NA,NA,0
"3654","6a1b544246f12219f033d3c3",NA,NA,NA,NA,0
"3655","6a1cb95bf369926ac77ea9e5",NA,NA,NA,NA,0
"3656","6a1de36b3f5c6160ff6bf6a4",NA,NA,NA,NA,0
"3657","6a1f0ef7a64d44c972d3a5f7",NA,NA,NA,NA,0
"3658","6a1f832105dd8c89b5e930ad",NA,NA,NA,NA,0
"3659","6a2222ff6e1036656b0d5d08",NA,NA,NA,NA,0
"3660","6a232745f21e165e2b54ed58",NA,NA,NA,NA,0
"3661","6a2482e9af72b55296872b0d",NA,NA,NA,NA,0
"3662","6a2589e7b0645f2f7f1cc52c",NA,NA,NA,NA,0
"3663","6a3607f677860830aca5bdeb",NA,NA,NA,NA,0
"3664","62c5f85ccf34c8d9c0650f6e",NA,NA,NA,NA,0
"3665","65465c5bc5a014ec683d55cf",NA,NA,NA,NA,0
"3666","661c09a749790db73f8faba5",NA,NA,NA,NA,0
"3667","66315563a848526fcfa7555b",NA,NA,NA,NA,0
"3668","665795d82a087799023aaf0e",NA,NA,NA,NA,0
"3669","66da162f5538535e93490441",NA,NA,NA,NA,0
"3670","676956116c1a3416bf7b2afe",NA,NA,NA,NA,0
"3671","695ea002344d7ca1605c747a",NA,NA,NA,NA,0
"3672","6965bd850ce22095dd7a84ca",NA,NA,NA,NA,0
"3673","6978d830c5d415696508430d",NA,NA,NA,NA,0
"3674","697a495862ac67423e8418b8",NA,NA,NA,NA,0
"3675","6980dfb784202dcf9736910f",NA,NA,NA,NA,0
"3676","69864a705614c15728117b35",NA,NA,NA,NA,0
"3677","6987875a0a8fa6ed9ef00726",NA,NA,NA,NA,0
"3678","699b610e2ba4bade6f39121b",NA,NA,NA,NA,0
"3679","699cebf39bc275a312ffd51c",NA,NA,NA,NA,0
"3680","699d45af20adaa6e1e89aa5a",NA,NA,NA,NA,0
"3681","699e3cc79b0d3d96b469ca49",NA,NA,NA,NA,0
"3682","69a0734d1d433d3694c8438f",NA,NA,NA,NA,0
"3683","69a6eb2bc679065ed1cecc51",NA,NA,NA,NA,0
"3684","69a8cff018bead25e4a5d848",NA,NA,NA,NA,0
"3685","69b19e44edf4d70aee145c16",NA,NA,NA,NA,0
"3686","69b3193cce0978ad6db9fe7c",NA,NA,NA,NA,0
"3687","69b5c6bdbcf55371066f5e73",NA,NA,NA,NA,0
"3688","69ba37faee13f176e7635323",NA,NA,NA,NA,0
"3689","69bdf2afe629d42bfc47997f",NA,NA,NA,NA,0
"3690","69c093d33989aa791c4e8b2d",NA,NA,NA,NA,0
"3691","69c1256faa88d6296c98d745",NA,NA,NA,NA,0
"3692","69c2f0033339865c279814ca",NA,NA,NA,NA,0
"3693","69c6ec3a92185003cf70ded5",NA,NA,NA,NA,0
"3694","69cc1fac2b52b1c4dd21cc7d",NA,NA,NA,NA,0
"3695","69cec122e3cb56c2e7000c6b",NA,NA,NA,NA,0
"3696","69d2a8765e19038ab2fc0f56",NA,NA,NA,NA,0
"3697","69d5632f4815bcc4cb7242bf",NA,NA,NA,NA,0
"3698","69d5c4d748bcaf8026c80573",NA,NA,NA,NA,0
"3699","69daf476f6bc0d990581aca6",NA,NA,NA,NA,0
"3700","69dbf4749918745fc7d8e820",NA,NA,NA,NA,0
"3701","69dc76f0a77a620367d666ec",NA,NA,NA,NA,0
"3702","69dfe696c433039b7add8013",NA,NA,NA,NA,0
"3703","69e599577d00fb31c54fb004",NA,NA,NA,NA,0
"3704","69e816058da70eddb5dbc3e1",NA,NA,NA,NA,0
"3705","69e957ad6c65e153a1c65ae2",NA,NA,NA,NA,0
"3706","69ed15278090fe4438301d5c",NA,NA,NA,NA,0
"3707","69efe0b03221edd72686c185",NA,NA,NA,NA,0
"3708","69f0438cc141b27ed949788e",NA,NA,NA,NA,0
"3709","69f3d4f3fb7630947c56f1eb",NA,NA,NA,NA,0
"3710","69f6484996726366cacd162c",NA,NA,NA,NA,0
"3711","69f674db81cb46678aae6391",NA,NA,NA,NA,0
"3712","69f7b962446b32b08d58a1df",NA,NA,NA,NA,0
"3713","69f86a04fe802de5002bb70b",NA,NA,NA,NA,0
"3714","69f8db35f08d6c337883fcb4",NA,NA,NA,NA,0
"3715","69fb3314a5e95601464d1fea",NA,NA,NA,NA,0
"3716","69fb86296fb6f0919bf31075",NA,NA,NA,NA,0
"3717","69fcc8642de981c893eb6958",NA,NA,NA,NA,0
"3718","69fce9e45d612732dd1ae4e2",NA,NA,NA,NA,0
"3719","69fd3605435216c2d93bc72f",NA,NA,NA,NA,0
"3720","6a00b0ca46e3f2822d0349b6",NA,NA,NA,NA,0
"3721","6a00b4c7593a89490830c18c",NA,NA,NA,NA,0
"3722","6a00dbcc626a780a8e5c07a4",NA,NA,NA,NA,0
"3723","6a012d3c523e7311f4e55f61",NA,NA,NA,NA,0
"3724","6a01e843af8198a220b44a18",NA,NA,NA,NA,0
"3725","6a021dc98c730b8d3ce0deca",NA,NA,NA,NA,0
"3726","6a023ad806e8158958e73b75",NA,NA,NA,NA,0
"3727","6a04948f1e40214a25ff2563",NA,NA,NA,NA,0
"3728","6a05131f0ad03d07dd77178e",NA,NA,NA,NA,0
"3729","6a07687bad5809e8867bdffb",NA,NA,NA,NA,0
"3730","6a0a0fd9f370053c3505dc0f",NA,NA,NA,NA,0
"3731","6a0b7296246f70341f078e55",NA,NA,NA,NA,0
"3732","6a0b756dd47d16a4c82f5589",NA,NA,NA,NA,0
"3733","6a0dbb470d44c02c7ec444f0",NA,NA,NA,NA,0
"3734","6a0dfefeb75ae8ac09c192c6",NA,NA,NA,NA,0
"3735","6a0e0a9490e868c044e21936",NA,NA,NA,NA,0
"3736","6a0e2d716e90edf1ea83dce1",NA,NA,NA,NA,0
"3737","6a0f1056788a67850f057de4",NA,NA,NA,NA,0
"3738","6a0fdfd2db4241c9e5eca29a",NA,NA,NA,NA,0
"3739","6a14434573bcee3f17b7f762",NA,NA,NA,NA,0
"3740","6a14c736578656591db6ea31",NA,NA,NA,NA,0
"3741","6a14c84872f3851ab32e8c01",NA,NA,NA,NA,0
"3742","6a14e67cf20909f60e34ae64",NA,NA,NA,NA,0
"3743","6a14ed7d826b3c0b54334269",NA,NA,NA,NA,0
"3744","6a150fcbc5238897c2c9408e",NA,NA,NA,NA,0
"3745","6a1582166cefcdcbed565058",NA,NA,NA,NA,0
"3746","6a15d5fb80117206e7200cf7",NA,NA,NA,NA,0
"3747","6a15dfdb880253e5b6b917f3",NA,NA,NA,NA,0
"3748","6a177f7ec67996448d9c7d41",NA,NA,NA,NA,0
"3749","6a18b37c0157d881234ed29f",NA,NA,NA,NA,0
"3750","6a199661a2f63c5bf9835b2e",NA,NA,NA,NA,0
"3751","6a1a3e6d47ea4b557072cc4d",NA,NA,NA,NA,0
"3752","6a1ae40320c9511f890515f7",NA,NA,NA,NA,0
"3753","6a1b544246f12219f033d3c3",NA,NA,NA,NA,0
"3754","6a1cb95bf369926ac77ea9e5",NA,NA,NA,NA,0
"3755","6a1de36b3f5c6160ff6bf6a4",NA,NA,NA,NA,0
"3756","6a1f0ef7a64d44c972d3a5f7",NA,NA,NA,NA,0
"3757","6a1f832105dd8c89b5e930ad",NA,NA,NA,NA,0
"3758","6a2222ff6e1036656b0d5d08",NA,NA,NA,NA,0
"3759","6a232745f21e165e2b54ed58",NA,NA,NA,NA,0
"3760","6a2482e9af72b55296872b0d",NA,NA,NA,NA,0
"3761","6a2589e7b0645f2f7f1cc52c",NA,NA,NA,NA,0
"3762","6a3607f677860830aca5bdeb",NA,NA,NA,NA,0
"3763","62c5f85ccf34c8d9c0650f6e",NA,NA,NA,NA,0
"3764","65465c5bc5a014ec683d55cf",NA,NA,NA,NA,0
"3765","661c09a749790db73f8faba5",NA,NA,NA,NA,0
"3766","66315563a848526fcfa7555b",NA,NA,NA,NA,0
"3767","665795d82a087799023aaf0e",NA,NA,NA,NA,0
"3768","66da162f5538535e93490441",NA,NA,NA,NA,0
"3769","676956116c1a3416bf7b2afe",NA,NA,NA,NA,0
"3770","695ea002344d7ca1605c747a",NA,NA,NA,NA,0
"3771","6965bd850ce22095dd7a84ca",NA,NA,NA,NA,0
"3772","6978d830c5d415696508430d",NA,NA,NA,NA,0
"3773","697a495862ac67423e8418b8",NA,NA,NA,NA,0
"3774","6980dfb784202dcf9736910f",NA,NA,NA,NA,0
"3775","69864a705614c15728117b35",NA,NA,NA,NA,0
"3776","6987875a0a8fa6ed9ef00726",NA,NA,NA,NA,0
"3777","699b610e2ba4bade6f39121b",NA,NA,NA,NA,0
"3778","699cebf39bc275a312ffd51c",NA,NA,NA,NA,0
"3779","699d45af20adaa6e1e89aa5a",NA,NA,NA,NA,0
"3780","699e3cc79b0d3d96b469ca49",NA,NA,NA,NA,0
"3781","69a0734d1d433d3694c8438f",NA,NA,NA,NA,0
"3782","69a6eb2bc679065ed1cecc51",NA,NA,NA,NA,0
"3783","69a8cff018bead25e4a5d848",NA,NA,NA,NA,0
"3784","69b19e44edf4d70aee145c16",NA,NA,NA,NA,0
"3785","69b3193cce0978ad6db9fe7c",NA,NA,NA,NA,0
"3786","69b5c6bdbcf55371066f5e73",NA,NA,NA,NA,0
"3787","69ba37faee13f176e7635323",NA,NA,NA,NA,0
"3788","69bdf2afe629d42bfc47997f",NA,NA,NA,NA,0
"3789","69c093d33989aa791c4e8b2d",NA,NA,NA,NA,0
"3790","69c1256faa88d6296c98d745",NA,NA,NA,NA,0
"3791","69c2f0033339865c279814ca",NA,NA,NA,NA,0
"3792","69c6ec3a92185003cf70ded5",NA,NA,NA,NA,0
"3793","69cc1fac2b52b1c4dd21cc7d",NA,NA,NA,NA,0
"3794","69cec122e3cb56c2e7000c6b",NA,NA,NA,NA,0
"3795","69d2a8765e19038ab2fc0f56",NA,NA,NA,NA,0
"3796","69d5632f4815bcc4cb7242bf",NA,NA,NA,NA,0
"3797","69d5c4d748bcaf8026c80573",NA,NA,NA,NA,0
"3798","69daf476f6bc0d990581aca6",NA,NA,NA,NA,0
"3799","69dbf4749918745fc7d8e820",NA,NA,NA,NA,0
"3800","69dc76f0a77a620367d666ec",NA,NA,NA,NA,0
"3801","69dfe696c433039b7add8013",NA,NA,NA,NA,0
"3802","69e599577d00fb31c54fb004",NA,NA,NA,NA,0
"3803","69e816058da70eddb5dbc3e1",NA,NA,NA,NA,0
"3804","69e957ad6c65e153a1c65ae2",NA,NA,NA,NA,0
"3805","69ed15278090fe4438301d5c",NA,NA,NA,NA,0
"3806","69efe0b03221edd72686c185",NA,NA,NA,NA,0
"3807","69f0438cc141b27ed949788e",NA,NA,NA,NA,0
"3808","69f3d4f3fb7630947c56f1eb",NA,NA,NA,NA,0
"3809","69f6484996726366cacd162c",NA,NA,NA,NA,0
"3810","69f674db81cb46678aae6391",NA,NA,NA,NA,0
"3811","69f7b962446b32b08d58a1df",NA,NA,NA,NA,0
"3812","69f86a04fe802de5002bb70b",NA,NA,NA,NA,0
"3813","69f8db35f08d6c337883fcb4",NA,NA,NA,NA,0
"3814","69fb3314a5e95601464d1fea",NA,NA,NA,NA,0
"3815","69fb86296fb6f0919bf31075",NA,NA,NA,NA,0
"3816","69fcc8642de981c893eb6958",NA,NA,NA,NA,0
"3817","69fce9e45d612732dd1ae4e2",NA,NA,NA,NA,0
"3818","69fd3605435216c2d93bc72f",NA,NA,NA,NA,0
"3819","6a00b0ca46e3f2822d0349b6",NA,NA,NA,NA,0
"3820","6a00b4c7593a89490830c18c",NA,NA,NA,NA,0
"3821","6a00dbcc626a780a8e5c07a4",NA,NA,NA,NA,0
"3822","6a012d3c523e7311f4e55f61",NA,NA,NA,NA,0
"3823","6a01e843af8198a220b44a18",NA,NA,NA,NA,0
"3824","6a021dc98c730b8d3ce0deca",NA,NA,NA,NA,0
"3825","6a023ad806e8158958e73b75",NA,NA,NA,NA,0
"3826","6a04948f1e40214a25ff2563",NA,NA,NA,NA,0
"3827","6a05131f0ad03d07dd77178e",NA,NA,NA,NA,0
"3828","6a07687bad5809e8867bdffb",NA,NA,NA,NA,0
"3829","6a0a0fd9f370053c3505dc0f",NA,NA,NA,NA,0
"3830","6a0b7296246f70341f078e55",NA,NA,NA,NA,0
"3831","6a0b756dd47d16a4c82f5589",NA,NA,NA,NA,0
"3832","6a0dbb470d44c02c7ec444f0",NA,NA,NA,NA,0
"3833","6a0dfefeb75ae8ac09c192c6",NA,NA,NA,NA,0
"3834","6a0e0a9490e868c044e21936",NA,NA,NA,NA,0
"3835","6a0e2d716e90edf1ea83dce1",NA,NA,NA,NA,0
"3836","6a0f1056788a67850f057de4",NA,NA,NA,NA,0
"3837","6a0fdfd2db4241c9e5eca29a",NA,NA,NA,NA,0
"3838","6a14434573bcee3f17b7f762",NA,NA,NA,NA,0
"3839","6a14c736578656591db6ea31",NA,NA,NA,NA,0
"3840","6a14c84872f3851ab32e8c01",NA,NA,NA,NA,0
"3841","6a14e67cf20909f60e34ae64",NA,NA,NA,NA,0
"3842","6a14ed7d826b3c0b54334269",NA,NA,NA,NA,0
"3843","6a150fcbc5238897c2c9408e",NA,NA,NA,NA,0
"3844","6a1582166cefcdcbed565058",NA,NA,NA,NA,0
"3845","6a15d5fb80117206e7200cf7",NA,NA,NA,NA,0
"3846","6a15dfdb880253e5b6b917f3",NA,NA,NA,NA,0
"3847","6a177f7ec67996448d9c7d41",NA,NA,NA,NA,0
"3848","6a18b37c0157d881234ed29f",NA,NA,NA,NA,0
"3849","6a199661a2f63c5bf9835b2e",NA,NA,NA,NA,0
"3850","6a1a3e6d47ea4b557072cc4d",NA,NA,NA,NA,0
"3851","6a1ae40320c9511f890515f7",NA,NA,NA,NA,0
"3852","6a1b544246f12219f033d3c3",NA,NA,NA,NA,0
"3853","6a1cb95bf369926ac77ea9e5",NA,NA,NA,NA,0
"3854","6a1de36b3f5c6160ff6bf6a4",NA,NA,NA,NA,0
"3855","6a1f0ef7a64d44c972d3a5f7",NA,NA,NA,NA,0
"3856","6a1f832105dd8c89b5e930ad",NA,NA,NA,NA,0
"3857","6a2222ff6e1036656b0d5d08",NA,NA,NA,NA,0
"3858","6a232745f21e165e2b54ed58",NA,NA,NA,NA,0
"3859","6a2482e9af72b55296872b0d",NA,NA,NA,NA,0
"3860","6a2589e7b0645f2f7f1cc52c",NA,NA,NA,NA,0
"3861","6a3607f677860830aca5bdeb",NA,NA,NA,NA,0
"3862","62c5f85ccf34c8d9c0650f6e",NA,NA,NA,NA,0
"3863","65465c5bc5a014ec683d55cf",NA,NA,NA,NA,0
"3864","661c09a749790db73f8faba5",NA,NA,NA,NA,0
"3865","66315563a848526fcfa7555b",NA,NA,NA,NA,0
"3866","665795d82a087799023aaf0e",NA,NA,NA,NA,0
"3867","66da162f5538535e93490441",NA,NA,NA,NA,0
"3868","676956116c1a3416bf7b2afe",NA,NA,NA,NA,0
"3869","695ea002344d7ca1605c747a",NA,NA,NA,NA,0
"3870","6965bd850ce22095dd7a84ca",NA,NA,NA,NA,0
"3871","6978d830c5d415696508430d",NA,NA,NA,NA,0
"3872","697a495862ac67423e8418b8",NA,NA,NA,NA,0
"3873","6980dfb784202dcf9736910f",NA,NA,NA,NA,0
"3874","69864a705614c15728117b35",NA,NA,NA,NA,0
"3875","6987875a0a8fa6ed9ef00726",NA,NA,NA,NA,0
"3876","699b610e2ba4bade6f39121b",NA,NA,NA,NA,0
"3877","699cebf39bc275a312ffd51c",NA,NA,NA,NA,0
"3878","699d45af20adaa6e1e89aa5a",NA,NA,NA,NA,0
"3879","699e3cc79b0d3d96b469ca49",NA,NA,NA,NA,0
"3880","69a0734d1d433d3694c8438f",NA,NA,NA,NA,0
"3881","69a6eb2bc679065ed1cecc51",NA,NA,NA,NA,0
"3882","69a8cff018bead25e4a5d848",NA,NA,NA,NA,0
"3883","69b19e44edf4d70aee145c16",NA,NA,NA,NA,0
"3884","69b3193cce0978ad6db9fe7c",NA,NA,NA,NA,0
"3885","69b5c6bdbcf55371066f5e73",NA,NA,NA,NA,0
"3886","69ba37faee13f176e7635323",NA,NA,NA,NA,0
"3887","69bdf2afe629d42bfc47997f",NA,NA,NA,NA,0
"3888","69c093d33989aa791c4e8b2d",NA,NA,NA,NA,0
"3889","69c1256faa88d6296c98d745",NA,NA,NA,NA,0
"3890","69c2f0033339865c279814ca",NA,NA,NA,NA,0
"3891","69c6ec3a92185003cf70ded5",NA,NA,NA,NA,0
"3892","69cc1fac2b52b1c4dd21cc7d",NA,NA,NA,NA,0
"3893","69cec122e3cb56c2e7000c6b",NA,NA,NA,NA,0
"3894","69d2a8765e19038ab2fc0f56",NA,NA,NA,NA,0
"3895","69d5632f4815bcc4cb7242bf",NA,NA,NA,NA,0
"3896","69d5c4d748bcaf8026c80573",NA,NA,NA,NA,0
"3897","69daf476f6bc0d990581aca6",NA,NA,NA,NA,0
"3898","69dbf4749918745fc7d8e820",NA,NA,NA,NA,0
"3899","69dc76f0a77a620367d666ec",NA,NA,NA,NA,0
"3900","69dfe696c433039b7add8013",NA,NA,NA,NA,0
"3901","69e599577d00fb31c54fb004",NA,NA,NA,NA,0
"3902","69e816058da70eddb5dbc3e1",NA,NA,NA,NA,0
"3903","69e957ad6c65e153a1c65ae2",NA,NA,NA,NA,0
"3904","69ed15278090fe4438301d5c",NA,NA,NA,NA,0
"3905","69efe0b03221edd72686c185",NA,NA,NA,NA,0
"3906","69f0438cc141b27ed949788e",NA,NA,NA,NA,0
"3907","69f3d4f3fb7630947c56f1eb",NA,NA,NA,NA,0
"3908","69f6484996726366cacd162c",NA,NA,NA,NA,0
"3909","69f674db81cb46678aae6391",NA,NA,NA,NA,0
"3910","69f7b962446b32b08d58a1df",NA,NA,NA,NA,0
"3911","69f86a04fe802de5002bb70b",NA,NA,NA,NA,0
"3912","69f8db35f08d6c337883fcb4",NA,NA,NA,NA,0
"3913","69fb3314a5e95601464d1fea",NA,NA,NA,NA,0
"3914","69fb86296fb6f0919bf31075",NA,NA,NA,NA,0
"3915","69fcc8642de981c893eb6958",NA,NA,NA,NA,0
"3916","69fce9e45d612732dd1ae4e2",NA,NA,NA,NA,0
"3917","69fd3605435216c2d93bc72f",NA,NA,NA,NA,0
"3918","6a00b0ca46e3f2822d0349b6",NA,NA,NA,NA,0
"3919","6a00b4c7593a89490830c18c",NA,NA,NA,NA,0
"3920","6a00dbcc626a780a8e5c07a4",NA,NA,NA,NA,0
"3921","6a012d3c523e7311f4e55f61",NA,NA,NA,NA,0
"3922","6a01e843af8198a220b44a18",NA,NA,NA,NA,0
"3923","6a021dc98c730b8d3ce0deca",NA,NA,NA,NA,0
"3924","6a023ad806e8158958e73b75",NA,NA,NA,NA,0
"3925","6a04948f1e40214a25ff2563",NA,NA,NA,NA,0
"3926","6a05131f0ad03d07dd77178e",NA,NA,NA,NA,0
"3927","6a07687bad5809e8867bdffb",NA,NA,NA,NA,0
"3928","6a0a0fd9f370053c3505dc0f",NA,NA,NA,NA,0
"3929","6a0b7296246f70341f078e55",NA,NA,NA,NA,0
"3930","6a0b756dd47d16a4c82f5589",NA,NA,NA,NA,0
"3931","6a0dbb470d44c02c7ec444f0",NA,NA,NA,NA,0
"3932","6a0dfefeb75ae8ac09c192c6",NA,NA,NA,NA,0
"3933","6a0e0a9490e868c044e21936",NA,NA,NA,NA,0
"3934","6a0e2d716e90edf1ea83dce1",NA,NA,NA,NA,0
"3935","6a0f1056788a67850f057de4",NA,NA,NA,NA,0
"3936","6a0fdfd2db4241c9e5eca29a",NA,NA,NA,NA,0
"3937","6a14434573bcee3f17b7f762",NA,NA,NA,NA,0
"3938","6a14c736578656591db6ea31",NA,NA,NA,NA,0
"3939","6a14c84872f3851ab32e8c01",NA,NA,NA,NA,0
"3940","6a14e67cf20909f60e34ae64",NA,NA,NA,NA,0
"3941","6a14ed7d826b3c0b54334269",NA,NA,NA,NA,0
"3942","6a150fcbc5238897c2c9408e",NA,NA,NA,NA,0
"3943","6a1582166cefcdcbed565058",NA,NA,NA,NA,0
"3944","6a15d5fb80117206e7200cf7",NA,NA,NA,NA,0
"3945","6a15dfdb880253e5b6b917f3",NA,NA,NA,NA,0
"3946","6a177f7ec67996448d9c7d41",NA,NA,NA,NA,0
"3947","6a18b37c0157d881234ed29f",NA,NA,NA,NA,0
"3948","6a199661a2f63c5bf9835b2e",NA,NA,NA,NA,0
"3949","6a1a3e6d47ea4b557072cc4d",NA,NA,NA,NA,0
"3950","6a1ae40320c9511f890515f7",NA,NA,NA,NA,0
"3951","6a1b544246f12219f033d3c3",NA,NA,NA,NA,0
"3952","6a1cb95bf369926ac77ea9e5",NA,NA,NA,NA,0
"3953","6a1de36b3f5c6160ff6bf6a4",NA,NA,NA,NA,0
"3954","6a1f0ef7a64d44c972d3a5f7",NA,NA,NA,NA,0
"3955","6a1f832105dd8c89b5e930ad",NA,NA,NA,NA,0
"3956","6a2222ff6e1036656b0d5d08",NA,NA,NA,NA,0
"3957","6a232745f21e165e2b54ed58",NA,NA,NA,NA,0
"3958","6a2482e9af72b55296872b0d",NA,NA,NA,NA,0
"3959","6a2589e7b0645f2f7f1cc52c",NA,NA,NA,NA,0
"3960","6a3607f677860830aca5bdeb",NA,NA,NA,NA,0
"3961","62c5f85ccf34c8d9c0650f6e",NA,NA,NA,NA,0
"3962","65465c5bc5a014ec683d55cf",NA,NA,NA,NA,0
"3963","661c09a749790db73f8faba5",NA,NA,NA,NA,0
"3964","66315563a848526fcfa7555b",NA,NA,NA,NA,0
"3965","665795d82a087799023aaf0e",NA,NA,NA,NA,0
"3966","66da162f5538535e93490441",NA,NA,NA,NA,0
"3967","676956116c1a3416bf7b2afe",NA,NA,NA,NA,0
"3968","695ea002344d7ca1605c747a",NA,NA,NA,NA,0
"3969","6965bd850ce22095dd7a84ca",NA,NA,NA,NA,0
"3970","6978d830c5d415696508430d",NA,NA,NA,NA,0
"3971","697a495862ac67423e8418b8",NA,NA,NA,NA,0
"3972","6980dfb784202dcf9736910f",NA,NA,NA,NA,0
"3973","69864a705614c15728117b35",NA,NA,NA,NA,0
"3974","6987875a0a8fa6ed9ef00726",NA,NA,NA,NA,0
"3975","699b610e2ba4bade6f39121b",NA,NA,NA,NA,0
"3976","699cebf39bc275a312ffd51c",NA,NA,NA,NA,0
"3977","699d45af20adaa6e1e89aa5a",NA,NA,NA,NA,0
"3978","699e3cc79b0d3d96b469ca49",NA,NA,NA,NA,0
"3979","69a0734d1d433d3694c8438f",NA,NA,NA,NA,0
"3980","69a6eb2bc679065ed1cecc51",NA,NA,NA,NA,0
"3981","69a8cff018bead25e4a5d848",NA,NA,NA,NA,0
"3982","69b19e44edf4d70aee145c16",NA,NA,NA,NA,0
"3983","69b3193cce0978ad6db9fe7c",NA,NA,NA,NA,0
"3984","69b5c6bdbcf55371066f5e73",NA,NA,NA,NA,0
"3985","69ba37faee13f176e7635323",NA,NA,NA,NA,0
"3986","69bdf2afe629d42bfc47997f",NA,NA,NA,NA,0
"3987","69c093d33989aa791c4e8b2d",NA,NA,NA,NA,0
"3988","69c1256faa88d6296c98d745",NA,NA,NA,NA,0
"3989","69c2f0033339865c279814ca",NA,NA,NA,NA,0
"3990","69c6ec3a92185003cf70ded5",NA,NA,NA,NA,0
"3991","69cc1fac2b52b1c4dd21cc7d",NA,NA,NA,NA,0
"3992","69cec122e3cb56c2e7000c6b",NA,NA,NA,NA,0
"3993","69d2a8765e19038ab2fc0f56",NA,NA,NA,NA,0
"3994","69d5632f4815bcc4cb7242bf",NA,NA,NA,NA,0
"3995","69d5c4d748bcaf8026c80573",NA,NA,NA,NA,0
"3996","69daf476f6bc0d990581aca6",NA,NA,NA,NA,0
"3997","69dbf4749918745fc7d8e820",NA,NA,NA,NA,0
"3998","69dc76f0a77a620367d666ec",NA,NA,NA,NA,0
"3999","69dfe696c433039b7add8013",NA,NA,NA,NA,0
"4000","69e599577d00fb31c54fb004",NA,NA,NA,NA,0
"4001","69e816058da70eddb5dbc3e1",NA,NA,NA,NA,0
"4002","69e957ad6c65e153a1c65ae2",NA,NA,NA,NA,0
"4003","69ed15278090fe4438301d5c",NA,NA,NA,NA,0
"4004","69efe0b03221edd72686c185",NA,NA,NA,NA,0
"4005","69f0438cc141b27ed949788e",NA,NA,NA,NA,0
"4006","69f3d4f3fb7630947c56f1eb",NA,NA,NA,NA,0
"4007","69f6484996726366cacd162c",NA,NA,NA,NA,0
"4008","69f674db81cb46678aae6391",NA,NA,NA,NA,0
"4009","69f7b962446b32b08d58a1df",NA,NA,NA,NA,0
"4010","69f86a04fe802de5002bb70b",NA,NA,NA,NA,0
"4011","69f8db35f08d6c337883fcb4",NA,NA,NA,NA,0
"4012","69fb3314a5e95601464d1fea",NA,NA,NA,NA,0
"4013","69fb86296fb6f0919bf31075",NA,NA,NA,NA,0
"4014","69fcc8642de981c893eb6958",NA,NA,NA,NA,0
"4015","69fce9e45d612732dd1ae4e2",NA,NA,NA,NA,0
"4016","69fd3605435216c2d93bc72f",NA,NA,NA,NA,0
"4017","6a00b0ca46e3f2822d0349b6",NA,NA,NA,NA,0
"4018","6a00b4c7593a89490830c18c",NA,NA,NA,NA,0
"4019","6a00dbcc626a780a8e5c07a4",NA,NA,NA,NA,0
"4020","6a012d3c523e7311f4e55f61",NA,NA,NA,NA,0
"4021","6a01e843af8198a220b44a18",NA,NA,NA,NA,0
"4022","6a021dc98c730b8d3ce0deca",NA,NA,NA,NA,0
"4023","6a023ad806e8158958e73b75",NA,NA,NA,NA,0
"4024","6a04948f1e40214a25ff2563",NA,NA,NA,NA,0
"4025","6a05131f0ad03d07dd77178e",NA,NA,NA,NA,0
"4026","6a07687bad5809e8867bdffb",NA,NA,NA,NA,0
"4027","6a0a0fd9f370053c3505dc0f",NA,NA,NA,NA,0
"4028","6a0b7296246f70341f078e55",NA,NA,NA,NA,0
"4029","6a0b756dd47d16a4c82f5589",NA,NA,NA,NA,0
"4030","6a0dbb470d44c02c7ec444f0",NA,NA,NA,NA,0
"4031","6a0dfefeb75ae8ac09c192c6",NA,NA,NA,NA,0
"4032","6a0e0a9490e868c044e21936",NA,NA,NA,NA,0
"4033","6a0e2d716e90edf1ea83dce1",NA,NA,NA,NA,0
"4034","6a0f1056788a67850f057de4",NA,NA,NA,NA,0
"4035","6a0fdfd2db4241c9e5eca29a",NA,NA,NA,NA,0
"4036","6a14434573bcee3f17b7f762",NA,NA,NA,NA,0
"4037","6a14c736578656591db6ea31",NA,NA,NA,NA,0
"4038","6a14c84872f3851ab32e8c01",NA,NA,NA,NA,0
"4039","6a14e67cf20909f60e34ae64",NA,NA,NA,NA,0
"4040","6a14ed7d826b3c0b54334269",NA,NA,NA,NA,0
"4041","6a150fcbc5238897c2c9408e",NA,NA,NA,NA,0
"4042","6a1582166cefcdcbed565058",NA,NA,NA,NA,0
"4043","6a15d5fb80117206e7200cf7",NA,NA,NA,NA,0
"4044","6a15dfdb880253e5b6b917f3",NA,NA,NA,NA,0
"4045","6a177f7ec67996448d9c7d41",NA,NA,NA,NA,0
"4046","6a18b37c0157d881234ed29f",NA,NA,NA,NA,0
"4047","6a199661a2f63c5bf9835b2e",NA,NA,NA,NA,0
"4048","6a1a3e6d47ea4b557072cc4d",NA,NA,NA,NA,0
"4049","6a1ae40320c9511f890515f7",NA,NA,NA,NA,0
"4050","6a1b544246f12219f033d3c3",NA,NA,NA,NA,0
"4051","6a1cb95bf369926ac77ea9e5",NA,NA,NA,NA,0
"4052","6a1de36b3f5c6160ff6bf6a4",NA,NA,NA,NA,0
"4053","6a1f0ef7a64d44c972d3a5f7",NA,NA,NA,NA,0
"4054","6a1f832105dd8c89b5e930ad",NA,NA,NA,NA,0
"4055","6a2222ff6e1036656b0d5d08",NA,NA,NA,NA,0
"4056","6a232745f21e165e2b54ed58",NA,NA,NA,NA,0
"4057","6a2482e9af72b55296872b0d",NA,NA,NA,NA,0
"4058","6a2589e7b0645f2f7f1cc52c",NA,NA,NA,NA,0
"4059","6a3607f677860830aca5bdeb",NA,NA,NA,NA,0
"4060","62c5f85ccf34c8d9c0650f6e",NA,NA,NA,NA,0
"4061","65465c5bc5a014ec683d55cf",NA,NA,NA,NA,0
"4062","661c09a749790db73f8faba5",NA,NA,NA,NA,0
"4063","66315563a848526fcfa7555b",NA,NA,NA,NA,0
"4064","665795d82a087799023aaf0e",NA,NA,NA,NA,0
"4065","66da162f5538535e93490441",NA,NA,NA,NA,0
"4066","676956116c1a3416bf7b2afe",NA,NA,NA,NA,0
"4067","695ea002344d7ca1605c747a",NA,NA,NA,NA,0
"4068","6965bd850ce22095dd7a84ca",NA,NA,NA,NA,0
"4069","6978d830c5d415696508430d",NA,NA,NA,NA,0
"4070","697a495862ac67423e8418b8",NA,NA,NA,NA,0
"4071","6980dfb784202dcf9736910f",NA,NA,NA,NA,0
"4072","69864a705614c15728117b35",NA,NA,NA,NA,0
"4073","6987875a0a8fa6ed9ef00726",NA,NA,NA,NA,0
"4074","699b610e2ba4bade6f39121b",NA,NA,NA,NA,0
"4075","699cebf39bc275a312ffd51c",NA,NA,NA,NA,0
"4076","699d45af20adaa6e1e89aa5a",NA,NA,NA,NA,0
"4077","699e3cc79b0d3d96b469ca49",NA,NA,NA,NA,0
"4078","69a0734d1d433d3694c8438f",NA,NA,NA,NA,0
"4079","69a6eb2bc679065ed1cecc51",NA,NA,NA,NA,0
"4080","69a8cff018bead25e4a5d848",NA,NA,NA,NA,0
"4081","69b19e44edf4d70aee145c16",NA,NA,NA,NA,0
"4082","69b3193cce0978ad6db9fe7c",NA,NA,NA,NA,0
"4083","69b5c6bdbcf55371066f5e73",NA,NA,NA,NA,0
"4084","69ba37faee13f176e7635323",NA,NA,NA,NA,0
"4085","69bdf2afe629d42bfc47997f",NA,NA,NA,NA,0
"4086","69c093d33989aa791c4e8b2d",NA,NA,NA,NA,0
"4087","69c1256faa88d6296c98d745",NA,NA,NA,NA,0
"4088","69c2f0033339865c279814ca",NA,NA,NA,NA,0
"4089","69c6ec3a92185003cf70ded5",NA,NA,NA,NA,0
"4090","69cc1fac2b52b1c4dd21cc7d",NA,NA,NA,NA,0
"4091","69cec122e3cb56c2e7000c6b",NA,NA,NA,NA,0
"4092","69d2a8765e19038ab2fc0f56",NA,NA,NA,NA,0
"4093","69d5632f4815bcc4cb7242bf",NA,NA,NA,NA,0
"4094","69d5c4d748bcaf8026c80573",NA,NA,NA,NA,0
"4095","69daf476f6bc0d990581aca6",NA,NA,NA,NA,0
"4096","69dbf4749918745fc7d8e820",NA,NA,NA,NA,0
"4097","69dc76f0a77a620367d666ec",NA,NA,NA,NA,0
"4098","69dfe696c433039b7add8013",NA,NA,NA,NA,0
"4099","69e599577d00fb31c54fb004",NA,NA,NA,NA,0
"4100","69e816058da70eddb5dbc3e1",NA,NA,NA,NA,0
"4101","69e957ad6c65e153a1c65ae2",NA,NA,NA,NA,0
"4102","69ed15278090fe4438301d5c",NA,NA,NA,NA,0
"4103","69efe0b03221edd72686c185",NA,NA,NA,NA,0
"4104","69f0438cc141b27ed949788e",NA,NA,NA,NA,0
"4105","69f3d4f3fb7630947c56f1eb",NA,NA,NA,NA,0
"4106","69f6484996726366cacd162c",NA,NA,NA,NA,0
"4107","69f674db81cb46678aae6391",NA,NA,NA,NA,0
"4108","69f7b962446b32b08d58a1df",NA,NA,NA,NA,0
"4109","69f86a04fe802de5002bb70b",NA,NA,NA,NA,0
"4110","69f8db35f08d6c337883fcb4",NA,NA,NA,NA,0
"4111","69fb3314a5e95601464d1fea",NA,NA,NA,NA,0
"4112","69fb86296fb6f0919bf31075",NA,NA,NA,NA,0
"4113","69fcc8642de981c893eb6958",NA,NA,NA,NA,0
"4114","69fce9e45d612732dd1ae4e2",NA,NA,NA,NA,0
"4115","69fd3605435216c2d93bc72f",NA,NA,NA,NA,0
"4116","6a00b0ca46e3f2822d0349b6",NA,NA,NA,NA,0
"4117","6a00b4c7593a89490830c18c",NA,NA,NA,NA,0
"4118","6a00dbcc626a780a8e5c07a4",NA,NA,NA,NA,0
"4119","6a012d3c523e7311f4e55f61",NA,NA,NA,NA,0
"4120","6a01e843af8198a220b44a18",NA,NA,NA,NA,0
"4121","6a021dc98c730b8d3ce0deca",NA,NA,NA,NA,0
"4122","6a023ad806e8158958e73b75",NA,NA,NA,NA,0
"4123","6a04948f1e40214a25ff2563",NA,NA,NA,NA,0
"4124","6a05131f0ad03d07dd77178e",NA,NA,NA,NA,0
"4125","6a07687bad5809e8867bdffb",NA,NA,NA,NA,0
"4126","6a0a0fd9f370053c3505dc0f",NA,NA,NA,NA,0
"4127","6a0b7296246f70341f078e55",NA,NA,NA,NA,0
"4128","6a0b756dd47d16a4c82f5589",NA,NA,NA,NA,0
"4129","6a0dbb470d44c02c7ec444f0",NA,NA,NA,NA,0
"4130","6a0dfefeb75ae8ac09c192c6",NA,NA,NA,NA,0
"4131","6a0e0a9490e868c044e21936",NA,NA,NA,NA,0
"4132","6a0e2d716e90edf1ea83dce1",NA,NA,NA,NA,0
"4133","6a0f1056788a67850f057de4",NA,NA,NA,NA,0
"4134","6a0fdfd2db4241c9e5eca29a",NA,NA,NA,NA,0
"4135","6a14434573bcee3f17b7f762",NA,NA,NA,NA,0
"4136","6a14c736578656591db6ea31",NA,NA,NA,NA,0
"4137","6a14c84872f3851ab32e8c01",NA,NA,NA,NA,0
"4138","6a14e67cf20909f60e34ae64",NA,NA,NA,NA,0
"4139","6a14ed7d826b3c0b54334269",NA,NA,NA,NA,0
"4140","6a150fcbc5238897c2c9408e",NA,NA,NA,NA,0
"4141","6a1582166cefcdcbed565058",NA,NA,NA,NA,0
"4142","6a15d5fb80117206e7200cf7",NA,NA,NA,NA,0
"4143","6a15dfdb880253e5b6b917f3",NA,NA,NA,NA,0
"4144","6a177f7ec67996448d9c7d41",NA,NA,NA,NA,0
"4145","6a18b37c0157d881234ed29f",NA,NA,NA,NA,0
"4146","6a199661a2f63c5bf9835b2e",NA,NA,NA,NA,0
"4147","6a1a3e6d47ea4b557072cc4d",NA,NA,NA,NA,0
"4148","6a1ae40320c9511f890515f7",NA,NA,NA,NA,0
"4149","6a1b544246f12219f033d3c3",NA,NA,NA,NA,0
"4150","6a1cb95bf369926ac77ea9e5",NA,NA,NA,NA,0
"4151","6a1de36b3f5c6160ff6bf6a4",NA,NA,NA,NA,0
"4152","6a1f0ef7a64d44c972d3a5f7",NA,NA,NA,NA,0
"4153","6a1f832105dd8c89b5e930ad",NA,NA,NA,NA,0
"4154","6a2222ff6e1036656b0d5d08",NA,NA,NA,NA,0
"4155","6a232745f21e165e2b54ed58",NA,NA,NA,NA,0
"4156","6a2482e9af72b55296872b0d",NA,NA,NA,NA,0
"4157","6a2589e7b0645f2f7f1cc52c",NA,NA,NA,NA,0
"4158","6a3607f677860830aca5bdeb",NA,NA,NA,NA,0
"4159","62c5f85ccf34c8d9c0650f6e",NA,NA,NA,NA,0
"4160","65465c5bc5a014ec683d55cf",NA,NA,NA,NA,0
"4161","661c09a749790db73f8faba5",NA,NA,NA,NA,0
"4162","66315563a848526fcfa7555b",NA,NA,NA,NA,0
"4163","665795d82a087799023aaf0e",NA,NA,NA,NA,0
"4164","66da162f5538535e93490441",NA,NA,NA,NA,0
"4165","676956116c1a3416bf7b2afe",NA,NA,NA,NA,0
"4166","695ea002344d7ca1605c747a",NA,NA,NA,NA,0
"4167","6965bd850ce22095dd7a84ca",NA,NA,NA,NA,0
"4168","6978d830c5d415696508430d",NA,NA,NA,NA,0
"4169","697a495862ac67423e8418b8",NA,NA,NA,NA,0
"4170","6980dfb784202dcf9736910f",NA,NA,NA,NA,0
"4171","69864a705614c15728117b35",NA,NA,NA,NA,0
"4172","6987875a0a8fa6ed9ef00726",NA,NA,NA,NA,0
"4173","699b610e2ba4bade6f39121b",NA,NA,NA,NA,0
"4174","699cebf39bc275a312ffd51c",NA,NA,NA,NA,0
"4175","699d45af20adaa6e1e89aa5a",NA,NA,NA,NA,0
"4176","699e3cc79b0d3d96b469ca49",NA,NA,NA,NA,0
"4177","69a0734d1d433d3694c8438f",NA,NA,NA,NA,0
"4178","69a6eb2bc679065ed1cecc51",NA,NA,NA,NA,0
"4179","69a8cff018bead25e4a5d848",NA,NA,NA,NA,0
"4180","69b19e44edf4d70aee145c16",NA,NA,NA,NA,0
"4181","69b3193cce0978ad6db9fe7c",NA,NA,NA,NA,0
"4182","69b5c6bdbcf55371066f5e73",NA,NA,NA,NA,0
"4183","69ba37faee13f176e7635323",NA,NA,NA,NA,0
"4184","69bdf2afe629d42bfc47997f",NA,NA,NA,NA,0
"4185","69c093d33989aa791c4e8b2d",NA,NA,NA,NA,0
"4186","69c1256faa88d6296c98d745",NA,NA,NA,NA,0
"4187","69c2f0033339865c279814ca",NA,NA,NA,NA,0
"4188","69c6ec3a92185003cf70ded5",NA,NA,NA,NA,0
"4189","69cc1fac2b52b1c4dd21cc7d",NA,NA,NA,NA,0
"4190","69cec122e3cb56c2e7000c6b",NA,NA,NA,NA,0
"4191","69d2a8765e19038ab2fc0f56",NA,NA,NA,NA,0
"4192","69d5632f4815bcc4cb7242bf",NA,NA,NA,NA,0
"4193","69d5c4d748bcaf8026c80573",NA,NA,NA,NA,0
"4194","69daf476f6bc0d990581aca6",NA,NA,NA,NA,0
"4195","69dbf4749918745fc7d8e820",NA,NA,NA,NA,0
"4196","69dc76f0a77a620367d666ec",NA,NA,NA,NA,0
"4197","69dfe696c433039b7add8013",NA,NA,NA,NA,0
"4198","69e599577d00fb31c54fb004",NA,NA,NA,NA,0
"4199","69e816058da70eddb5dbc3e1",NA,NA,NA,NA,0
"4200","69e957ad6c65e153a1c65ae2",NA,NA,NA,NA,0
"4201","69ed15278090fe4438301d5c",NA,NA,NA,NA,0
"4202","69efe0b03221edd72686c185",NA,NA,NA,NA,0
"4203","69f0438cc141b27ed949788e",NA,NA,NA,NA,0
"4204","69f3d4f3fb7630947c56f1eb",NA,NA,NA,NA,0
"4205","69f6484996726366cacd162c",NA,NA,NA,NA,0
"4206","69f674db81cb46678aae6391",NA,NA,NA,NA,0
"4207","69f7b962446b32b08d58a1df",NA,NA,NA,NA,0
"4208","69f86a04fe802de5002bb70b",NA,NA,NA,NA,0
"4209","69f8db35f08d6c337883fcb4",NA,NA,NA,NA,0
"4210","69fb3314a5e95601464d1fea",NA,NA,NA,NA,0
"4211","69fb86296fb6f0919bf31075",NA,NA,NA,NA,0
"4212","69fcc8642de981c893eb6958",NA,NA,NA,NA,0
"4213","69fce9e45d612732dd1ae4e2",NA,NA,NA,NA,0
"4214","69fd3605435216c2d93bc72f",NA,NA,NA,NA,0
"4215","6a00b0ca46e3f2822d0349b6",NA,NA,NA,NA,0
"4216","6a00b4c7593a89490830c18c",NA,NA,NA,NA,0
"4217","6a00dbcc626a780a8e5c07a4",NA,NA,NA,NA,0
"4218","6a012d3c523e7311f4e55f61",NA,NA,NA,NA,0
"4219","6a01e843af8198a220b44a18",NA,NA,NA,NA,0
"4220","6a021dc98c730b8d3ce0deca",NA,NA,NA,NA,0
"4221","6a023ad806e8158958e73b75",NA,NA,NA,NA,0
"4222","6a04948f1e40214a25ff2563",NA,NA,NA,NA,0
"4223","6a05131f0ad03d07dd77178e",NA,NA,NA,NA,0
"4224","6a07687bad5809e8867bdffb",NA,NA,NA,NA,0
"4225","6a0a0fd9f370053c3505dc0f",NA,NA,NA,NA,0
"4226","6a0b7296246f70341f078e55",NA,NA,NA,NA,0
"4227","6a0b756dd47d16a4c82f5589",NA,NA,NA,NA,0
"4228","6a0dbb470d44c02c7ec444f0",NA,NA,NA,NA,0
"4229","6a0dfefeb75ae8ac09c192c6",NA,NA,NA,NA,0
"4230","6a0e0a9490e868c044e21936",NA,NA,NA,NA,0
"4231","6a0e2d716e90edf1ea83dce1",NA,NA,NA,NA,0
"4232","6a0f1056788a67850f057de4",NA,NA,NA,NA,0
"4233","6a0fdfd2db4241c9e5eca29a",NA,NA,NA,NA,0
"4234","6a14434573bcee3f17b7f762",NA,NA,NA,NA,0
"4235","6a14c736578656591db6ea31",NA,NA,NA,NA,0
"4236","6a14c84872f3851ab32e8c01",NA,NA,NA,NA,0
"4237","6a14e67cf20909f60e34ae64",NA,NA,NA,NA,0
"4238","6a14ed7d826b3c0b54334269",NA,NA,NA,NA,0
"4239","6a150fcbc5238897c2c9408e",NA,NA,NA,NA,0
"4240","6a1582166cefcdcbed565058",NA,NA,NA,NA,0
"4241","6a15d5fb80117206e7200cf7",NA,NA,NA,NA,0
"4242","6a15dfdb880253e5b6b917f3",NA,NA,NA,NA,0
"4243","6a177f7ec67996448d9c7d41",NA,NA,NA,NA,0
"4244","6a18b37c0157d881234ed29f",NA,NA,NA,NA,0
"4245","6a199661a2f63c5bf9835b2e",NA,NA,NA,NA,0
"4246","6a1a3e6d47ea4b557072cc4d",NA,NA,NA,NA,0
"4247","6a1ae40320c9511f890515f7",NA,NA,NA,NA,0
"4248","6a1b544246f12219f033d3c3",NA,NA,NA,NA,0
"4249","6a1cb95bf369926ac77ea9e5",NA,NA,NA,NA,0
"4250","6a1de36b3f5c6160ff6bf6a4",NA,NA,NA,NA,0
"4251","6a1f0ef7a64d44c972d3a5f7",NA,NA,NA,NA,0
"4252","6a1f832105dd8c89b5e930ad",NA,NA,NA,NA,0
"4253","6a2222ff6e1036656b0d5d08",NA,NA,NA,NA,0
"4254","6a232745f21e165e2b54ed58",NA,NA,NA,NA,0
"4255","6a2482e9af72b55296872b0d",NA,NA,NA,NA,0
"4256","6a2589e7b0645f2f7f1cc52c",NA,NA,NA,NA,0
"4257","6a3607f677860830aca5bdeb",NA,NA,NA,NA,0
"4258","62c5f85ccf34c8d9c0650f6e",NA,NA,NA,NA,0
"4259","65465c5bc5a014ec683d55cf",NA,NA,NA,NA,0
"4260","661c09a749790db73f8faba5",NA,NA,NA,NA,0
"4261","66315563a848526fcfa7555b",NA,NA,NA,NA,0
"4262","665795d82a087799023aaf0e",NA,NA,NA,NA,0
"4263","66da162f5538535e93490441",NA,NA,NA,NA,0
"4264","676956116c1a3416bf7b2afe",NA,NA,NA,NA,0
"4265","695ea002344d7ca1605c747a",NA,NA,NA,NA,0
"4266","6965bd850ce22095dd7a84ca",NA,NA,NA,NA,0
"4267","6978d830c5d415696508430d",NA,NA,NA,NA,0
"4268","697a495862ac67423e8418b8",NA,NA,NA,NA,0
"4269","6980dfb784202dcf9736910f",NA,NA,NA,NA,0
"4270","69864a705614c15728117b35",NA,NA,NA,NA,0
"4271","6987875a0a8fa6ed9ef00726",NA,NA,NA,NA,0
"4272","699b610e2ba4bade6f39121b",NA,NA,NA,NA,0
"4273","699cebf39bc275a312ffd51c",NA,NA,NA,NA,0
"4274","699d45af20adaa6e1e89aa5a",NA,NA,NA,NA,0
"4275","699e3cc79b0d3d96b469ca49",NA,NA,NA,NA,0
"4276","69a0734d1d433d3694c8438f",NA,NA,NA,NA,0
"4277","69a6eb2bc679065ed1cecc51",NA,NA,NA,NA,0
"4278","69a8cff018bead25e4a5d848",NA,NA,NA,NA,0
"4279","69b19e44edf4d70aee145c16",NA,NA,NA,NA,0
"4280","69b3193cce0978ad6db9fe7c",NA,NA,NA,NA,0
"4281","69b5c6bdbcf55371066f5e73",NA,NA,NA,NA,0
"4282","69ba37faee13f176e7635323",NA,NA,NA,NA,0
"4283","69bdf2afe629d42bfc47997f",NA,NA,NA,NA,0
"4284","69c093d33989aa791c4e8b2d",NA,NA,NA,NA,0
"4285","69c1256faa88d6296c98d745",NA,NA,NA,NA,0
"4286","69c2f0033339865c279814ca",NA,NA,NA,NA,0
"4287","69c6ec3a92185003cf70ded5",NA,NA,NA,NA,0
"4288","69cc1fac2b52b1c4dd21cc7d",NA,NA,NA,NA,0
"4289","69cec122e3cb56c2e7000c6b",NA,NA,NA,NA,0
"4290","69d2a8765e19038ab2fc0f56",NA,NA,NA,NA,0
"4291","69d5632f4815bcc4cb7242bf",NA,NA,NA,NA,0
"4292","69d5c4d748bcaf8026c80573",NA,NA,NA,NA,0
"4293","69daf476f6bc0d990581aca6",NA,NA,NA,NA,0
"4294","69dbf4749918745fc7d8e820",NA,NA,NA,NA,0
"4295","69dc76f0a77a620367d666ec",NA,NA,NA,NA,0
"4296","69dfe696c433039b7add8013",NA,NA,NA,NA,0
"4297","69e599577d00fb31c54fb004",NA,NA,NA,NA,0
"4298","69e816058da70eddb5dbc3e1",NA,NA,NA,NA,0
"4299","69e957ad6c65e153a1c65ae2",NA,NA,NA,NA,0
"4300","69ed15278090fe4438301d5c",NA,NA,NA,NA,0
"4301","69efe0b03221edd72686c185",NA,NA,NA,NA,0
"4302","69f0438cc141b27ed949788e",NA,NA,NA,NA,0
"4303","69f3d4f3fb7630947c56f1eb",NA,NA,NA,NA,0
"4304","69f6484996726366cacd162c",NA,NA,NA,NA,0
"4305","69f674db81cb46678aae6391",NA,NA,NA,NA,0
"4306","69f7b962446b32b08d58a1df",NA,NA,NA,NA,0
"4307","69f86a04fe802de5002bb70b",NA,NA,NA,NA,0
"4308","69f8db35f08d6c337883fcb4",NA,NA,NA,NA,0
"4309","69fb3314a5e95601464d1fea",NA,NA,NA,NA,0
"4310","69fb86296fb6f0919bf31075",NA,NA,NA,NA,0
"4311","69fcc8642de981c893eb6958",NA,NA,NA,NA,0
"4312","69fce9e45d612732dd1ae4e2",NA,NA,NA,NA,0
"4313","69fd3605435216c2d93bc72f",NA,NA,NA,NA,0
"4314","6a00b0ca46e3f2822d0349b6",NA,NA,NA,NA,0
"4315","6a00b4c7593a89490830c18c",NA,NA,NA,NA,0
"4316","6a00dbcc626a780a8e5c07a4",NA,NA,NA,NA,0
"4317","6a012d3c523e7311f4e55f61",NA,NA,NA,NA,0
"4318","6a01e843af8198a220b44a18",NA,NA,NA,NA,0
"4319","6a021dc98c730b8d3ce0deca",NA,NA,NA,NA,0
"4320","6a023ad806e8158958e73b75",NA,NA,NA,NA,0
"4321","6a04948f1e40214a25ff2563",NA,NA,NA,NA,0
"4322","6a05131f0ad03d07dd77178e",NA,NA,NA,NA,0
"4323","6a07687bad5809e8867bdffb",NA,NA,NA,NA,0
"4324","6a0a0fd9f370053c3505dc0f",NA,NA,NA,NA,0
"4325","6a0b7296246f70341f078e55",NA,NA,NA,NA,0
"4326","6a0b756dd47d16a4c82f5589",NA,NA,NA,NA,0
"4327","6a0dbb470d44c02c7ec444f0",NA,NA,NA,NA,0
"4328","6a0dfefeb75ae8ac09c192c6",NA,NA,NA,NA,0
"4329","6a0e0a9490e868c044e21936",NA,NA,NA,NA,0
"4330","6a0e2d716e90edf1ea83dce1",NA,NA,NA,NA,0
"4331","6a0f1056788a67850f057de4",NA,NA,NA,NA,0
"4332","6a0fdfd2db4241c9e5eca29a",NA,NA,NA,NA,0
"4333","6a14434573bcee3f17b7f762",NA,NA,NA,NA,0
"4334","6a14c736578656591db6ea31",NA,NA,NA,NA,0
"4335","6a14c84872f3851ab32e8c01",NA,NA,NA,NA,0
"4336","6a14e67cf20909f60e34ae64",NA,NA,NA,NA,0
"4337","6a14ed7d826b3c0b54334269",NA,NA,NA,NA,0
"4338","6a150fcbc5238897c2c9408e",NA,NA,NA,NA,0
"4339","6a1582166cefcdcbed565058",NA,NA,NA,NA,0
"4340","6a15d5fb80117206e7200cf7",NA,NA,NA,NA,0
"4341","6a15dfdb880253e5b6b917f3",NA,NA,NA,NA,0
"4342","6a177f7ec67996448d9c7d41",NA,NA,NA,NA,0
"4343","6a18b37c0157d881234ed29f",NA,NA,NA,NA,0
"4344","6a199661a2f63c5bf9835b2e",NA,NA,NA,NA,0
"4345","6a1a3e6d47ea4b557072cc4d",NA,NA,NA,NA,0
"4346","6a1ae40320c9511f890515f7",NA,NA,NA,NA,0
"4347","6a1b544246f12219f033d3c3",NA,NA,NA,NA,0
"4348","6a1cb95bf369926ac77ea9e5",NA,NA,NA,NA,0
"4349","6a1de36b3f5c6160ff6bf6a4",NA,NA,NA,NA,0
"4350","6a1f0ef7a64d44c972d3a5f7",NA,NA,NA,NA,0
"4351","6a1f832105dd8c89b5e930ad",NA,NA,NA,NA,0
"4352","6a2222ff6e1036656b0d5d08",NA,NA,NA,NA,0
"4353","6a232745f21e165e2b54ed58",NA,NA,NA,NA,0
"4354","6a2482e9af72b55296872b0d",NA,NA,NA,NA,0
"4355","6a2589e7b0645f2f7f1cc52c",NA,NA,NA,NA,0
"4356","6a3607f677860830aca5bdeb",NA,NA,NA,NA,0
"4357","62c5f85ccf34c8d9c0650f6e",NA,NA,NA,NA,0
"4358","65465c5bc5a014ec683d55cf",NA,NA,NA,NA,0
"4359","661c09a749790db73f8faba5",NA,NA,NA,NA,0
"4360","66315563a848526fcfa7555b",NA,NA,NA,NA,0
"4361","665795d82a087799023aaf0e",NA,NA,NA,NA,0
"4362","66da162f5538535e93490441",NA,NA,NA,NA,0
"4363","676956116c1a3416bf7b2afe",NA,NA,NA,NA,0
"4364","695ea002344d7ca1605c747a",NA,NA,NA,NA,0
"4365","6965bd850ce22095dd7a84ca",NA,NA,NA,NA,0
"4366","6978d830c5d415696508430d",NA,NA,NA,NA,0
"4367","697a495862ac67423e8418b8",NA,NA,NA,NA,0
"4368","6980dfb784202dcf9736910f",NA,NA,NA,NA,0
"4369","69864a705614c15728117b35",NA,NA,NA,NA,0
"4370","6987875a0a8fa6ed9ef00726",NA,NA,NA,NA,0
"4371","699b610e2ba4bade6f39121b",NA,NA,NA,NA,0
"4372","699cebf39bc275a312ffd51c",NA,NA,NA,NA,0
"4373","699d45af20adaa6e1e89aa5a",NA,NA,NA,NA,0
"4374","699e3cc79b0d3d96b469ca49",NA,NA,NA,NA,0
"4375","69a0734d1d433d3694c8438f",NA,NA,NA,NA,0
"4376","69a6eb2bc679065ed1cecc51",NA,NA,NA,NA,0
"4377","69a8cff018bead25e4a5d848",NA,NA,NA,NA,0
"4378","69b19e44edf4d70aee145c16",NA,NA,NA,NA,0
"4379","69b3193cce0978ad6db9fe7c",NA,NA,NA,NA,0
"4380","69b5c6bdbcf55371066f5e73",NA,NA,NA,NA,0
"4381","69ba37faee13f176e7635323",NA,NA,NA,NA,0
"4382","69bdf2afe629d42bfc47997f",NA,NA,NA,NA,0
"4383","69c093d33989aa791c4e8b2d",NA,NA,NA,NA,0
"4384","69c1256faa88d6296c98d745",NA,NA,NA,NA,0
"4385","69c2f0033339865c279814ca",NA,NA,NA,NA,0
"4386","69c6ec3a92185003cf70ded5",NA,NA,NA,NA,0
"4387","69cc1fac2b52b1c4dd21cc7d",NA,NA,NA,NA,0
"4388","69cec122e3cb56c2e7000c6b",NA,NA,NA,NA,0
"4389","69d2a8765e19038ab2fc0f56",NA,NA,NA,NA,0
"4390","69d5632f4815bcc4cb7242bf",NA,NA,NA,NA,0
"4391","69d5c4d748bcaf8026c80573",NA,NA,NA,NA,0
"4392","69daf476f6bc0d990581aca6",NA,NA,NA,NA,0
"4393","69dbf4749918745fc7d8e820",NA,NA,NA,NA,0
"4394","69dc76f0a77a620367d666ec",NA,NA,NA,NA,0
"4395","69dfe696c433039b7add8013",NA,NA,NA,NA,0
"4396","69e599577d00fb31c54fb004",NA,NA,NA,NA,0
"4397","69e816058da70eddb5dbc3e1",NA,NA,NA,NA,0
"4398","69e957ad6c65e153a1c65ae2",NA,NA,NA,NA,0
"4399","69ed15278090fe4438301d5c",NA,NA,NA,NA,0
"4400","69efe0b03221edd72686c185",NA,NA,NA,NA,0
"4401","69f0438cc141b27ed949788e",NA,NA,NA,NA,0
"4402","69f3d4f3fb7630947c56f1eb",NA,NA,NA,NA,0
"4403","69f6484996726366cacd162c",NA,NA,NA,NA,0
"4404","69f674db81cb46678aae6391",NA,NA,NA,NA,0
"4405","69f7b962446b32b08d58a1df",NA,NA,NA,NA,0
"4406","69f86a04fe802de5002bb70b",NA,NA,NA,NA,0
"4407","69f8db35f08d6c337883fcb4",NA,NA,NA,NA,0
"4408","69fb3314a5e95601464d1fea",NA,NA,NA,NA,0
"4409","69fb86296fb6f0919bf31075",NA,NA,NA,NA,0
"4410","69fcc8642de981c893eb6958",NA,NA,NA,NA,0
"4411","69fce9e45d612732dd1ae4e2",NA,NA,NA,NA,0
"4412","69fd3605435216c2d93bc72f",NA,NA,NA,NA,0
"4413","6a00b0ca46e3f2822d0349b6",NA,NA,NA,NA,0
"4414","6a00b4c7593a89490830c18c",NA,NA,NA,NA,0
"4415","6a00dbcc626a780a8e5c07a4",NA,NA,NA,NA,0
"4416","6a012d3c523e7311f4e55f61",NA,NA,NA,NA,0
"4417","6a01e843af8198a220b44a18",NA,NA,NA,NA,0
"4418","6a021dc98c730b8d3ce0deca",NA,NA,NA,NA,0
"4419","6a023ad806e8158958e73b75",NA,NA,NA,NA,0
"4420","6a04948f1e40214a25ff2563",NA,NA,NA,NA,0
"4421","6a05131f0ad03d07dd77178e",NA,NA,NA,NA,0
"4422","6a07687bad5809e8867bdffb",NA,NA,NA,NA,0
"4423","6a0a0fd9f370053c3505dc0f",NA,NA,NA,NA,0
"4424","6a0b7296246f70341f078e55",NA,NA,NA,NA,0
"4425","6a0b756dd47d16a4c82f5589",NA,NA,NA,NA,0
"4426","6a0dbb470d44c02c7ec444f0",NA,NA,NA,NA,0
"4427","6a0dfefeb75ae8ac09c192c6",NA,NA,NA,NA,0
"4428","6a0e0a9490e868c044e21936",NA,NA,NA,NA,0
"4429","6a0e2d716e90edf1ea83dce1",NA,NA,NA,NA,0
"4430","6a0f1056788a67850f057de4",NA,NA,NA,NA,0
"4431","6a0fdfd2db4241c9e5eca29a",NA,NA,NA,NA,0
"4432","6a14434573bcee3f17b7f762",NA,NA,NA,NA,0
"4433","6a14c736578656591db6ea31",NA,NA,NA,NA,0
"4434","6a14c84872f3851ab32e8c01",NA,NA,NA,NA,0
"4435","6a14e67cf20909f60e34ae64",NA,NA,NA,NA,0
"4436","6a14ed7d826b3c0b54334269",NA,NA,NA,NA,0
"4437","6a150fcbc5238897c2c9408e",NA,NA,NA,NA,0
"4438","6a1582166cefcdcbed565058",NA,NA,NA,NA,0
"4439","6a15d5fb80117206e7200cf7",NA,NA,NA,NA,0
"4440","6a15dfdb880253e5b6b917f3",NA,NA,NA,NA,0
"4441","6a177f7ec67996448d9c7d41",NA,NA,NA,NA,0
"4442","6a18b37c0157d881234ed29f",NA,NA,NA,NA,0
"4443","6a199661a2f63c5bf9835b2e",NA,NA,NA,NA,0
"4444","6a1a3e6d47ea4b557072cc4d",NA,NA,NA,NA,0
"4445","6a1ae40320c9511f890515f7",NA,NA,NA,NA,0
"4446","6a1b544246f12219f033d3c3",NA,NA,NA,NA,0
"4447","6a1cb95bf369926ac77ea9e5",NA,NA,NA,NA,0
"4448","6a1de36b3f5c6160ff6bf6a4",NA,NA,NA,NA,0
"4449","6a1f0ef7a64d44c972d3a5f7",NA,NA,NA,NA,0
"4450","6a1f832105dd8c89b5e930ad",NA,NA,NA,NA,0
"4451","6a2222ff6e1036656b0d5d08",NA,NA,NA,NA,0
"4452","6a232745f21e165e2b54ed58",NA,NA,NA,NA,0
"4453","6a2482e9af72b55296872b0d",NA,NA,NA,NA,0
"4454","6a2589e7b0645f2f7f1cc52c",NA,NA,NA,NA,0
"4455","6a3607f677860830aca5bdeb",NA,NA,NA,NA,0
"4456","62c5f85ccf34c8d9c0650f6e",NA,NA,NA,NA,0
"4457","65465c5bc5a014ec683d55cf",NA,NA,NA,NA,0
"4458","661c09a749790db73f8faba5",NA,NA,NA,NA,0
"4459","66315563a848526fcfa7555b",NA,NA,NA,NA,0
"4460","665795d82a087799023aaf0e",NA,NA,NA,NA,0
"4461","66da162f5538535e93490441",NA,NA,NA,NA,0
"4462","676956116c1a3416bf7b2afe",NA,NA,NA,NA,0
"4463","695ea002344d7ca1605c747a",NA,NA,NA,NA,0
"4464","6965bd850ce22095dd7a84ca",NA,NA,NA,NA,0
"4465","6978d830c5d415696508430d",NA,NA,NA,NA,0
"4466","697a495862ac67423e8418b8",NA,NA,NA,NA,0
"4467","6980dfb784202dcf9736910f",NA,NA,NA,NA,0
"4468","69864a705614c15728117b35",NA,NA,NA,NA,0
"4469","6987875a0a8fa6ed9ef00726",NA,NA,NA,NA,0
"4470","699b610e2ba4bade6f39121b",NA,NA,NA,NA,0
"4471","699cebf39bc275a312ffd51c",NA,NA,NA,NA,0
"4472","699d45af20adaa6e1e89aa5a",NA,NA,NA,NA,0
"4473","699e3cc79b0d3d96b469ca49",NA,NA,NA,NA,0
"4474","69a0734d1d433d3694c8438f",NA,NA,NA,NA,0
"4475","69a6eb2bc679065ed1cecc51",NA,NA,NA,NA,0
"4476","69a8cff018bead25e4a5d848",NA,NA,NA,NA,0
"4477","69b19e44edf4d70aee145c16",NA,NA,NA,NA,0
"4478","69b3193cce0978ad6db9fe7c",NA,NA,NA,NA,0
"4479","69b5c6bdbcf55371066f5e73",NA,NA,NA,NA,0
"4480","69ba37faee13f176e7635323",NA,NA,NA,NA,0
"4481","69bdf2afe629d42bfc47997f",NA,NA,NA,NA,0
"4482","69c093d33989aa791c4e8b2d",NA,NA,NA,NA,0
"4483","69c1256faa88d6296c98d745",NA,NA,NA,NA,0
"4484","69c2f0033339865c279814ca",NA,NA,NA,NA,0
"4485","69c6ec3a92185003cf70ded5",NA,NA,NA,NA,0
"4486","69cc1fac2b52b1c4dd21cc7d",NA,NA,NA,NA,0
"4487","69cec122e3cb56c2e7000c6b",NA,NA,NA,NA,0
"4488","69d2a8765e19038ab2fc0f56",NA,NA,NA,NA,0
"4489","69d5632f4815bcc4cb7242bf",NA,NA,NA,NA,0
"4490","69d5c4d748bcaf8026c80573",NA,NA,NA,NA,0
"4491","69daf476f6bc0d990581aca6",NA,NA,NA,NA,0
"4492","69dbf4749918745fc7d8e820",NA,NA,NA,NA,0
"4493","69dc76f0a77a620367d666ec",NA,NA,NA,NA,0
"4494","69dfe696c433039b7add8013",NA,NA,NA,NA,0
"4495","69e599577d00fb31c54fb004",NA,NA,NA,NA,0
"4496","69e816058da70eddb5dbc3e1",NA,NA,NA,NA,0
"4497","69e957ad6c65e153a1c65ae2",NA,NA,NA,NA,0
"4498","69ed15278090fe4438301d5c",NA,NA,NA,NA,0
"4499","69efe0b03221edd72686c185",NA,NA,NA,NA,0
"4500","69f0438cc141b27ed949788e",NA,NA,NA,NA,0
"4501","69f3d4f3fb7630947c56f1eb",NA,NA,NA,NA,0
"4502","69f6484996726366cacd162c",NA,NA,NA,NA,0
"4503","69f674db81cb46678aae6391",NA,NA,NA,NA,0
"4504","69f7b962446b32b08d58a1df",NA,NA,NA,NA,0
"4505","69f86a04fe802de5002bb70b",NA,NA,NA,NA,0
"4506","69f8db35f08d6c337883fcb4",NA,NA,NA,NA,0
"4507","69fb3314a5e95601464d1fea",NA,NA,NA,NA,0
"4508","69fb86296fb6f0919bf31075",NA,NA,NA,NA,0
"4509","69fcc8642de981c893eb6958",NA,NA,NA,NA,0
"4510","69fce9e45d612732dd1ae4e2",NA,NA,NA,NA,0
"4511","69fd3605435216c2d93bc72f",NA,NA,NA,NA,0
"4512","6a00b0ca46e3f2822d0349b6",NA,NA,NA,NA,0
"4513","6a00b4c7593a89490830c18c",NA,NA,NA,NA,0
"4514","6a00dbcc626a780a8e5c07a4",NA,NA,NA,NA,0
"4515","6a012d3c523e7311f4e55f61",NA,NA,NA,NA,0
"4516","6a01e843af8198a220b44a18",NA,NA,NA,NA,0
"4517","6a021dc98c730b8d3ce0deca",NA,NA,NA,NA,0
"4518","6a023ad806e8158958e73b75",NA,NA,NA,NA,0
"4519","6a04948f1e40214a25ff2563",NA,NA,NA,NA,0
"4520","6a05131f0ad03d07dd77178e",NA,NA,NA,NA,0
"4521","6a07687bad5809e8867bdffb",NA,NA,NA,NA,0
"4522","6a0a0fd9f370053c3505dc0f",NA,NA,NA,NA,0
"4523","6a0b7296246f70341f078e55",NA,NA,NA,NA,0
"4524","6a0b756dd47d16a4c82f5589",NA,NA,NA,NA,0
"4525","6a0dbb470d44c02c7ec444f0",NA,NA,NA,NA,0
"4526","6a0dfefeb75ae8ac09c192c6",NA,NA,NA,NA,0
"4527","6a0e0a9490e868c044e21936",NA,NA,NA,NA,0
"4528","6a0e2d716e90edf1ea83dce1",NA,NA,NA,NA,0
"4529","6a0f1056788a67850f057de4",NA,NA,NA,NA,0
"4530","6a0fdfd2db4241c9e5eca29a",NA,NA,NA,NA,0
"4531","6a14434573bcee3f17b7f762",NA,NA,NA,NA,0
"4532","6a14c736578656591db6ea31",NA,NA,NA,NA,0
"4533","6a14c84872f3851ab32e8c01",NA,NA,NA,NA,0
"4534","6a14e67cf20909f60e34ae64",NA,NA,NA,NA,0
"4535","6a14ed7d826b3c0b54334269",NA,NA,NA,NA,0
"4536","6a150fcbc5238897c2c9408e",NA,NA,NA,NA,0
"4537","6a1582166cefcdcbed565058",NA,NA,NA,NA,0
"4538","6a15d5fb80117206e7200cf7",NA,NA,NA,NA,0
"4539","6a15dfdb880253e5b6b917f3",NA,NA,NA,NA,0
"4540","6a177f7ec67996448d9c7d41",NA,NA,NA,NA,0
"4541","6a18b37c0157d881234ed29f",NA,NA,NA,NA,0
"4542","6a199661a2f63c5bf9835b2e",NA,NA,NA,NA,0
"4543","6a1a3e6d47ea4b557072cc4d",NA,NA,NA,NA,0
"4544","6a1ae40320c9511f890515f7",NA,NA,NA,NA,0
"4545","6a1b544246f12219f033d3c3",NA,NA,NA,NA,0
"4546","6a1cb95bf369926ac77ea9e5",NA,NA,NA,NA,0
"4547","6a1de36b3f5c6160ff6bf6a4",NA,NA,NA,NA,0
"4548","6a1f0ef7a64d44c972d3a5f7",NA,NA,NA,NA,0
"4549","6a1f832105dd8c89b5e930ad",NA,NA,NA,NA,0
"4550","6a2222ff6e1036656b0d5d08",NA,NA,NA,NA,0
"4551","6a232745f21e165e2b54ed58",NA,NA,NA,NA,0
"4552","6a2482e9af72b55296872b0d",NA,NA,NA,NA,0
"4553","6a2589e7b0645f2f7f1cc52c",NA,NA,NA,NA,0
"4554","6a3607f677860830aca5bdeb",NA,NA,NA,NA,0
"4555","62c5f85ccf34c8d9c0650f6e",NA,NA,NA,NA,0
"4556","65465c5bc5a014ec683d55cf",NA,NA,NA,NA,0
"4557","661c09a749790db73f8faba5",NA,NA,NA,NA,0
"4558","66315563a848526fcfa7555b",NA,NA,NA,NA,0
"4559","665795d82a087799023aaf0e",NA,NA,NA,NA,0
"4560","66da162f5538535e93490441",NA,NA,NA,NA,0
"4561","676956116c1a3416bf7b2afe",NA,NA,NA,NA,0
"4562","695ea002344d7ca1605c747a",NA,NA,NA,NA,0
"4563","6965bd850ce22095dd7a84ca",NA,NA,NA,NA,0
"4564","6978d830c5d415696508430d",NA,NA,NA,NA,0
"4565","697a495862ac67423e8418b8",NA,NA,NA,NA,0
"4566","6980dfb784202dcf9736910f",NA,NA,NA,NA,0
"4567","69864a705614c15728117b35",NA,NA,NA,NA,0
"4568","6987875a0a8fa6ed9ef00726",NA,NA,NA,NA,0
"4569","699b610e2ba4bade6f39121b",NA,NA,NA,NA,0
"4570","699cebf39bc275a312ffd51c",NA,NA,NA,NA,0
"4571","699d45af20adaa6e1e89aa5a",NA,NA,NA,NA,0
"4572","699e3cc79b0d3d96b469ca49",NA,NA,NA,NA,0
"4573","69a0734d1d433d3694c8438f",NA,NA,NA,NA,0
"4574","69a6eb2bc679065ed1cecc51",NA,NA,NA,NA,0
"4575","69a8cff018bead25e4a5d848",NA,NA,NA,NA,0
"4576","69b19e44edf4d70aee145c16",NA,NA,NA,NA,0
"4577","69b3193cce0978ad6db9fe7c",NA,NA,NA,NA,0
"4578","69b5c6bdbcf55371066f5e73",NA,NA,NA,NA,0
"4579","69ba37faee13f176e7635323",NA,NA,NA,NA,0
"4580","69bdf2afe629d42bfc47997f",NA,NA,NA,NA,0
"4581","69c093d33989aa791c4e8b2d",NA,NA,NA,NA,0
"4582","69c1256faa88d6296c98d745",NA,NA,NA,NA,0
"4583","69c2f0033339865c279814ca",NA,NA,NA,NA,0
"4584","69c6ec3a92185003cf70ded5",NA,NA,NA,NA,0
"4585","69cc1fac2b52b1c4dd21cc7d",NA,NA,NA,NA,0
"4586","69cec122e3cb56c2e7000c6b",NA,NA,NA,NA,0
"4587","69d2a8765e19038ab2fc0f56",NA,NA,NA,NA,0
"4588","69d5632f4815bcc4cb7242bf",NA,NA,NA,NA,0
"4589","69d5c4d748bcaf8026c80573",NA,NA,NA,NA,0
"4590","69daf476f6bc0d990581aca6",NA,NA,NA,NA,0
"4591","69dbf4749918745fc7d8e820",NA,NA,NA,NA,0
"4592","69dc76f0a77a620367d666ec",NA,NA,NA,NA,0
"4593","69dfe696c433039b7add8013",NA,NA,NA,NA,0
"4594","69e599577d00fb31c54fb004",NA,NA,NA,NA,0
"4595","69e816058da70eddb5dbc3e1",NA,NA,NA,NA,0
"4596","69e957ad6c65e153a1c65ae2",NA,NA,NA,NA,0
"4597","69ed15278090fe4438301d5c",NA,NA,NA,NA,0
"4598","69efe0b03221edd72686c185",NA,NA,NA,NA,0
"4599","69f0438cc141b27ed949788e",NA,NA,NA,NA,0
"4600","69f3d4f3fb7630947c56f1eb",NA,NA,NA,NA,0
"4601","69f6484996726366cacd162c",NA,NA,NA,NA,0
"4602","69f674db81cb46678aae6391",NA,NA,NA,NA,0
"4603","69f7b962446b32b08d58a1df",NA,NA,NA,NA,0
"4604","69f86a04fe802de5002bb70b",NA,NA,NA,NA,0
"4605","69f8db35f08d6c337883fcb4",NA,NA,NA,NA,0
"4606","69fb3314a5e95601464d1fea",NA,NA,NA,NA,0
"4607","69fb86296fb6f0919bf31075",NA,NA,NA,NA,0
"4608","69fcc8642de981c893eb6958",NA,NA,NA,NA,0
"4609","69fce9e45d612732dd1ae4e2",NA,NA,NA,NA,0
"4610","69fd3605435216c2d93bc72f",NA,NA,NA,NA,0
"4611","6a00b0ca46e3f2822d0349b6",NA,NA,NA,NA,0
"4612","6a00b4c7593a89490830c18c",NA,NA,NA,NA,0
"4613","6a00dbcc626a780a8e5c07a4",NA,NA,NA,NA,0
"4614","6a012d3c523e7311f4e55f61",NA,NA,NA,NA,0
"4615","6a01e843af8198a220b44a18",NA,NA,NA,NA,0
"4616","6a021dc98c730b8d3ce0deca",NA,NA,NA,NA,0
"4617","6a023ad806e8158958e73b75",NA,NA,NA,NA,0
"4618","6a04948f1e40214a25ff2563",NA,NA,NA,NA,0
"4619","6a05131f0ad03d07dd77178e",NA,NA,NA,NA,0
"4620","6a07687bad5809e8867bdffb",NA,NA,NA,NA,0
"4621","6a0a0fd9f370053c3505dc0f",NA,NA,NA,NA,0
"4622","6a0b7296246f70341f078e55",NA,NA,NA,NA,0
"4623","6a0b756dd47d16a4c82f5589",NA,NA,NA,NA,0
"4624","6a0dbb470d44c02c7ec444f0",NA,NA,NA,NA,0
"4625","6a0dfefeb75ae8ac09c192c6",NA,NA,NA,NA,0
"4626","6a0e0a9490e868c044e21936",NA,NA,NA,NA,0
"4627","6a0e2d716e90edf1ea83dce1",NA,NA,NA,NA,0
"4628","6a0f1056788a67850f057de4",NA,NA,NA,NA,0
"4629","6a0fdfd2db4241c9e5eca29a",NA,NA,NA,NA,0
"4630","6a14434573bcee3f17b7f762",NA,NA,NA,NA,0
"4631","6a14c736578656591db6ea31",NA,NA,NA,NA,0
"4632","6a14c84872f3851ab32e8c01",NA,NA,NA,NA,0
"4633","6a14e67cf20909f60e34ae64",NA,NA,NA,NA,0
"4634","6a14ed7d826b3c0b54334269",NA,NA,NA,NA,0
"4635","6a150fcbc5238897c2c9408e",NA,NA,NA,NA,0
"4636","6a1582166cefcdcbed565058",NA,NA,NA,NA,0
"4637","6a15d5fb80117206e7200cf7",NA,NA,NA,NA,0
"4638","6a15dfdb880253e5b6b917f3",NA,NA,NA,NA,0
"4639","6a177f7ec67996448d9c7d41",NA,NA,NA,NA,0
"4640","6a18b37c0157d881234ed29f",NA,NA,NA,NA,0
"4641","6a199661a2f63c5bf9835b2e",NA,NA,NA,NA,0
"4642","6a1a3e6d47ea4b557072cc4d",NA,NA,NA,NA,0
"4643","6a1ae40320c9511f890515f7",NA,NA,NA,NA,0
"4644","6a1b544246f12219f033d3c3",NA,NA,NA,NA,0
"4645","6a1cb95bf369926ac77ea9e5",NA,NA,NA,NA,0
"4646","6a1de36b3f5c6160ff6bf6a4",NA,NA,NA,NA,0
"4647","6a1f0ef7a64d44c972d3a5f7",NA,NA,NA,NA,0
"4648","6a1f832105dd8c89b5e930ad",NA,NA,NA,NA,0
"4649","6a2222ff6e1036656b0d5d08",NA,NA,NA,NA,0
"4650","6a232745f21e165e2b54ed58",NA,NA,NA,NA,0
"4651","6a2482e9af72b55296872b0d",NA,NA,NA,NA,0
"4652","6a2589e7b0645f2f7f1cc52c",NA,NA,NA,NA,0
"4653","6a3607f677860830aca5bdeb",NA,NA,NA,NA,0
"4654","62c5f85ccf34c8d9c0650f6e",NA,NA,NA,NA,0
"4655","65465c5bc5a014ec683d55cf",NA,NA,NA,NA,0
"4656","661c09a749790db73f8faba5",NA,NA,NA,NA,0
"4657","66315563a848526fcfa7555b",NA,NA,NA,NA,0
"4658","665795d82a087799023aaf0e",NA,NA,NA,NA,0
"4659","66da162f5538535e93490441",NA,NA,NA,NA,0
"4660","676956116c1a3416bf7b2afe",NA,NA,NA,NA,0
"4661","695ea002344d7ca1605c747a",NA,NA,NA,NA,0
"4662","6965bd850ce22095dd7a84ca",NA,NA,NA,NA,0
"4663","6978d830c5d415696508430d",NA,NA,NA,NA,0
"4664","697a495862ac67423e8418b8",NA,NA,NA,NA,0
"4665","6980dfb784202dcf9736910f",NA,NA,NA,NA,0
"4666","69864a705614c15728117b35",NA,NA,NA,NA,0
"4667","6987875a0a8fa6ed9ef00726",NA,NA,NA,NA,0
"4668","699b610e2ba4bade6f39121b",NA,NA,NA,NA,0
"4669","699cebf39bc275a312ffd51c",NA,NA,NA,NA,0
"4670","699d45af20adaa6e1e89aa5a",NA,NA,NA,NA,0
"4671","699e3cc79b0d3d96b469ca49",NA,NA,NA,NA,0
"4672","69a0734d1d433d3694c8438f",NA,NA,NA,NA,0
"4673","69a6eb2bc679065ed1cecc51",NA,NA,NA,NA,0
"4674","69a8cff018bead25e4a5d848",NA,NA,NA,NA,0
"4675","69b19e44edf4d70aee145c16",NA,NA,NA,NA,0
"4676","69b3193cce0978ad6db9fe7c",NA,NA,NA,NA,0
"4677","69b5c6bdbcf55371066f5e73",NA,NA,NA,NA,0
"4678","69ba37faee13f176e7635323",NA,NA,NA,NA,0
"4679","69bdf2afe629d42bfc47997f",NA,NA,NA,NA,0
"4680","69c093d33989aa791c4e8b2d",NA,NA,NA,NA,0
"4681","69c1256faa88d6296c98d745",NA,NA,NA,NA,0
"4682","69c2f0033339865c279814ca",NA,NA,NA,NA,0
"4683","69c6ec3a92185003cf70ded5",NA,NA,NA,NA,0
"4684","69cc1fac2b52b1c4dd21cc7d",NA,NA,NA,NA,0
"4685","69cec122e3cb56c2e7000c6b",NA,NA,NA,NA,0
"4686","69d2a8765e19038ab2fc0f56",NA,NA,NA,NA,0
"4687","69d5632f4815bcc4cb7242bf",NA,NA,NA,NA,0
"4688","69d5c4d748bcaf8026c80573",NA,NA,NA,NA,0
"4689","69daf476f6bc0d990581aca6",NA,NA,NA,NA,0
"4690","69dbf4749918745fc7d8e820",NA,NA,NA,NA,0
"4691","69dc76f0a77a620367d666ec",NA,NA,NA,NA,0
"4692","69dfe696c433039b7add8013",NA,NA,NA,NA,0
"4693","69e599577d00fb31c54fb004",NA,NA,NA,NA,0
"4694","69e816058da70eddb5dbc3e1",NA,NA,NA,NA,0
"4695","69e957ad6c65e153a1c65ae2",NA,NA,NA,NA,0
"4696","69ed15278090fe4438301d5c",NA,NA,NA,NA,0
"4697","69efe0b03221edd72686c185",NA,NA,NA,NA,0
"4698","69f0438cc141b27ed949788e",NA,NA,NA,NA,0
"4699","69f3d4f3fb7630947c56f1eb",NA,NA,NA,NA,0
"4700","69f6484996726366cacd162c",NA,NA,NA,NA,0
"4701","69f674db81cb46678aae6391",NA,NA,NA,NA,0
"4702","69f7b962446b32b08d58a1df",NA,NA,NA,NA,0
"4703","69f86a04fe802de5002bb70b",NA,NA,NA,NA,0
"4704","69f8db35f08d6c337883fcb4",NA,NA,NA,NA,0
"4705","69fb3314a5e95601464d1fea",NA,NA,NA,NA,0
"4706","69fb86296fb6f0919bf31075",NA,NA,NA,NA,0
"4707","69fcc8642de981c893eb6958",NA,NA,NA,NA,0
"4708","69fce9e45d612732dd1ae4e2",NA,NA,NA,NA,0
"4709","69fd3605435216c2d93bc72f",NA,NA,NA,NA,0
"4710","6a00b0ca46e3f2822d0349b6",NA,NA,NA,NA,0
"4711","6a00b4c7593a89490830c18c",NA,NA,NA,NA,0
"4712","6a00dbcc626a780a8e5c07a4",NA,NA,NA,NA,0
"4713","6a012d3c523e7311f4e55f61",NA,NA,NA,NA,0
"4714","6a01e843af8198a220b44a18",NA,NA,NA,NA,0
"4715","6a021dc98c730b8d3ce0deca",NA,NA,NA,NA,0
"4716","6a023ad806e8158958e73b75",NA,NA,NA,NA,0
"4717","6a04948f1e40214a25ff2563",NA,NA,NA,NA,0
"4718","6a05131f0ad03d07dd77178e",NA,NA,NA,NA,0
"4719","6a07687bad5809e8867bdffb",NA,NA,NA,NA,0
"4720","6a0a0fd9f370053c3505dc0f",NA,NA,NA,NA,0
"4721","6a0b7296246f70341f078e55",NA,NA,NA,NA,0
"4722","6a0b756dd47d16a4c82f5589",NA,NA,NA,NA,0
"4723","6a0dbb470d44c02c7ec444f0",NA,NA,NA,NA,0
"4724","6a0dfefeb75ae8ac09c192c6",NA,NA,NA,NA,0
"4725","6a0e0a9490e868c044e21936",NA,NA,NA,NA,0
"4726","6a0e2d716e90edf1ea83dce1",NA,NA,NA,NA,0
"4727","6a0f1056788a67850f057de4",NA,NA,NA,NA,0
"4728","6a0fdfd2db4241c9e5eca29a",NA,NA,NA,NA,0
"4729","6a14434573bcee3f17b7f762",NA,NA,NA,NA,0
"4730","6a14c736578656591db6ea31",NA,NA,NA,NA,0
"4731","6a14c84872f3851ab32e8c01",NA,NA,NA,NA,0
"4732","6a14e67cf20909f60e34ae64",NA,NA,NA,NA,0
"4733","6a14ed7d826b3c0b54334269",NA,NA,NA,NA,0
"4734","6a150fcbc5238897c2c9408e",NA,NA,NA,NA,0
"4735","6a1582166cefcdcbed565058",NA,NA,NA,NA,0
"4736","6a15d5fb80117206e7200cf7",NA,NA,NA,NA,0
"4737","6a15dfdb880253e5b6b917f3",NA,NA,NA,NA,0
"4738","6a177f7ec67996448d9c7d41",NA,NA,NA,NA,0
"4739","6a18b37c0157d881234ed29f",NA,NA,NA,NA,0
"4740","6a199661a2f63c5bf9835b2e",NA,NA,NA,NA,0
"4741","6a1a3e6d47ea4b557072cc4d",NA,NA,NA,NA,0
"4742","6a1ae40320c9511f890515f7",NA,NA,NA,NA,0
"4743","6a1b544246f12219f033d3c3",NA,NA,NA,NA,0
"4744","6a1cb95bf369926ac77ea9e5",NA,NA,NA,NA,0
"4745","6a1de36b3f5c6160ff6bf6a4",NA,NA,NA,NA,0
"4746","6a1f0ef7a64d44c972d3a5f7",NA,NA,NA,NA,0
"4747","6a1f832105dd8c89b5e930ad",NA,NA,NA,NA,0
"4748","6a2222ff6e1036656b0d5d08",NA,NA,NA,NA,0
"4749","6a232745f21e165e2b54ed58",NA,NA,NA,NA,0
"4750","6a2482e9af72b55296872b0d",NA,NA,NA,NA,0
"4751","6a2589e7b0645f2f7f1cc52c",NA,NA,NA,NA,0
"4752","6a3607f677860830aca5bdeb",NA,NA,NA,NA,0
"4753","62c5f85ccf34c8d9c0650f6e",NA,NA,NA,NA,0
"4754","65465c5bc5a014ec683d55cf",NA,NA,NA,NA,0
"4755","661c09a749790db73f8faba5",NA,NA,NA,NA,0
"4756","66315563a848526fcfa7555b",NA,NA,NA,NA,0
"4757","665795d82a087799023aaf0e",NA,NA,NA,NA,0
"4758","66da162f5538535e93490441",NA,NA,NA,NA,0
"4759","676956116c1a3416bf7b2afe",NA,NA,NA,NA,0
"4760","695ea002344d7ca1605c747a",NA,NA,NA,NA,0
"4761","6965bd850ce22095dd7a84ca",NA,NA,NA,NA,0
"4762","6978d830c5d415696508430d",NA,NA,NA,NA,0
"4763","697a495862ac67423e8418b8",NA,NA,NA,NA,0
"4764","6980dfb784202dcf9736910f",NA,NA,NA,NA,0
"4765","69864a705614c15728117b35",NA,NA,NA,NA,0
"4766","6987875a0a8fa6ed9ef00726",NA,NA,NA,NA,0
"4767","699b610e2ba4bade6f39121b",NA,NA,NA,NA,0
"4768","699cebf39bc275a312ffd51c",NA,NA,NA,NA,0
"4769","699d45af20adaa6e1e89aa5a",NA,NA,NA,NA,0
"4770","699e3cc79b0d3d96b469ca49",NA,NA,NA,NA,0
"4771","69a0734d1d433d3694c8438f",NA,NA,NA,NA,0
"4772","69a6eb2bc679065ed1cecc51",NA,NA,NA,NA,0
"4773","69a8cff018bead25e4a5d848",NA,NA,NA,NA,0
"4774","69b19e44edf4d70aee145c16",NA,NA,NA,NA,0
"4775","69b3193cce0978ad6db9fe7c",NA,NA,NA,NA,0
"4776","69b5c6bdbcf55371066f5e73",NA,NA,NA,NA,0
"4777","69ba37faee13f176e7635323",NA,NA,NA,NA,0
"4778","69bdf2afe629d42bfc47997f",NA,NA,NA,NA,0
"4779","69c093d33989aa791c4e8b2d",NA,NA,NA,NA,0
"4780","69c1256faa88d6296c98d745",NA,NA,NA,NA,0
"4781","69c2f0033339865c279814ca",NA,NA,NA,NA,0
"4782","69c6ec3a92185003cf70ded5",NA,NA,NA,NA,0
"4783","69cc1fac2b52b1c4dd21cc7d",NA,NA,NA,NA,0
"4784","69cec122e3cb56c2e7000c6b",NA,NA,NA,NA,0
"4785","69d2a8765e19038ab2fc0f56",NA,NA,NA,NA,0
"4786","69d5632f4815bcc4cb7242bf",NA,NA,NA,NA,0
"4787","69d5c4d748bcaf8026c80573",NA,NA,NA,NA,0
"4788","69daf476f6bc0d990581aca6",NA,NA,NA,NA,0
"4789","69dbf4749918745fc7d8e820",NA,NA,NA,NA,0
"4790","69dc76f0a77a620367d666ec",NA,NA,NA,NA,0
"4791","69dfe696c433039b7add8013",NA,NA,NA,NA,0
"4792","69e599577d00fb31c54fb004",NA,NA,NA,NA,0
"4793","69e816058da70eddb5dbc3e1",NA,NA,NA,NA,0
"4794","69e957ad6c65e153a1c65ae2",NA,NA,NA,NA,0
"4795","69ed15278090fe4438301d5c",NA,NA,NA,NA,0
"4796","69efe0b03221edd72686c185",NA,NA,NA,NA,0
"4797","69f0438cc141b27ed949788e",NA,NA,NA,NA,0
"4798","69f3d4f3fb7630947c56f1eb",NA,NA,NA,NA,0
"4799","69f6484996726366cacd162c",NA,NA,NA,NA,0
"4800","69f674db81cb46678aae6391",NA,NA,NA,NA,0
"4801","69f7b962446b32b08d58a1df",NA,NA,NA,NA,0
"4802","69f86a04fe802de5002bb70b",NA,NA,NA,NA,0
"4803","69f8db35f08d6c337883fcb4",NA,NA,NA,NA,0
"4804","69fb3314a5e95601464d1fea",NA,NA,NA,NA,0
"4805","69fb86296fb6f0919bf31075",NA,NA,NA,NA,0
"4806","69fcc8642de981c893eb6958",NA,NA,NA,NA,0
"4807","69fce9e45d612732dd1ae4e2",NA,NA,NA,NA,0
"4808","69fd3605435216c2d93bc72f",NA,NA,NA,NA,0
"4809","6a00b0ca46e3f2822d0349b6",NA,NA,NA,NA,0
"4810","6a00b4c7593a89490830c18c",NA,NA,NA,NA,0
"4811","6a00dbcc626a780a8e5c07a4",NA,NA,NA,NA,0
"4812","6a012d3c523e7311f4e55f61",NA,NA,NA,NA,0
"4813","6a01e843af8198a220b44a18",NA,NA,NA,NA,0
"4814","6a021dc98c730b8d3ce0deca",NA,NA,NA,NA,0
"4815","6a023ad806e8158958e73b75",NA,NA,NA,NA,0
"4816","6a04948f1e40214a25ff2563",NA,NA,NA,NA,0
"4817","6a05131f0ad03d07dd77178e",NA,NA,NA,NA,0
"4818","6a07687bad5809e8867bdffb",NA,NA,NA,NA,0
"4819","6a0a0fd9f370053c3505dc0f",NA,NA,NA,NA,0
"4820","6a0b7296246f70341f078e55",NA,NA,NA,NA,0
"4821","6a0b756dd47d16a4c82f5589",NA,NA,NA,NA,0
"4822","6a0dbb470d44c02c7ec444f0",NA,NA,NA,NA,0
"4823","6a0dfefeb75ae8ac09c192c6",NA,NA,NA,NA,0
"4824","6a0e0a9490e868c044e21936",NA,NA,NA,NA,0
"4825","6a0e2d716e90edf1ea83dce1",NA,NA,NA,NA,0
"4826","6a0f1056788a67850f057de4",NA,NA,NA,NA,0
"4827","6a0fdfd2db4241c9e5eca29a",NA,NA,NA,NA,0
"4828","6a14434573bcee3f17b7f762",NA,NA,NA,NA,0
"4829","6a14c736578656591db6ea31",NA,NA,NA,NA,0
"4830","6a14c84872f3851ab32e8c01",NA,NA,NA,NA,0
"4831","6a14e67cf20909f60e34ae64",NA,NA,NA,NA,0
"4832","6a14ed7d826b3c0b54334269",NA,NA,NA,NA,0
"4833","6a150fcbc5238897c2c9408e",NA,NA,NA,NA,0
"4834","6a1582166cefcdcbed565058",NA,NA,NA,NA,0
"4835","6a15d5fb80117206e7200cf7",NA,NA,NA,NA,0
"4836","6a15dfdb880253e5b6b917f3",NA,NA,NA,NA,0
"4837","6a177f7ec67996448d9c7d41",NA,NA,NA,NA,0
"4838","6a18b37c0157d881234ed29f",NA,NA,NA,NA,0
"4839","6a199661a2f63c5bf9835b2e",NA,NA,NA,NA,0
"4840","6a1a3e6d47ea4b557072cc4d",NA,NA,NA,NA,0
"4841","6a1ae40320c9511f890515f7",NA,NA,NA,NA,0
"4842","6a1b544246f12219f033d3c3",NA,NA,NA,NA,0
"4843","6a1cb95bf369926ac77ea9e5",NA,NA,NA,NA,0
"4844","6a1de36b3f5c6160ff6bf6a4",NA,NA,NA,NA,0
"4845","6a1f0ef7a64d44c972d3a5f7",NA,NA,NA,NA,0
"4846","6a1f832105dd8c89b5e930ad",NA,NA,NA,NA,0
"4847","6a2222ff6e1036656b0d5d08",NA,NA,NA,NA,0
"4848","6a232745f21e165e2b54ed58",NA,NA,NA,NA,0
"4849","6a2482e9af72b55296872b0d",NA,NA,NA,NA,0
"4850","6a2589e7b0645f2f7f1cc52c",NA,NA,NA,NA,0
"4851","6a3607f677860830aca5bdeb",NA,NA,NA,NA,0
"4852","62c5f85ccf34c8d9c0650f6e",NA,NA,NA,NA,0
"4853","65465c5bc5a014ec683d55cf",NA,NA,NA,NA,0
"4854","661c09a749790db73f8faba5",NA,NA,NA,NA,0
"4855","66315563a848526fcfa7555b",NA,NA,NA,NA,0
"4856","665795d82a087799023aaf0e",NA,NA,NA,NA,0
"4857","66da162f5538535e93490441",NA,NA,NA,NA,0
"4858","676956116c1a3416bf7b2afe",NA,NA,NA,NA,0
"4859","695ea002344d7ca1605c747a",NA,NA,NA,NA,0
"4860","6965bd850ce22095dd7a84ca",NA,NA,NA,NA,0
"4861","6978d830c5d415696508430d",NA,NA,NA,NA,0
"4862","697a495862ac67423e8418b8",NA,NA,NA,NA,0
"4863","6980dfb784202dcf9736910f",NA,NA,NA,NA,0
"4864","69864a705614c15728117b35",NA,NA,NA,NA,0
"4865","6987875a0a8fa6ed9ef00726",NA,NA,NA,NA,0
"4866","699b610e2ba4bade6f39121b",NA,NA,NA,NA,0
"4867","699cebf39bc275a312ffd51c",NA,NA,NA,NA,0
"4868","699d45af20adaa6e1e89aa5a",NA,NA,NA,NA,0
"4869","699e3cc79b0d3d96b469ca49",NA,NA,NA,NA,0
"4870","69a0734d1d433d3694c8438f",NA,NA,NA,NA,0
"4871","69a6eb2bc679065ed1cecc51",NA,NA,NA,NA,0
"4872","69a8cff018bead25e4a5d848",NA,NA,NA,NA,0
"4873","69b19e44edf4d70aee145c16",NA,NA,NA,NA,0
"4874","69b3193cce0978ad6db9fe7c",NA,NA,NA,NA,0
"4875","69b5c6bdbcf55371066f5e73",NA,NA,NA,NA,0
"4876","69ba37faee13f176e7635323",NA,NA,NA,NA,0
"4877","69bdf2afe629d42bfc47997f",NA,NA,NA,NA,0
"4878","69c093d33989aa791c4e8b2d",NA,NA,NA,NA,0
"4879","69c1256faa88d6296c98d745",NA,NA,NA,NA,0
"4880","69c2f0033339865c279814ca",NA,NA,NA,NA,0
"4881","69c6ec3a92185003cf70ded5",NA,NA,NA,NA,0
"4882","69cc1fac2b52b1c4dd21cc7d",NA,NA,NA,NA,0
"4883","69cec122e3cb56c2e7000c6b",NA,NA,NA,NA,0
"4884","69d2a8765e19038ab2fc0f56",NA,NA,NA,NA,0
"4885","69d5632f4815bcc4cb7242bf",NA,NA,NA,NA,0
"4886","69d5c4d748bcaf8026c80573",NA,NA,NA,NA,0
"4887","69daf476f6bc0d990581aca6",NA,NA,NA,NA,0
"4888","69dbf4749918745fc7d8e820",NA,NA,NA,NA,0
"4889","69dc76f0a77a620367d666ec",NA,NA,NA,NA,0
"4890","69dfe696c433039b7add8013",NA,NA,NA,NA,0
"4891","69e599577d00fb31c54fb004",NA,NA,NA,NA,0
"4892","69e816058da70eddb5dbc3e1",NA,NA,NA,NA,0
"4893","69e957ad6c65e153a1c65ae2",NA,NA,NA,NA,0
"4894","69ed15278090fe4438301d5c",NA,NA,NA,NA,0
"4895","69efe0b03221edd72686c185",NA,NA,NA,NA,0
"4896","69f0438cc141b27ed949788e",NA,NA,NA,NA,0
"4897","69f3d4f3fb7630947c56f1eb",NA,NA,NA,NA,0
"4898","69f6484996726366cacd162c",NA,NA,NA,NA,0
"4899","69f674db81cb46678aae6391",NA,NA,NA,NA,0
"4900","69f7b962446b32b08d58a1df",NA,NA,NA,NA,0
"4901","69f86a04fe802de5002bb70b",NA,NA,NA,NA,0
"4902","69f8db35f08d6c337883fcb4",NA,NA,NA,NA,0
"4903","69fb3314a5e95601464d1fea",NA,NA,NA,NA,0
"4904","69fb86296fb6f0919bf31075",NA,NA,NA,NA,0
"4905","69fcc8642de981c893eb6958",NA,NA,NA,NA,0
"4906","69fce9e45d612732dd1ae4e2",NA,NA,NA,NA,0
"4907","69fd3605435216c2d93bc72f",NA,NA,NA,NA,0
"4908","6a00b0ca46e3f2822d0349b6",NA,NA,NA,NA,0
"4909","6a00b4c7593a89490830c18c",NA,NA,NA,NA,0
"4910","6a00dbcc626a780a8e5c07a4",NA,NA,NA,NA,0
"4911","6a012d3c523e7311f4e55f61",NA,NA,NA,NA,0
"4912","6a01e843af8198a220b44a18",NA,NA,NA,NA,0
"4913","6a021dc98c730b8d3ce0deca",NA,NA,NA,NA,0
"4914","6a023ad806e8158958e73b75",NA,NA,NA,NA,0
"4915","6a04948f1e40214a25ff2563",NA,NA,NA,NA,0
"4916","6a05131f0ad03d07dd77178e",NA,NA,NA,NA,0
"4917","6a07687bad5809e8867bdffb",NA,NA,NA,NA,0
"4918","6a0a0fd9f370053c3505dc0f",NA,NA,NA,NA,0
"4919","6a0b7296246f70341f078e55",NA,NA,NA,NA,0
"4920","6a0b756dd47d16a4c82f5589",NA,NA,NA,NA,0
"4921","6a0dbb470d44c02c7ec444f0",NA,NA,NA,NA,0
"4922","6a0dfefeb75ae8ac09c192c6",NA,NA,NA,NA,0
"4923","6a0e0a9490e868c044e21936",NA,NA,NA,NA,0
"4924","6a0e2d716e90edf1ea83dce1",NA,NA,NA,NA,0
"4925","6a0f1056788a67850f057de4",NA,NA,NA,NA,0
"4926","6a0fdfd2db4241c9e5eca29a",NA,NA,NA,NA,0
"4927","6a14434573bcee3f17b7f762",NA,NA,NA,NA,0
"4928","6a14c736578656591db6ea31",NA,NA,NA,NA,0
"4929","6a14c84872f3851ab32e8c01",NA,NA,NA,NA,0
"4930","6a14e67cf20909f60e34ae64",NA,NA,NA,NA,0
"4931","6a14ed7d826b3c0b54334269",NA,NA,NA,NA,0
"4932","6a150fcbc5238897c2c9408e",NA,NA,NA,NA,0
"4933","6a1582166cefcdcbed565058",NA,NA,NA,NA,0
"4934","6a15d5fb80117206e7200cf7",NA,NA,NA,NA,0
"4935","6a15dfdb880253e5b6b917f3",NA,NA,NA,NA,0
"4936","6a177f7ec67996448d9c7d41",NA,NA,NA,NA,0
"4937","6a18b37c0157d881234ed29f",NA,NA,NA,NA,0
"4938","6a199661a2f63c5bf9835b2e",NA,NA,NA,NA,0
"4939","6a1a3e6d47ea4b557072cc4d",NA,NA,NA,NA,0
"4940","6a1ae40320c9511f890515f7",NA,NA,NA,NA,0
"4941","6a1b544246f12219f033d3c3",NA,NA,NA,NA,0
"4942","6a1cb95bf369926ac77ea9e5",NA,NA,NA,NA,0
"4943","6a1de36b3f5c6160ff6bf6a4",NA,NA,NA,NA,0
"4944","6a1f0ef7a64d44c972d3a5f7",NA,NA,NA,NA,0
"4945","6a1f832105dd8c89b5e930ad",NA,NA,NA,NA,0
"4946","6a2222ff6e1036656b0d5d08",NA,NA,NA,NA,0
"4947","6a232745f21e165e2b54ed58",NA,NA,NA,NA,0
"4948","6a2482e9af72b55296872b0d",NA,NA,NA,NA,0
"4949","6a2589e7b0645f2f7f1cc52c",NA,NA,NA,NA,0
"4950","6a3607f677860830aca5bdeb",NA,NA,NA,NA,0
"4951","62c5f85ccf34c8d9c0650f6e",NA,NA,NA,NA,0
"4952","65465c5bc5a014ec683d55cf",NA,NA,NA,NA,0
"4953","661c09a749790db73f8faba5",NA,NA,NA,NA,0
"4954","66315563a848526fcfa7555b",NA,NA,NA,NA,0
"4955","665795d82a087799023aaf0e",NA,NA,NA,NA,0
"4956","66da162f5538535e93490441",NA,NA,NA,NA,0
"4957","676956116c1a3416bf7b2afe",NA,NA,NA,NA,0
"4958","695ea002344d7ca1605c747a",NA,NA,NA,NA,0
"4959","6965bd850ce22095dd7a84ca",NA,NA,NA,NA,0
"4960","6978d830c5d415696508430d",NA,NA,NA,NA,0
"4961","697a495862ac67423e8418b8",NA,NA,NA,NA,0
"4962","6980dfb784202dcf9736910f",NA,NA,NA,NA,0
"4963","69864a705614c15728117b35",NA,NA,NA,NA,0
"4964","6987875a0a8fa6ed9ef00726",NA,NA,NA,NA,0
"4965","699b610e2ba4bade6f39121b",NA,NA,NA,NA,0
"4966","699cebf39bc275a312ffd51c",NA,NA,NA,NA,0
"4967","699d45af20adaa6e1e89aa5a",NA,NA,NA,NA,0
"4968","699e3cc79b0d3d96b469ca49",NA,NA,NA,NA,0
"4969","69a0734d1d433d3694c8438f",NA,NA,NA,NA,0
"4970","69a6eb2bc679065ed1cecc51",NA,NA,NA,NA,0
"4971","69a8cff018bead25e4a5d848",NA,NA,NA,NA,0
"4972","69b19e44edf4d70aee145c16",NA,NA,NA,NA,0
"4973","69b3193cce0978ad6db9fe7c",NA,NA,NA,NA,0
"4974","69b5c6bdbcf55371066f5e73",NA,NA,NA,NA,0
"4975","69ba37faee13f176e7635323",NA,NA,NA,NA,0
"4976","69bdf2afe629d42bfc47997f",NA,NA,NA,NA,0
"4977","69c093d33989aa791c4e8b2d",NA,NA,NA,NA,0
"4978","69c1256faa88d6296c98d745",NA,NA,NA,NA,0
"4979","69c2f0033339865c279814ca",NA,NA,NA,NA,0
"4980","69c6ec3a92185003cf70ded5",NA,NA,NA,NA,0
"4981","69cc1fac2b52b1c4dd21cc7d",NA,NA,NA,NA,0
"4982","69cec122e3cb56c2e7000c6b",NA,NA,NA,NA,0
"4983","69d2a8765e19038ab2fc0f56",NA,NA,NA,NA,0
"4984","69d5632f4815bcc4cb7242bf",NA,NA,NA,NA,0
"4985","69d5c4d748bcaf8026c80573",NA,NA,NA,NA,0
"4986","69daf476f6bc0d990581aca6",NA,NA,NA,NA,0
"4987","69dbf4749918745fc7d8e820",NA,NA,NA,NA,0
"4988","69dc76f0a77a620367d666ec",NA,NA,NA,NA,0
"4989","69dfe696c433039b7add8013",NA,NA,NA,NA,0
"4990","69e599577d00fb31c54fb004",NA,NA,NA,NA,0
"4991","69e816058da70eddb5dbc3e1",NA,NA,NA,NA,0
"4992","69e957ad6c65e153a1c65ae2",NA,NA,NA,NA,0
"4993","69ed15278090fe4438301d5c",NA,NA,NA,NA,0
"4994","69efe0b03221edd72686c185",NA,NA,NA,NA,0
"4995","69f0438cc141b27ed949788e",NA,NA,NA,NA,0
"4996","69f3d4f3fb7630947c56f1eb",NA,NA,NA,NA,0
"4997","69f6484996726366cacd162c",NA,NA,NA,NA,0
"4998","69f674db81cb46678aae6391",NA,NA,NA,NA,0
"4999","69f7b962446b32b08d58a1df",NA,NA,NA,NA,0
"5000","69f86a04fe802de5002bb70b",NA,NA,NA,NA,0
"5001","69f8db35f08d6c337883fcb4",NA,NA,NA,NA,0
"5002","69fb3314a5e95601464d1fea",NA,NA,NA,NA,0
"5003","69fb86296fb6f0919bf31075",NA,NA,NA,NA,0
"5004","69fcc8642de981c893eb6958",NA,NA,NA,NA,0
"5005","69fce9e45d612732dd1ae4e2",NA,NA,NA,NA,0
"5006","69fd3605435216c2d93bc72f",NA,NA,NA,NA,0
"5007","6a00b0ca46e3f2822d0349b6",NA,NA,NA,NA,0
"5008","6a00b4c7593a89490830c18c",NA,NA,NA,NA,0
"5009","6a00dbcc626a780a8e5c07a4",NA,NA,NA,NA,0
"5010","6a012d3c523e7311f4e55f61",NA,NA,NA,NA,0
"5011","6a01e843af8198a220b44a18",NA,NA,NA,NA,0
"5012","6a021dc98c730b8d3ce0deca",NA,NA,NA,NA,0
"5013","6a023ad806e8158958e73b75",NA,NA,NA,NA,0
"5014","6a04948f1e40214a25ff2563",NA,NA,NA,NA,0
"5015","6a05131f0ad03d07dd77178e",NA,NA,NA,NA,0
"5016","6a07687bad5809e8867bdffb",NA,NA,NA,NA,0
"5017","6a0a0fd9f370053c3505dc0f",NA,NA,NA,NA,0
"5018","6a0b7296246f70341f078e55",NA,NA,NA,NA,0
"5019","6a0b756dd47d16a4c82f5589",NA,NA,NA,NA,0
"5020","6a0dbb470d44c02c7ec444f0",NA,NA,NA,NA,0
"5021","6a0dfefeb75ae8ac09c192c6",NA,NA,NA,NA,0
"5022","6a0e0a9490e868c044e21936",NA,NA,NA,NA,0
"5023","6a0e2d716e90edf1ea83dce1",NA,NA,NA,NA,0
"5024","6a0f1056788a67850f057de4",NA,NA,NA,NA,0
"5025","6a0fdfd2db4241c9e5eca29a",NA,NA,NA,NA,0
"5026","6a14434573bcee3f17b7f762",NA,NA,NA,NA,0
"5027","6a14c736578656591db6ea31",NA,NA,NA,NA,0
"5028","6a14c84872f3851ab32e8c01",NA,NA,NA,NA,0
"5029","6a14e67cf20909f60e34ae64",NA,NA,NA,NA,0
"5030","6a14ed7d826b3c0b54334269",NA,NA,NA,NA,0
"5031","6a150fcbc5238897c2c9408e",NA,NA,NA,NA,0
"5032","6a1582166cefcdcbed565058",NA,NA,NA,NA,0
"5033","6a15d5fb80117206e7200cf7",NA,NA,NA,NA,0
"5034","6a15dfdb880253e5b6b917f3",NA,NA,NA,NA,0
"5035","6a177f7ec67996448d9c7d41",NA,NA,NA,NA,0
"5036","6a18b37c0157d881234ed29f",NA,NA,NA,NA,0
"5037","6a199661a2f63c5bf9835b2e",NA,NA,NA,NA,0
"5038","6a1a3e6d47ea4b557072cc4d",NA,NA,NA,NA,0
"5039","6a1ae40320c9511f890515f7",NA,NA,NA,NA,0
"5040","6a1b544246f12219f033d3c3",NA,NA,NA,NA,0
"5041","6a1cb95bf369926ac77ea9e5",NA,NA,NA,NA,0
"5042","6a1de36b3f5c6160ff6bf6a4",NA,NA,NA,NA,0
"5043","6a1f0ef7a64d44c972d3a5f7",NA,NA,NA,NA,0
"5044","6a1f832105dd8c89b5e930ad",NA,NA,NA,NA,0
"5045","6a2222ff6e1036656b0d5d08",NA,NA,NA,NA,0
"5046","6a232745f21e165e2b54ed58",NA,NA,NA,NA,0
"5047","6a2482e9af72b55296872b0d",NA,NA,NA,NA,0
"5048","6a2589e7b0645f2f7f1cc52c",NA,NA,NA,NA,0
"5049","6a3607f677860830aca5bdeb",NA,NA,NA,NA,0
"5050","62c5f85ccf34c8d9c0650f6e",NA,NA,NA,NA,0
"5051","65465c5bc5a014ec683d55cf",NA,NA,NA,NA,0
"5052","661c09a749790db73f8faba5",NA,NA,NA,NA,0
"5053","66315563a848526fcfa7555b",NA,NA,NA,NA,0
"5054","665795d82a087799023aaf0e",NA,NA,NA,NA,0
"5055","66da162f5538535e93490441",NA,NA,NA,NA,0
"5056","676956116c1a3416bf7b2afe",NA,NA,NA,NA,0
"5057","695ea002344d7ca1605c747a",NA,NA,NA,NA,0
"5058","6965bd850ce22095dd7a84ca",NA,NA,NA,NA,0
"5059","6978d830c5d415696508430d",NA,NA,NA,NA,0
"5060","697a495862ac67423e8418b8",NA,NA,NA,NA,0
"5061","6980dfb784202dcf9736910f",NA,NA,NA,NA,0
"5062","69864a705614c15728117b35",NA,NA,NA,NA,0
"5063","6987875a0a8fa6ed9ef00726",NA,NA,NA,NA,0
"5064","699b610e2ba4bade6f39121b",NA,NA,NA,NA,0
"5065","699cebf39bc275a312ffd51c",NA,NA,NA,NA,0
"5066","699d45af20adaa6e1e89aa5a",NA,NA,NA,NA,0
"5067","699e3cc79b0d3d96b469ca49",NA,NA,NA,NA,0
"5068","69a0734d1d433d3694c8438f",NA,NA,NA,NA,0
"5069","69a6eb2bc679065ed1cecc51",NA,NA,NA,NA,0
"5070","69a8cff018bead25e4a5d848",NA,NA,NA,NA,0
"5071","69b19e44edf4d70aee145c16",NA,NA,NA,NA,0
"5072","69b3193cce0978ad6db9fe7c",NA,NA,NA,NA,0
"5073","69b5c6bdbcf55371066f5e73",NA,NA,NA,NA,0
"5074","69ba37faee13f176e7635323",NA,NA,NA,NA,0
"5075","69bdf2afe629d42bfc47997f",NA,NA,NA,NA,0
"5076","69c093d33989aa791c4e8b2d",NA,NA,NA,NA,0
"5077","69c1256faa88d6296c98d745",NA,NA,NA,NA,0
"5078","69c2f0033339865c279814ca",NA,NA,NA,NA,0
"5079","69c6ec3a92185003cf70ded5",NA,NA,NA,NA,0
"5080","69cc1fac2b52b1c4dd21cc7d",NA,NA,NA,NA,0
"5081","69cec122e3cb56c2e7000c6b",NA,NA,NA,NA,0
"5082","69d2a8765e19038ab2fc0f56",NA,NA,NA,NA,0
"5083","69d5632f4815bcc4cb7242bf",NA,NA,NA,NA,0
"5084","69d5c4d748bcaf8026c80573",NA,NA,NA,NA,0
"5085","69daf476f6bc0d990581aca6",NA,NA,NA,NA,0
"5086","69dbf4749918745fc7d8e820",NA,NA,NA,NA,0
"5087","69dc76f0a77a620367d666ec",NA,NA,NA,NA,0
"5088","69dfe696c433039b7add8013",NA,NA,NA,NA,0
"5089","69e599577d00fb31c54fb004",NA,NA,NA,NA,0
"5090","69e816058da70eddb5dbc3e1",NA,NA,NA,NA,0
"5091","69e957ad6c65e153a1c65ae2",NA,NA,NA,NA,0
"5092","69ed15278090fe4438301d5c",NA,NA,NA,NA,0
"5093","69efe0b03221edd72686c185",NA,NA,NA,NA,0
"5094","69f0438cc141b27ed949788e",NA,NA,NA,NA,0
"5095","69f3d4f3fb7630947c56f1eb",NA,NA,NA,NA,0
"5096","69f6484996726366cacd162c",NA,NA,NA,NA,0
"5097","69f674db81cb46678aae6391",NA,NA,NA,NA,0
"5098","69f7b962446b32b08d58a1df",NA,NA,NA,NA,0
"5099","69f86a04fe802de5002bb70b",NA,NA,NA,NA,0
"5100","69f8db35f08d6c337883fcb4",NA,NA,NA,NA,0
"5101","69fb3314a5e95601464d1fea",NA,NA,NA,NA,0
"5102","69fb86296fb6f0919bf31075",NA,NA,NA,NA,0
"5103","69fcc8642de981c893eb6958",NA,NA,NA,NA,0
"5104","69fce9e45d612732dd1ae4e2",NA,NA,NA,NA,0
"5105","69fd3605435216c2d93bc72f",NA,NA,NA,NA,0
"5106","6a00b0ca46e3f2822d0349b6",NA,NA,NA,NA,0
"5107","6a00b4c7593a89490830c18c",NA,NA,NA,NA,0
"5108","6a00dbcc626a780a8e5c07a4",NA,NA,NA,NA,0
"5109","6a012d3c523e7311f4e55f61",NA,NA,NA,NA,0
"5110","6a01e843af8198a220b44a18",NA,NA,NA,NA,0
"5111","6a021dc98c730b8d3ce0deca",NA,NA,NA,NA,0
"5112","6a023ad806e8158958e73b75",NA,NA,NA,NA,0
"5113","6a04948f1e40214a25ff2563",NA,NA,NA,NA,0
"5114","6a05131f0ad03d07dd77178e",NA,NA,NA,NA,0
"5115","6a07687bad5809e8867bdffb",NA,NA,NA,NA,0
"5116","6a0a0fd9f370053c3505dc0f",NA,NA,NA,NA,0
"5117","6a0b7296246f70341f078e55",NA,NA,NA,NA,0
"5118","6a0b756dd47d16a4c82f5589",NA,NA,NA,NA,0
"5119","6a0dbb470d44c02c7ec444f0",NA,NA,NA,NA,0
"5120","6a0dfefeb75ae8ac09c192c6",NA,NA,NA,NA,0
"5121","6a0e0a9490e868c044e21936",NA,NA,NA,NA,0
"5122","6a0e2d716e90edf1ea83dce1",NA,NA,NA,NA,0
"5123","6a0f1056788a67850f057de4",NA,NA,NA,NA,0
"5124","6a0fdfd2db4241c9e5eca29a",NA,NA,NA,NA,0
"5125","6a14434573bcee3f17b7f762",NA,NA,NA,NA,0
"5126","6a14c736578656591db6ea31",NA,NA,NA,NA,0
"5127","6a14c84872f3851ab32e8c01",NA,NA,NA,NA,0
"5128","6a14e67cf20909f60e34ae64",NA,NA,NA,NA,0
"5129","6a14ed7d826b3c0b54334269",NA,NA,NA,NA,0
"5130","6a150fcbc5238897c2c9408e",NA,NA,NA,NA,0
"5131","6a1582166cefcdcbed565058",NA,NA,NA,NA,0
"5132","6a15d5fb80117206e7200cf7",NA,NA,NA,NA,0
"5133","6a15dfdb880253e5b6b917f3",NA,NA,NA,NA,0
"5134","6a177f7ec67996448d9c7d41",NA,NA,NA,NA,0
"5135","6a18b37c0157d881234ed29f",NA,NA,NA,NA,0
"5136","6a199661a2f63c5bf9835b2e",NA,NA,NA,NA,0
"5137","6a1a3e6d47ea4b557072cc4d",NA,NA,NA,NA,0
"5138","6a1ae40320c9511f890515f7",NA,NA,NA,NA,0
"5139","6a1b544246f12219f033d3c3",NA,NA,NA,NA,0
"5140","6a1cb95bf369926ac77ea9e5",NA,NA,NA,NA,0
"5141","6a1de36b3f5c6160ff6bf6a4",NA,NA,NA,NA,0
"5142","6a1f0ef7a64d44c972d3a5f7",NA,NA,NA,NA,0
"5143","6a1f832105dd8c89b5e930ad",NA,NA,NA,NA,0
"5144","6a2222ff6e1036656b0d5d08",NA,NA,NA,NA,0
"5145","6a232745f21e165e2b54ed58",NA,NA,NA,NA,0
"5146","6a2482e9af72b55296872b0d",NA,NA,NA,NA,0
"5147","6a2589e7b0645f2f7f1cc52c",NA,NA,NA,NA,0
"5148","6a3607f677860830aca5bdeb",NA,NA,NA,NA,0
"5149","62c5f85ccf34c8d9c0650f6e",NA,NA,NA,NA,0
"5150","65465c5bc5a014ec683d55cf",NA,NA,NA,NA,0
"5151","661c09a749790db73f8faba5",NA,NA,NA,NA,0
"5152","66315563a848526fcfa7555b",NA,NA,NA,NA,0
"5153","665795d82a087799023aaf0e",NA,NA,NA,NA,0
"5154","66da162f5538535e93490441",NA,NA,NA,NA,0
"5155","676956116c1a3416bf7b2afe",NA,NA,NA,NA,0
"5156","695ea002344d7ca1605c747a",NA,NA,NA,NA,0
"5157","6965bd850ce22095dd7a84ca",NA,NA,NA,NA,0
"5158","6978d830c5d415696508430d",NA,NA,NA,NA,0
"5159","697a495862ac67423e8418b8",NA,NA,NA,NA,0
"5160","6980dfb784202dcf9736910f",NA,NA,NA,NA,0
"5161","69864a705614c15728117b35",NA,NA,NA,NA,0
"5162","6987875a0a8fa6ed9ef00726",NA,NA,NA,NA,0
"5163","699b610e2ba4bade6f39121b",NA,NA,NA,NA,0
"5164","699cebf39bc275a312ffd51c",NA,NA,NA,NA,0
"5165","699d45af20adaa6e1e89aa5a",NA,NA,NA,NA,0
"5166","699e3cc79b0d3d96b469ca49",NA,NA,NA,NA,0
"5167","69a0734d1d433d3694c8438f",NA,NA,NA,NA,0
"5168","69a6eb2bc679065ed1cecc51",NA,NA,NA,NA,0
"5169","69a8cff018bead25e4a5d848",NA,NA,NA,NA,0
"5170","69b19e44edf4d70aee145c16",NA,NA,NA,NA,0
"5171","69b3193cce0978ad6db9fe7c",NA,NA,NA,NA,0
"5172","69b5c6bdbcf55371066f5e73",NA,NA,NA,NA,0
"5173","69ba37faee13f176e7635323",NA,NA,NA,NA,0
"5174","69bdf2afe629d42bfc47997f",NA,NA,NA,NA,0
"5175","69c093d33989aa791c4e8b2d",NA,NA,NA,NA,0
"5176","69c1256faa88d6296c98d745",NA,NA,NA,NA,0
"5177","69c2f0033339865c279814ca",NA,NA,NA,NA,0
"5178","69c6ec3a92185003cf70ded5",NA,NA,NA,NA,0
"5179","69cc1fac2b52b1c4dd21cc7d",NA,NA,NA,NA,0
"5180","69cec122e3cb56c2e7000c6b",NA,NA,NA,NA,0
"5181","69d2a8765e19038ab2fc0f56",NA,NA,NA,NA,0
"5182","69d5632f4815bcc4cb7242bf",NA,NA,NA,NA,0
"5183","69d5c4d748bcaf8026c80573",NA,NA,NA,NA,0
"5184","69daf476f6bc0d990581aca6",NA,NA,NA,NA,0
"5185","69dbf4749918745fc7d8e820",NA,NA,NA,NA,0
"5186","69dc76f0a77a620367d666ec",NA,NA,NA,NA,0
"5187","69dfe696c433039b7add8013",NA,NA,NA,NA,0
"5188","69e599577d00fb31c54fb004",NA,NA,NA,NA,0
"5189","69e816058da70eddb5dbc3e1",NA,NA,NA,NA,0
"5190","69e957ad6c65e153a1c65ae2",NA,NA,NA,NA,0
"5191","69ed15278090fe4438301d5c",NA,NA,NA,NA,0
"5192","69efe0b03221edd72686c185",NA,NA,NA,NA,0
"5193","69f0438cc141b27ed949788e",NA,NA,NA,NA,0
"5194","69f3d4f3fb7630947c56f1eb",NA,NA,NA,NA,0
"5195","69f6484996726366cacd162c",NA,NA,NA,NA,0
"5196","69f674db81cb46678aae6391",NA,NA,NA,NA,0
"5197","69f7b962446b32b08d58a1df",NA,NA,NA,NA,0
"5198","69f86a04fe802de5002bb70b",NA,NA,NA,NA,0
"5199","69f8db35f08d6c337883fcb4",NA,NA,NA,NA,0
"5200","69fb3314a5e95601464d1fea",NA,NA,NA,NA,0
"5201","69fb86296fb6f0919bf31075",NA,NA,NA,NA,0
"5202","69fcc8642de981c893eb6958",NA,NA,NA,NA,0
"5203","69fce9e45d612732dd1ae4e2",NA,NA,NA,NA,0
"5204","69fd3605435216c2d93bc72f",NA,NA,NA,NA,0
"5205","6a00b0ca46e3f2822d0349b6",NA,NA,NA,NA,0
"5206","6a00b4c7593a89490830c18c",NA,NA,NA,NA,0
"5207","6a00dbcc626a780a8e5c07a4",NA,NA,NA,NA,0
"5208","6a012d3c523e7311f4e55f61",NA,NA,NA,NA,0
"5209","6a01e843af8198a220b44a18",NA,NA,NA,NA,0
"5210","6a021dc98c730b8d3ce0deca",NA,NA,NA,NA,0
"5211","6a023ad806e8158958e73b75",NA,NA,NA,NA,0
"5212","6a04948f1e40214a25ff2563",NA,NA,NA,NA,0
"5213","6a05131f0ad03d07dd77178e",NA,NA,NA,NA,0
"5214","6a07687bad5809e8867bdffb",NA,NA,NA,NA,0
"5215","6a0a0fd9f370053c3505dc0f",NA,NA,NA,NA,0
"5216","6a0b7296246f70341f078e55",NA,NA,NA,NA,0
"5217","6a0b756dd47d16a4c82f5589",NA,NA,NA,NA,0
"5218","6a0dbb470d44c02c7ec444f0",NA,NA,NA,NA,0
"5219","6a0dfefeb75ae8ac09c192c6",NA,NA,NA,NA,0
"5220","6a0e0a9490e868c044e21936",NA,NA,NA,NA,0
"5221","6a0e2d716e90edf1ea83dce1",NA,NA,NA,NA,0
"5222","6a0f1056788a67850f057de4",NA,NA,NA,NA,0
"5223","6a0fdfd2db4241c9e5eca29a",NA,NA,NA,NA,0
"5224","6a14434573bcee3f17b7f762",NA,NA,NA,NA,0
"5225","6a14c736578656591db6ea31",NA,NA,NA,NA,0
"5226","6a14c84872f3851ab32e8c01",NA,NA,NA,NA,0
"5227","6a14e67cf20909f60e34ae64",NA,NA,NA,NA,0
"5228","6a14ed7d826b3c0b54334269",NA,NA,NA,NA,0
"5229","6a150fcbc5238897c2c9408e",NA,NA,NA,NA,0
"5230","6a1582166cefcdcbed565058",NA,NA,NA,NA,0
"5231","6a15d5fb80117206e7200cf7",NA,NA,NA,NA,0
"5232","6a15dfdb880253e5b6b917f3",NA,NA,NA,NA,0
"5233","6a177f7ec67996448d9c7d41",NA,NA,NA,NA,0
"5234","6a18b37c0157d881234ed29f",NA,NA,NA,NA,0
"5235","6a199661a2f63c5bf9835b2e",NA,NA,NA,NA,0
"5236","6a1a3e6d47ea4b557072cc4d",NA,NA,NA,NA,0
"5237","6a1ae40320c9511f890515f7",NA,NA,NA,NA,0
"5238","6a1b544246f12219f033d3c3",NA,NA,NA,NA,0
"5239","6a1cb95bf369926ac77ea9e5",NA,NA,NA,NA,0
"5240","6a1de36b3f5c6160ff6bf6a4",NA,NA,NA,NA,0
"5241","6a1f0ef7a64d44c972d3a5f7",NA,NA,NA,NA,0
"5242","6a1f832105dd8c89b5e930ad",NA,NA,NA,NA,0
"5243","6a2222ff6e1036656b0d5d08",NA,NA,NA,NA,0
"5244","6a232745f21e165e2b54ed58",NA,NA,NA,NA,0
"5245","6a2482e9af72b55296872b0d",NA,NA,NA,NA,0
"5246","6a2589e7b0645f2f7f1cc52c",NA,NA,NA,NA,0
"5247","6a3607f677860830aca5bdeb",NA,NA,NA,NA,0
"5248","62c5f85ccf34c8d9c0650f6e",NA,NA,NA,NA,0
"5249","65465c5bc5a014ec683d55cf",NA,NA,NA,NA,0
"5250","661c09a749790db73f8faba5",NA,NA,NA,NA,0
"5251","66315563a848526fcfa7555b",NA,NA,NA,NA,0
"5252","665795d82a087799023aaf0e",NA,NA,NA,NA,0
"5253","66da162f5538535e93490441",NA,NA,NA,NA,0
"5254","676956116c1a3416bf7b2afe",NA,NA,NA,NA,0
"5255","695ea002344d7ca1605c747a",NA,NA,NA,NA,0
"5256","6965bd850ce22095dd7a84ca",NA,NA,NA,NA,0
"5257","6978d830c5d415696508430d",NA,NA,NA,NA,0
"5258","697a495862ac67423e8418b8",NA,NA,NA,NA,0
"5259","6980dfb784202dcf9736910f",NA,NA,NA,NA,0
"5260","69864a705614c15728117b35",NA,NA,NA,NA,0
"5261","6987875a0a8fa6ed9ef00726",NA,NA,NA,NA,0
"5262","699b610e2ba4bade6f39121b",NA,NA,NA,NA,0
"5263","699cebf39bc275a312ffd51c",NA,NA,NA,NA,0
"5264","699d45af20adaa6e1e89aa5a",NA,NA,NA,NA,0
"5265","699e3cc79b0d3d96b469ca49",NA,NA,NA,NA,0
"5266","69a0734d1d433d3694c8438f",NA,NA,NA,NA,0
"5267","69a6eb2bc679065ed1cecc51",NA,NA,NA,NA,0
"5268","69a8cff018bead25e4a5d848",NA,NA,NA,NA,0
"5269","69b19e44edf4d70aee145c16",NA,NA,NA,NA,0
"5270","69b3193cce0978ad6db9fe7c",NA,NA,NA,NA,0
"5271","69b5c6bdbcf55371066f5e73",NA,NA,NA,NA,0
"5272","69ba37faee13f176e7635323",NA,NA,NA,NA,0
"5273","69bdf2afe629d42bfc47997f",NA,NA,NA,NA,0
"5274","69c093d33989aa791c4e8b2d",NA,NA,NA,NA,0
"5275","69c1256faa88d6296c98d745",NA,NA,NA,NA,0
"5276","69c2f0033339865c279814ca",NA,NA,NA,NA,0
"5277","69c6ec3a92185003cf70ded5",NA,NA,NA,NA,0
"5278","69cc1fac2b52b1c4dd21cc7d",NA,NA,NA,NA,0
"5279","69cec122e3cb56c2e7000c6b",NA,NA,NA,NA,0
"5280","69d2a8765e19038ab2fc0f56",NA,NA,NA,NA,0
"5281","69d5632f4815bcc4cb7242bf",NA,NA,NA,NA,0
"5282","69d5c4d748bcaf8026c80573",NA,NA,NA,NA,0
"5283","69daf476f6bc0d990581aca6",NA,NA,NA,NA,0
"5284","69dbf4749918745fc7d8e820",NA,NA,NA,NA,0
"5285","69dc76f0a77a620367d666ec",NA,NA,NA,NA,0
"5286","69dfe696c433039b7add8013",NA,NA,NA,NA,0
"5287","69e599577d00fb31c54fb004",NA,NA,NA,NA,0
"5288","69e816058da70eddb5dbc3e1",NA,NA,NA,NA,0
"5289","69e957ad6c65e153a1c65ae2",NA,NA,NA,NA,0
"5290","69ed15278090fe4438301d5c",NA,NA,NA,NA,0
"5291","69efe0b03221edd72686c185",NA,NA,NA,NA,0
"5292","69f0438cc141b27ed949788e",NA,NA,NA,NA,0
"5293","69f3d4f3fb7630947c56f1eb",NA,NA,NA,NA,0
"5294","69f6484996726366cacd162c",NA,NA,NA,NA,0
"5295","69f674db81cb46678aae6391",NA,NA,NA,NA,0
"5296","69f7b962446b32b08d58a1df",NA,NA,NA,NA,0
"5297","69f86a04fe802de5002bb70b",NA,NA,NA,NA,0
"5298","69f8db35f08d6c337883fcb4",NA,NA,NA,NA,0
"5299","69fb3314a5e95601464d1fea",NA,NA,NA,NA,0
"5300","69fb86296fb6f0919bf31075",NA,NA,NA,NA,0
"5301","69fcc8642de981c893eb6958",NA,NA,NA,NA,0
"5302","69fce9e45d612732dd1ae4e2",NA,NA,NA,NA,0
"5303","69fd3605435216c2d93bc72f",NA,NA,NA,NA,0
"5304","6a00b0ca46e3f2822d0349b6",NA,NA,NA,NA,0
"5305","6a00b4c7593a89490830c18c",NA,NA,NA,NA,0
"5306","6a00dbcc626a780a8e5c07a4",NA,NA,NA,NA,0
"5307","6a012d3c523e7311f4e55f61",NA,NA,NA,NA,0
"5308","6a01e843af8198a220b44a18",NA,NA,NA,NA,0
"5309","6a021dc98c730b8d3ce0deca",NA,NA,NA,NA,0
"5310","6a023ad806e8158958e73b75",NA,NA,NA,NA,0
"5311","6a04948f1e40214a25ff2563",NA,NA,NA,NA,0
"5312","6a05131f0ad03d07dd77178e",NA,NA,NA,NA,0
"5313","6a07687bad5809e8867bdffb",NA,NA,NA,NA,0
"5314","6a0a0fd9f370053c3505dc0f",NA,NA,NA,NA,0
"5315","6a0b7296246f70341f078e55",NA,NA,NA,NA,0
"5316","6a0b756dd47d16a4c82f5589",NA,NA,NA,NA,0
"5317","6a0dbb470d44c02c7ec444f0",NA,NA,NA,NA,0
"5318","6a0dfefeb75ae8ac09c192c6",NA,NA,NA,NA,0
"5319","6a0e0a9490e868c044e21936",NA,NA,NA,NA,0
"5320","6a0e2d716e90edf1ea83dce1",NA,NA,NA,NA,0
"5321","6a0f1056788a67850f057de4",NA,NA,NA,NA,0
"5322","6a0fdfd2db4241c9e5eca29a",NA,NA,NA,NA,0
"5323","6a14434573bcee3f17b7f762",NA,NA,NA,NA,0
"5324","6a14c736578656591db6ea31",NA,NA,NA,NA,0
"5325","6a14c84872f3851ab32e8c01",NA,NA,NA,NA,0
"5326","6a14e67cf20909f60e34ae64",NA,NA,NA,NA,0
"5327","6a14ed7d826b3c0b54334269",NA,NA,NA,NA,0
"5328","6a150fcbc5238897c2c9408e",NA,NA,NA,NA,0
"5329","6a1582166cefcdcbed565058",NA,NA,NA,NA,0
"5330","6a15d5fb80117206e7200cf7",NA,NA,NA,NA,0
"5331","6a15dfdb880253e5b6b917f3",NA,NA,NA,NA,0
"5332","6a177f7ec67996448d9c7d41",NA,NA,NA,NA,0
"5333","6a18b37c0157d881234ed29f",NA,NA,NA,NA,0
"5334","6a199661a2f63c5bf9835b2e",NA,NA,NA,NA,0
"5335","6a1a3e6d47ea4b557072cc4d",NA,NA,NA,NA,0
"5336","6a1ae40320c9511f890515f7",NA,NA,NA,NA,0
"5337","6a1b544246f12219f033d3c3",NA,NA,NA,NA,0
"5338","6a1cb95bf369926ac77ea9e5",NA,NA,NA,NA,0
"5339","6a1de36b3f5c6160ff6bf6a4",NA,NA,NA,NA,0
"5340","6a1f0ef7a64d44c972d3a5f7",NA,NA,NA,NA,0
"5341","6a1f832105dd8c89b5e930ad",NA,NA,NA,NA,0
"5342","6a2222ff6e1036656b0d5d08",NA,NA,NA,NA,0
"5343","6a232745f21e165e2b54ed58",NA,NA,NA,NA,0
"5344","6a2482e9af72b55296872b0d",NA,NA,NA,NA,0
"5345","6a2589e7b0645f2f7f1cc52c",NA,NA,NA,NA,0
"5346","6a3607f677860830aca5bdeb",NA,NA,NA,NA,0
"5347","62c5f85ccf34c8d9c0650f6e",NA,NA,NA,NA,0
"5348","65465c5bc5a014ec683d55cf",NA,NA,NA,NA,0
"5349","661c09a749790db73f8faba5",NA,NA,NA,NA,0
"5350","66315563a848526fcfa7555b",NA,NA,NA,NA,0
"5351","665795d82a087799023aaf0e",NA,NA,NA,NA,0
"5352","66da162f5538535e93490441",NA,NA,NA,NA,0
"5353","676956116c1a3416bf7b2afe",NA,NA,NA,NA,0
"5354","695ea002344d7ca1605c747a",NA,NA,NA,NA,0
"5355","6965bd850ce22095dd7a84ca",NA,NA,NA,NA,0
"5356","6978d830c5d415696508430d",NA,NA,NA,NA,0
"5357","697a495862ac67423e8418b8",NA,NA,NA,NA,0
"5358","6980dfb784202dcf9736910f",NA,NA,NA,NA,0
"5359","69864a705614c15728117b35",NA,NA,NA,NA,0
"5360","6987875a0a8fa6ed9ef00726",NA,NA,NA,NA,0
"5361","699b610e2ba4bade6f39121b",NA,NA,NA,NA,0
"5362","699cebf39bc275a312ffd51c",NA,NA,NA,NA,0
"5363","699d45af20adaa6e1e89aa5a",NA,NA,NA,NA,0
"5364","699e3cc79b0d3d96b469ca49",NA,NA,NA,NA,0
"5365","69a0734d1d433d3694c8438f",NA,NA,NA,NA,0
"5366","69a6eb2bc679065ed1cecc51",NA,NA,NA,NA,0
"5367","69a8cff018bead25e4a5d848",NA,NA,NA,NA,0
"5368","69b19e44edf4d70aee145c16",NA,NA,NA,NA,0
"5369","69b3193cce0978ad6db9fe7c",NA,NA,NA,NA,0
"5370","69b5c6bdbcf55371066f5e73",NA,NA,NA,NA,0
"5371","69ba37faee13f176e7635323",NA,NA,NA,NA,0
"5372","69bdf2afe629d42bfc47997f",NA,NA,NA,NA,0
"5373","69c093d33989aa791c4e8b2d",NA,NA,NA,NA,0
"5374","69c1256faa88d6296c98d745",NA,NA,NA,NA,0
"5375","69c2f0033339865c279814ca",NA,NA,NA,NA,0
"5376","69c6ec3a92185003cf70ded5",NA,NA,NA,NA,0
"5377","69cc1fac2b52b1c4dd21cc7d",NA,NA,NA,NA,0
"5378","69cec122e3cb56c2e7000c6b",NA,NA,NA,NA,0
"5379","69d2a8765e19038ab2fc0f56",NA,NA,NA,NA,0
"5380","69d5632f4815bcc4cb7242bf",NA,NA,NA,NA,0
"5381","69d5c4d748bcaf8026c80573",NA,NA,NA,NA,0
"5382","69daf476f6bc0d990581aca6",NA,NA,NA,NA,0
"5383","69dbf4749918745fc7d8e820",NA,NA,NA,NA,0
"5384","69dc76f0a77a620367d666ec",NA,NA,NA,NA,0
"5385","69dfe696c433039b7add8013",NA,NA,NA,NA,0
"5386","69e599577d00fb31c54fb004",NA,NA,NA,NA,0
"5387","69e816058da70eddb5dbc3e1",NA,NA,NA,NA,0
"5388","69e957ad6c65e153a1c65ae2",NA,NA,NA,NA,0
"5389","69ed15278090fe4438301d5c",NA,NA,NA,NA,0
"5390","69efe0b03221edd72686c185",NA,NA,NA,NA,0
"5391","69f0438cc141b27ed949788e",NA,NA,NA,NA,0
"5392","69f3d4f3fb7630947c56f1eb",NA,NA,NA,NA,0
"5393","69f6484996726366cacd162c",NA,NA,NA,NA,0
"5394","69f674db81cb46678aae6391",NA,NA,NA,NA,0
"5395","69f7b962446b32b08d58a1df",NA,NA,NA,NA,0
"5396","69f86a04fe802de5002bb70b",NA,NA,NA,NA,0
"5397","69f8db35f08d6c337883fcb4",NA,NA,NA,NA,0
"5398","69fb3314a5e95601464d1fea",NA,NA,NA,NA,0
"5399","69fb86296fb6f0919bf31075",NA,NA,NA,NA,0
"5400","69fcc8642de981c893eb6958",NA,NA,NA,NA,0
"5401","69fce9e45d612732dd1ae4e2",NA,NA,NA,NA,0
"5402","69fd3605435216c2d93bc72f",NA,NA,NA,NA,0
"5403","6a00b0ca46e3f2822d0349b6",NA,NA,NA,NA,0
"5404","6a00b4c7593a89490830c18c",NA,NA,NA,NA,0
"5405","6a00dbcc626a780a8e5c07a4",NA,NA,NA,NA,0
"5406","6a012d3c523e7311f4e55f61",NA,NA,NA,NA,0
"5407","6a01e843af8198a220b44a18",NA,NA,NA,NA,0
"5408","6a021dc98c730b8d3ce0deca",NA,NA,NA,NA,0
"5409","6a023ad806e8158958e73b75",NA,NA,NA,NA,0
"5410","6a04948f1e40214a25ff2563",NA,NA,NA,NA,0
"5411","6a05131f0ad03d07dd77178e",NA,NA,NA,NA,0
"5412","6a07687bad5809e8867bdffb",NA,NA,NA,NA,0
"5413","6a0a0fd9f370053c3505dc0f",NA,NA,NA,NA,0
"5414","6a0b7296246f70341f078e55",NA,NA,NA,NA,0
"5415","6a0b756dd47d16a4c82f5589",NA,NA,NA,NA,0
"5416","6a0dbb470d44c02c7ec444f0",NA,NA,NA,NA,0
"5417","6a0dfefeb75ae8ac09c192c6",NA,NA,NA,NA,0
"5418","6a0e0a9490e868c044e21936",NA,NA,NA,NA,0
"5419","6a0e2d716e90edf1ea83dce1",NA,NA,NA,NA,0
"5420","6a0f1056788a67850f057de4",NA,NA,NA,NA,0
"5421","6a0fdfd2db4241c9e5eca29a",NA,NA,NA,NA,0
"5422","6a14434573bcee3f17b7f762",NA,NA,NA,NA,0
"5423","6a14c736578656591db6ea31",NA,NA,NA,NA,0
"5424","6a14c84872f3851ab32e8c01",NA,NA,NA,NA,0
"5425","6a14e67cf20909f60e34ae64",NA,NA,NA,NA,0
"5426","6a14ed7d826b3c0b54334269",NA,NA,NA,NA,0
"5427","6a150fcbc5238897c2c9408e",NA,NA,NA,NA,0
"5428","6a1582166cefcdcbed565058",NA,NA,NA,NA,0
"5429","6a15d5fb80117206e7200cf7",NA,NA,NA,NA,0
"5430","6a15dfdb880253e5b6b917f3",NA,NA,NA,NA,0
"5431","6a177f7ec67996448d9c7d41",NA,NA,NA,NA,0
"5432","6a18b37c0157d881234ed29f",NA,NA,NA,NA,0
"5433","6a199661a2f63c5bf9835b2e",NA,NA,NA,NA,0
"5434","6a1a3e6d47ea4b557072cc4d",NA,NA,NA,NA,0
"5435","6a1ae40320c9511f890515f7",NA,NA,NA,NA,0
"5436","6a1b544246f12219f033d3c3",NA,NA,NA,NA,0
"5437","6a1cb95bf369926ac77ea9e5",NA,NA,NA,NA,0
"5438","6a1de36b3f5c6160ff6bf6a4",NA,NA,NA,NA,0
"5439","6a1f0ef7a64d44c972d3a5f7",NA,NA,NA,NA,0
"5440","6a1f832105dd8c89b5e930ad",NA,NA,NA,NA,0
"5441","6a2222ff6e1036656b0d5d08",NA,NA,NA,NA,0
"5442","6a232745f21e165e2b54ed58",NA,NA,NA,NA,0
"5443","6a2482e9af72b55296872b0d",NA,NA,NA,NA,0
"5444","6a2589e7b0645f2f7f1cc52c",NA,NA,NA,NA,0
"5445","6a3607f677860830aca5bdeb",NA,NA,NA,NA,0
"5446","62c5f85ccf34c8d9c0650f6e",NA,NA,NA,NA,0
"5447","65465c5bc5a014ec683d55cf",NA,NA,NA,NA,0
"5448","661c09a749790db73f8faba5",NA,NA,NA,NA,0
"5449","66315563a848526fcfa7555b",NA,NA,NA,NA,0
"5450","665795d82a087799023aaf0e",NA,NA,NA,NA,0
"5451","66da162f5538535e93490441",NA,NA,NA,NA,0
"5452","676956116c1a3416bf7b2afe",NA,NA,NA,NA,0
"5453","695ea002344d7ca1605c747a",NA,NA,NA,NA,0
"5454","6965bd850ce22095dd7a84ca",NA,NA,NA,NA,0
"5455","6978d830c5d415696508430d",NA,NA,NA,NA,0
"5456","697a495862ac67423e8418b8",NA,NA,NA,NA,0
"5457","6980dfb784202dcf9736910f",NA,NA,NA,NA,0
"5458","69864a705614c15728117b35",NA,NA,NA,NA,0
"5459","6987875a0a8fa6ed9ef00726",NA,NA,NA,NA,0
"5460","699b610e2ba4bade6f39121b",NA,NA,NA,NA,0
"5461","699cebf39bc275a312ffd51c",NA,NA,NA,NA,0
"5462","699d45af20adaa6e1e89aa5a",NA,NA,NA,NA,0
"5463","699e3cc79b0d3d96b469ca49",NA,NA,NA,NA,0
"5464","69a0734d1d433d3694c8438f",NA,NA,NA,NA,0
"5465","69a6eb2bc679065ed1cecc51",NA,NA,NA,NA,0
"5466","69a8cff018bead25e4a5d848",NA,NA,NA,NA,0
"5467","69b19e44edf4d70aee145c16",NA,NA,NA,NA,0
"5468","69b3193cce0978ad6db9fe7c",NA,NA,NA,NA,0
"5469","69b5c6bdbcf55371066f5e73",NA,NA,NA,NA,0
"5470","69ba37faee13f176e7635323",NA,NA,NA,NA,0
"5471","69bdf2afe629d42bfc47997f",NA,NA,NA,NA,0
"5472","69c093d33989aa791c4e8b2d",NA,NA,NA,NA,0
"5473","69c1256faa88d6296c98d745",NA,NA,NA,NA,0
"5474","69c2f0033339865c279814ca",NA,NA,NA,NA,0
"5475","69c6ec3a92185003cf70ded5",NA,NA,NA,NA,0
"5476","69cc1fac2b52b1c4dd21cc7d",NA,NA,NA,NA,0
"5477","69cec122e3cb56c2e7000c6b",NA,NA,NA,NA,0
"5478","69d2a8765e19038ab2fc0f56",NA,NA,NA,NA,0
"5479","69d5632f4815bcc4cb7242bf",NA,NA,NA,NA,0
"5480","69d5c4d748bcaf8026c80573",NA,NA,NA,NA,0
"5481","69daf476f6bc0d990581aca6",NA,NA,NA,NA,0
"5482","69dbf4749918745fc7d8e820",NA,NA,NA,NA,0
"5483","69dc76f0a77a620367d666ec",NA,NA,NA,NA,0
"5484","69dfe696c433039b7add8013",NA,NA,NA,NA,0
"5485","69e599577d00fb31c54fb004",NA,NA,NA,NA,0
"5486","69e816058da70eddb5dbc3e1",NA,NA,NA,NA,0
"5487","69e957ad6c65e153a1c65ae2",NA,NA,NA,NA,0
"5488","69ed15278090fe4438301d5c",NA,NA,NA,NA,0
"5489","69efe0b03221edd72686c185",NA,NA,NA,NA,0
"5490","69f0438cc141b27ed949788e",NA,NA,NA,NA,0
"5491","69f3d4f3fb7630947c56f1eb",NA,NA,NA,NA,0
"5492","69f6484996726366cacd162c",NA,NA,NA,NA,0
"5493","69f674db81cb46678aae6391",NA,NA,NA,NA,0
"5494","69f7b962446b32b08d58a1df",NA,NA,NA,NA,0
"5495","69f86a04fe802de5002bb70b",NA,NA,NA,NA,0
"5496","69f8db35f08d6c337883fcb4",NA,NA,NA,NA,0
"5497","69fb3314a5e95601464d1fea",NA,NA,NA,NA,0
"5498","69fb86296fb6f0919bf31075",NA,NA,NA,NA,0
"5499","69fcc8642de981c893eb6958",NA,NA,NA,NA,0
"5500","69fce9e45d612732dd1ae4e2",NA,NA,NA,NA,0
"5501","69fd3605435216c2d93bc72f",NA,NA,NA,NA,0
"5502","6a00b0ca46e3f2822d0349b6",NA,NA,NA,NA,0
"5503","6a00b4c7593a89490830c18c",NA,NA,NA,NA,0
"5504","6a00dbcc626a780a8e5c07a4",NA,NA,NA,NA,0
"5505","6a012d3c523e7311f4e55f61",NA,NA,NA,NA,0
"5506","6a01e843af8198a220b44a18",NA,NA,NA,NA,0
"5507","6a021dc98c730b8d3ce0deca",NA,NA,NA,NA,0
"5508","6a023ad806e8158958e73b75",NA,NA,NA,NA,0
"5509","6a04948f1e40214a25ff2563",NA,NA,NA,NA,0
"5510","6a05131f0ad03d07dd77178e",NA,NA,NA,NA,0
"5511","6a07687bad5809e8867bdffb",NA,NA,NA,NA,0
"5512","6a0a0fd9f370053c3505dc0f",NA,NA,NA,NA,0
"5513","6a0b7296246f70341f078e55",NA,NA,NA,NA,0
"5514","6a0b756dd47d16a4c82f5589",NA,NA,NA,NA,0
"5515","6a0dbb470d44c02c7ec444f0",NA,NA,NA,NA,0
"5516","6a0dfefeb75ae8ac09c192c6",NA,NA,NA,NA,0
"5517","6a0e0a9490e868c044e21936",NA,NA,NA,NA,0
"5518","6a0e2d716e90edf1ea83dce1",NA,NA,NA,NA,0
"5519","6a0f1056788a67850f057de4",NA,NA,NA,NA,0
"5520","6a0fdfd2db4241c9e5eca29a",NA,NA,NA,NA,0
"5521","6a14434573bcee3f17b7f762",NA,NA,NA,NA,0
"5522","6a14c736578656591db6ea31",NA,NA,NA,NA,0
"5523","6a14c84872f3851ab32e8c01",NA,NA,NA,NA,0
"5524","6a14e67cf20909f60e34ae64",NA,NA,NA,NA,0
"5525","6a14ed7d826b3c0b54334269",NA,NA,NA,NA,0
"5526","6a150fcbc5238897c2c9408e",NA,NA,NA,NA,0
"5527","6a1582166cefcdcbed565058",NA,NA,NA,NA,0
"5528","6a15d5fb80117206e7200cf7",NA,NA,NA,NA,0
"5529","6a15dfdb880253e5b6b917f3",NA,NA,NA,NA,0
"5530","6a177f7ec67996448d9c7d41",NA,NA,NA,NA,0
"5531","6a18b37c0157d881234ed29f",NA,NA,NA,NA,0
"5532","6a199661a2f63c5bf9835b2e",NA,NA,NA,NA,0
"5533","6a1a3e6d47ea4b557072cc4d",NA,NA,NA,NA,0
"5534","6a1ae40320c9511f890515f7",NA,NA,NA,NA,0
"5535","6a1b544246f12219f033d3c3",NA,NA,NA,NA,0
"5536","6a1cb95bf369926ac77ea9e5",NA,NA,NA,NA,0
"5537","6a1de36b3f5c6160ff6bf6a4",NA,NA,NA,NA,0
"5538","6a1f0ef7a64d44c972d3a5f7",NA,NA,NA,NA,0
"5539","6a1f832105dd8c89b5e930ad",NA,NA,NA,NA,0
"5540","6a2222ff6e1036656b0d5d08",NA,NA,NA,NA,0
"5541","6a232745f21e165e2b54ed58",NA,NA,NA,NA,0
"5542","6a2482e9af72b55296872b0d",NA,NA,NA,NA,0
"5543","6a2589e7b0645f2f7f1cc52c",NA,NA,NA,NA,0
"5544","6a3607f677860830aca5bdeb",NA,NA,NA,NA,0
"5545","62c5f85ccf34c8d9c0650f6e",NA,NA,NA,NA,0
"5546","65465c5bc5a014ec683d55cf",NA,NA,NA,NA,0
"5547","661c09a749790db73f8faba5",NA,NA,NA,NA,0
"5548","66315563a848526fcfa7555b",NA,NA,NA,NA,0
"5549","665795d82a087799023aaf0e",NA,NA,NA,NA,0
"5550","66da162f5538535e93490441",NA,NA,NA,NA,0
"5551","676956116c1a3416bf7b2afe",NA,NA,NA,NA,0
"5552","695ea002344d7ca1605c747a",NA,NA,NA,NA,0
"5553","6965bd850ce22095dd7a84ca",NA,NA,NA,NA,0
"5554","6978d830c5d415696508430d",NA,NA,NA,NA,0
"5555","697a495862ac67423e8418b8",NA,NA,NA,NA,0
"5556","6980dfb784202dcf9736910f",NA,NA,NA,NA,0
"5557","69864a705614c15728117b35",NA,NA,NA,NA,0
"5558","6987875a0a8fa6ed9ef00726",NA,NA,NA,NA,0
"5559","699b610e2ba4bade6f39121b",NA,NA,NA,NA,0
"5560","699cebf39bc275a312ffd51c",NA,NA,NA,NA,0
"5561","699d45af20adaa6e1e89aa5a",NA,NA,NA,NA,0
"5562","699e3cc79b0d3d96b469ca49",NA,NA,NA,NA,0
"5563","69a0734d1d433d3694c8438f",NA,NA,NA,NA,0
"5564","69a6eb2bc679065ed1cecc51",NA,NA,NA,NA,0
"5565","69a8cff018bead25e4a5d848",NA,NA,NA,NA,0
"5566","69b19e44edf4d70aee145c16",NA,NA,NA,NA,0
"5567","69b3193cce0978ad6db9fe7c",NA,NA,NA,NA,0
"5568","69b5c6bdbcf55371066f5e73",NA,NA,NA,NA,0
"5569","69ba37faee13f176e7635323",NA,NA,NA,NA,0
"5570","69bdf2afe629d42bfc47997f",NA,NA,NA,NA,0
"5571","69c093d33989aa791c4e8b2d",NA,NA,NA,NA,0
"5572","69c1256faa88d6296c98d745",NA,NA,NA,NA,0
"5573","69c2f0033339865c279814ca",NA,NA,NA,NA,0
"5574","69c6ec3a92185003cf70ded5",NA,NA,NA,NA,0
"5575","69cc1fac2b52b1c4dd21cc7d",NA,NA,NA,NA,0
"5576","69cec122e3cb56c2e7000c6b",NA,NA,NA,NA,0
"5577","69d2a8765e19038ab2fc0f56",NA,NA,NA,NA,0
"5578","69d5632f4815bcc4cb7242bf",NA,NA,NA,NA,0
"5579","69d5c4d748bcaf8026c80573",NA,NA,NA,NA,0
"5580","69daf476f6bc0d990581aca6",NA,NA,NA,NA,0
"5581","69dbf4749918745fc7d8e820",NA,NA,NA,NA,0
"5582","69dc76f0a77a620367d666ec",NA,NA,NA,NA,0
"5583","69dfe696c433039b7add8013",NA,NA,NA,NA,0
"5584","69e599577d00fb31c54fb004",NA,NA,NA,NA,0
"5585","69e816058da70eddb5dbc3e1",NA,NA,NA,NA,0
"5586","69e957ad6c65e153a1c65ae2",NA,NA,NA,NA,0
"5587","69ed15278090fe4438301d5c",NA,NA,NA,NA,0
"5588","69efe0b03221edd72686c185",NA,NA,NA,NA,0
"5589","69f0438cc141b27ed949788e",NA,NA,NA,NA,0
"5590","69f3d4f3fb7630947c56f1eb",NA,NA,NA,NA,0
"5591","69f6484996726366cacd162c",NA,NA,NA,NA,0
"5592","69f674db81cb46678aae6391",NA,NA,NA,NA,0
"5593","69f7b962446b32b08d58a1df",NA,NA,NA,NA,0
"5594","69f86a04fe802de5002bb70b",NA,NA,NA,NA,0
"5595","69f8db35f08d6c337883fcb4",NA,NA,NA,NA,0
"5596","69fb3314a5e95601464d1fea",NA,NA,NA,NA,0
"5597","69fb86296fb6f0919bf31075",NA,NA,NA,NA,0
"5598","69fcc8642de981c893eb6958",NA,NA,NA,NA,0
"5599","69fce9e45d612732dd1ae4e2",NA,NA,NA,NA,0
"5600","69fd3605435216c2d93bc72f",NA,NA,NA,NA,0
"5601","6a00b0ca46e3f2822d0349b6",NA,NA,NA,NA,0
"5602","6a00b4c7593a89490830c18c",NA,NA,NA,NA,0
"5603","6a00dbcc626a780a8e5c07a4",NA,NA,NA,NA,0
"5604","6a012d3c523e7311f4e55f61",NA,NA,NA,NA,0
"5605","6a01e843af8198a220b44a18",NA,NA,NA,NA,0
"5606","6a021dc98c730b8d3ce0deca",NA,NA,NA,NA,0
"5607","6a023ad806e8158958e73b75",NA,NA,NA,NA,0
"5608","6a04948f1e40214a25ff2563",NA,NA,NA,NA,0
"5609","6a05131f0ad03d07dd77178e",NA,NA,NA,NA,0
"5610","6a07687bad5809e8867bdffb",NA,NA,NA,NA,0
"5611","6a0a0fd9f370053c3505dc0f",NA,NA,NA,NA,0
"5612","6a0b7296246f70341f078e55",NA,NA,NA,NA,0
"5613","6a0b756dd47d16a4c82f5589",NA,NA,NA,NA,0
"5614","6a0dbb470d44c02c7ec444f0",NA,NA,NA,NA,0
"5615","6a0dfefeb75ae8ac09c192c6",NA,NA,NA,NA,0
"5616","6a0e0a9490e868c044e21936",NA,NA,NA,NA,0
"5617","6a0e2d716e90edf1ea83dce1",NA,NA,NA,NA,0
"5618","6a0f1056788a67850f057de4",NA,NA,NA,NA,0
"5619","6a0fdfd2db4241c9e5eca29a",NA,NA,NA,NA,0
"5620","6a14434573bcee3f17b7f762",NA,NA,NA,NA,0
"5621","6a14c736578656591db6ea31",NA,NA,NA,NA,0
"5622","6a14c84872f3851ab32e8c01",NA,NA,NA,NA,0
"5623","6a14e67cf20909f60e34ae64",NA,NA,NA,NA,0
"5624","6a14ed7d826b3c0b54334269",NA,NA,NA,NA,0
"5625","6a150fcbc5238897c2c9408e",NA,NA,NA,NA,0
"5626","6a1582166cefcdcbed565058",NA,NA,NA,NA,0
"5627","6a15d5fb80117206e7200cf7",NA,NA,NA,NA,0
"5628","6a15dfdb880253e5b6b917f3",NA,NA,NA,NA,0
"5629","6a177f7ec67996448d9c7d41",NA,NA,NA,NA,0
"5630","6a18b37c0157d881234ed29f",NA,NA,NA,NA,0
"5631","6a199661a2f63c5bf9835b2e",NA,NA,NA,NA,0
"5632","6a1a3e6d47ea4b557072cc4d",NA,NA,NA,NA,0
"5633","6a1ae40320c9511f890515f7",NA,NA,NA,NA,0
"5634","6a1b544246f12219f033d3c3",NA,NA,NA,NA,0
"5635","6a1cb95bf369926ac77ea9e5",NA,NA,NA,NA,0
"5636","6a1de36b3f5c6160ff6bf6a4",NA,NA,NA,NA,0
"5637","6a1f0ef7a64d44c972d3a5f7",NA,NA,NA,NA,0
"5638","6a1f832105dd8c89b5e930ad",NA,NA,NA,NA,0
"5639","6a2222ff6e1036656b0d5d08",NA,NA,NA,NA,0
"5640","6a232745f21e165e2b54ed58",NA,NA,NA,NA,0
"5641","6a2482e9af72b55296872b0d",NA,NA,NA,NA,0
"5642","6a2589e7b0645f2f7f1cc52c",NA,NA,NA,NA,0
"5643","6a3607f677860830aca5bdeb",NA,NA,NA,NA,0
"5644","62c5f85ccf34c8d9c0650f6e",NA,NA,NA,NA,0
"5645","65465c5bc5a014ec683d55cf",NA,NA,NA,NA,0
"5646","661c09a749790db73f8faba5",NA,NA,NA,NA,0
"5647","66315563a848526fcfa7555b",NA,NA,NA,NA,0
"5648","665795d82a087799023aaf0e",NA,NA,NA,NA,0
"5649","66da162f5538535e93490441",NA,NA,NA,NA,0
"5650","676956116c1a3416bf7b2afe",NA,NA,NA,NA,0
"5651","695ea002344d7ca1605c747a",NA,NA,NA,NA,0
"5652","6965bd850ce22095dd7a84ca",NA,NA,NA,NA,0
"5653","6978d830c5d415696508430d",NA,NA,NA,NA,0
"5654","697a495862ac67423e8418b8",NA,NA,NA,NA,0
"5655","6980dfb784202dcf9736910f",NA,NA,NA,NA,0
"5656","69864a705614c15728117b35",NA,NA,NA,NA,0
"5657","6987875a0a8fa6ed9ef00726",NA,NA,NA,NA,0
"5658","699b610e2ba4bade6f39121b",NA,NA,NA,NA,0
"5659","699cebf39bc275a312ffd51c",NA,NA,NA,NA,0
"5660","699d45af20adaa6e1e89aa5a",NA,NA,NA,NA,0
"5661","699e3cc79b0d3d96b469ca49",NA,NA,NA,NA,0
"5662","69a0734d1d433d3694c8438f",NA,NA,NA,NA,0
"5663","69a6eb2bc679065ed1cecc51",NA,NA,NA,NA,0
"5664","69a8cff018bead25e4a5d848",NA,NA,NA,NA,0
"5665","69b19e44edf4d70aee145c16",NA,NA,NA,NA,0
"5666","69b3193cce0978ad6db9fe7c",NA,NA,NA,NA,0
"5667","69b5c6bdbcf55371066f5e73",NA,NA,NA,NA,0
"5668","69ba37faee13f176e7635323",NA,NA,NA,NA,0
"5669","69bdf2afe629d42bfc47997f",NA,NA,NA,NA,0
"5670","69c093d33989aa791c4e8b2d",NA,NA,NA,NA,0
"5671","69c1256faa88d6296c98d745",NA,NA,NA,NA,0
"5672","69c2f0033339865c279814ca",NA,NA,NA,NA,0
"5673","69c6ec3a92185003cf70ded5",NA,NA,NA,NA,0
"5674","69cc1fac2b52b1c4dd21cc7d",NA,NA,NA,NA,0
"5675","69cec122e3cb56c2e7000c6b",NA,NA,NA,NA,0
"5676","69d2a8765e19038ab2fc0f56",NA,NA,NA,NA,0
"5677","69d5632f4815bcc4cb7242bf",NA,NA,NA,NA,0
"5678","69d5c4d748bcaf8026c80573",NA,NA,NA,NA,0
"5679","69daf476f6bc0d990581aca6",NA,NA,NA,NA,0
"5680","69dbf4749918745fc7d8e820",NA,NA,NA,NA,0
"5681","69dc76f0a77a620367d666ec",NA,NA,NA,NA,0
"5682","69dfe696c433039b7add8013",NA,NA,NA,NA,0
"5683","69e599577d00fb31c54fb004",NA,NA,NA,NA,0
"5684","69e816058da70eddb5dbc3e1",NA,NA,NA,NA,0
"5685","69e957ad6c65e153a1c65ae2",NA,NA,NA,NA,0
"5686","69ed15278090fe4438301d5c",NA,NA,NA,NA,0
"5687","69efe0b03221edd72686c185",NA,NA,NA,NA,0
"5688","69f0438cc141b27ed949788e",NA,NA,NA,NA,0
"5689","69f3d4f3fb7630947c56f1eb",NA,NA,NA,NA,0
"5690","69f6484996726366cacd162c",NA,NA,NA,NA,0
"5691","69f674db81cb46678aae6391",NA,NA,NA,NA,0
"5692","69f7b962446b32b08d58a1df",NA,NA,NA,NA,0
"5693","69f86a04fe802de5002bb70b",NA,NA,NA,NA,0
"5694","69f8db35f08d6c337883fcb4",NA,NA,NA,NA,0
"5695","69fb3314a5e95601464d1fea",NA,NA,NA,NA,0
"5696","69fb86296fb6f0919bf31075",NA,NA,NA,NA,0
"5697","69fcc8642de981c893eb6958",NA,NA,NA,NA,0
"5698","69fce9e45d612732dd1ae4e2",NA,NA,NA,NA,0
"5699","69fd3605435216c2d93bc72f",NA,NA,NA,NA,0
"5700","6a00b0ca46e3f2822d0349b6",NA,NA,NA,NA,0
"5701","6a00b4c7593a89490830c18c",NA,NA,NA,NA,0
"5702","6a00dbcc626a780a8e5c07a4",NA,NA,NA,NA,0
"5703","6a012d3c523e7311f4e55f61",NA,NA,NA,NA,0
"5704","6a01e843af8198a220b44a18",NA,NA,NA,NA,0
"5705","6a021dc98c730b8d3ce0deca",NA,NA,NA,NA,0
"5706","6a023ad806e8158958e73b75",NA,NA,NA,NA,0
"5707","6a04948f1e40214a25ff2563",NA,NA,NA,NA,0
"5708","6a05131f0ad03d07dd77178e",NA,NA,NA,NA,0
"5709","6a07687bad5809e8867bdffb",NA,NA,NA,NA,0
"5710","6a0a0fd9f370053c3505dc0f",NA,NA,NA,NA,0
"5711","6a0b7296246f70341f078e55",NA,NA,NA,NA,0
"5712","6a0b756dd47d16a4c82f5589",NA,NA,NA,NA,0
"5713","6a0dbb470d44c02c7ec444f0",NA,NA,NA,NA,0
"5714","6a0dfefeb75ae8ac09c192c6",NA,NA,NA,NA,0
"5715","6a0e0a9490e868c044e21936",NA,NA,NA,NA,0
"5716","6a0e2d716e90edf1ea83dce1",NA,NA,NA,NA,0
"5717","6a0f1056788a67850f057de4",NA,NA,NA,NA,0
"5718","6a0fdfd2db4241c9e5eca29a",NA,NA,NA,NA,0
"5719","6a14434573bcee3f17b7f762",NA,NA,NA,NA,0
"5720","6a14c736578656591db6ea31",NA,NA,NA,NA,0
"5721","6a14c84872f3851ab32e8c01",NA,NA,NA,NA,0
"5722","6a14e67cf20909f60e34ae64",NA,NA,NA,NA,0
"5723","6a14ed7d826b3c0b54334269",NA,NA,NA,NA,0
"5724","6a150fcbc5238897c2c9408e",NA,NA,NA,NA,0
"5725","6a1582166cefcdcbed565058",NA,NA,NA,NA,0
"5726","6a15d5fb80117206e7200cf7",NA,NA,NA,NA,0
"5727","6a15dfdb880253e5b6b917f3",NA,NA,NA,NA,0
"5728","6a177f7ec67996448d9c7d41",NA,NA,NA,NA,0
"5729","6a18b37c0157d881234ed29f",NA,NA,NA,NA,0
"5730","6a199661a2f63c5bf9835b2e",NA,NA,NA,NA,0
"5731","6a1a3e6d47ea4b557072cc4d",NA,NA,NA,NA,0
"5732","6a1ae40320c9511f890515f7",NA,NA,NA,NA,0
"5733","6a1b544246f12219f033d3c3",NA,NA,NA,NA,0
"5734","6a1cb95bf369926ac77ea9e5",NA,NA,NA,NA,0
"5735","6a1de36b3f5c6160ff6bf6a4",NA,NA,NA,NA,0
"5736","6a1f0ef7a64d44c972d3a5f7",NA,NA,NA,NA,0
"5737","6a1f832105dd8c89b5e930ad",NA,NA,NA,NA,0
"5738","6a2222ff6e1036656b0d5d08",NA,NA,NA,NA,0
"5739","6a232745f21e165e2b54ed58",NA,NA,NA,NA,0
"5740","6a2482e9af72b55296872b0d",NA,NA,NA,NA,0
"5741","6a2589e7b0645f2f7f1cc52c",NA,NA,NA,NA,0
"5742","6a3607f677860830aca5bdeb",NA,NA,NA,NA,0
"5743","62c5f85ccf34c8d9c0650f6e",NA,NA,NA,NA,0
"5744","65465c5bc5a014ec683d55cf",NA,NA,NA,NA,0
"5745","661c09a749790db73f8faba5",NA,NA,NA,NA,0
"5746","66315563a848526fcfa7555b",NA,NA,NA,NA,0
"5747","665795d82a087799023aaf0e",NA,NA,NA,NA,0
"5748","66da162f5538535e93490441",NA,NA,NA,NA,0
"5749","676956116c1a3416bf7b2afe",NA,NA,NA,NA,0
"5750","695ea002344d7ca1605c747a",NA,NA,NA,NA,0
"5751","6965bd850ce22095dd7a84ca",NA,NA,NA,NA,0
"5752","6978d830c5d415696508430d",NA,NA,NA,NA,0
"5753","697a495862ac67423e8418b8",NA,NA,NA,NA,0
"5754","6980dfb784202dcf9736910f",NA,NA,NA,NA,0
"5755","69864a705614c15728117b35",NA,NA,NA,NA,0
"5756","6987875a0a8fa6ed9ef00726",NA,NA,NA,NA,0
"5757","699b610e2ba4bade6f39121b",NA,NA,NA,NA,0
"5758","699cebf39bc275a312ffd51c",NA,NA,NA,NA,0
"5759","699d45af20adaa6e1e89aa5a",NA,NA,NA,NA,0
"5760","699e3cc79b0d3d96b469ca49",NA,NA,NA,NA,0
"5761","69a0734d1d433d3694c8438f",NA,NA,NA,NA,0
"5762","69a6eb2bc679065ed1cecc51",NA,NA,NA,NA,0
"5763","69a8cff018bead25e4a5d848",NA,NA,NA,NA,0
"5764","69b19e44edf4d70aee145c16",NA,NA,NA,NA,0
"5765","69b3193cce0978ad6db9fe7c",NA,NA,NA,NA,0
"5766","69b5c6bdbcf55371066f5e73",NA,NA,NA,NA,0
"5767","69ba37faee13f176e7635323",NA,NA,NA,NA,0
"5768","69bdf2afe629d42bfc47997f",NA,NA,NA,NA,0
"5769","69c093d33989aa791c4e8b2d",NA,NA,NA,NA,0
"5770","69c1256faa88d6296c98d745",NA,NA,NA,NA,0
"5771","69c2f0033339865c279814ca",NA,NA,NA,NA,0
"5772","69c6ec3a92185003cf70ded5",NA,NA,NA,NA,0
"5773","69cc1fac2b52b1c4dd21cc7d",NA,NA,NA,NA,0
"5774","69cec122e3cb56c2e7000c6b",NA,NA,NA,NA,0
"5775","69d2a8765e19038ab2fc0f56",NA,NA,NA,NA,0
"5776","69d5632f4815bcc4cb7242bf",NA,NA,NA,NA,0
"5777","69d5c4d748bcaf8026c80573",NA,NA,NA,NA,0
"5778","69daf476f6bc0d990581aca6",NA,NA,NA,NA,0
"5779","69dbf4749918745fc7d8e820",NA,NA,NA,NA,0
"5780","69dc76f0a77a620367d666ec",NA,NA,NA,NA,0
"5781","69dfe696c433039b7add8013",NA,NA,NA,NA,0
"5782","69e599577d00fb31c54fb004",NA,NA,NA,NA,0
"5783","69e816058da70eddb5dbc3e1",NA,NA,NA,NA,0
"5784","69e957ad6c65e153a1c65ae2",NA,NA,NA,NA,0
"5785","69ed15278090fe4438301d5c",NA,NA,NA,NA,0
"5786","69efe0b03221edd72686c185",NA,NA,NA,NA,0
"5787","69f0438cc141b27ed949788e",NA,NA,NA,NA,0
"5788","69f3d4f3fb7630947c56f1eb",NA,NA,NA,NA,0
"5789","69f6484996726366cacd162c",NA,NA,NA,NA,0
"5790","69f674db81cb46678aae6391",NA,NA,NA,NA,0
"5791","69f7b962446b32b08d58a1df",NA,NA,NA,NA,0
"5792","69f86a04fe802de5002bb70b",NA,NA,NA,NA,0
"5793","69f8db35f08d6c337883fcb4",NA,NA,NA,NA,0
"5794","69fb3314a5e95601464d1fea",NA,NA,NA,NA,0
"5795","69fb86296fb6f0919bf31075",NA,NA,NA,NA,0
"5796","69fcc8642de981c893eb6958",NA,NA,NA,NA,0
"5797","69fce9e45d612732dd1ae4e2",NA,NA,NA,NA,0
"5798","69fd3605435216c2d93bc72f",NA,NA,NA,NA,0
"5799","6a00b0ca46e3f2822d0349b6",NA,NA,NA,NA,0
"5800","6a00b4c7593a89490830c18c",NA,NA,NA,NA,0
"5801","6a00dbcc626a780a8e5c07a4",NA,NA,NA,NA,0
"5802","6a012d3c523e7311f4e55f61",NA,NA,NA,NA,0
"5803","6a01e843af8198a220b44a18",NA,NA,NA,NA,0
"5804","6a021dc98c730b8d3ce0deca",NA,NA,NA,NA,0
"5805","6a023ad806e8158958e73b75",NA,NA,NA,NA,0
"5806","6a04948f1e40214a25ff2563",NA,NA,NA,NA,0
"5807","6a05131f0ad03d07dd77178e",NA,NA,NA,NA,0
"5808","6a07687bad5809e8867bdffb",NA,NA,NA,NA,0
"5809","6a0a0fd9f370053c3505dc0f",NA,NA,NA,NA,0
"5810","6a0b7296246f70341f078e55",NA,NA,NA,NA,0
"5811","6a0b756dd47d16a4c82f5589",NA,NA,NA,NA,0
"5812","6a0dbb470d44c02c7ec444f0",NA,NA,NA,NA,0
"5813","6a0dfefeb75ae8ac09c192c6",NA,NA,NA,NA,0
"5814","6a0e0a9490e868c044e21936",NA,NA,NA,NA,0
"5815","6a0e2d716e90edf1ea83dce1",NA,NA,NA,NA,0
"5816","6a0f1056788a67850f057de4",NA,NA,NA,NA,0
"5817","6a0fdfd2db4241c9e5eca29a",NA,NA,NA,NA,0
"5818","6a14434573bcee3f17b7f762",NA,NA,NA,NA,0
"5819","6a14c736578656591db6ea31",NA,NA,NA,NA,0
"5820","6a14c84872f3851ab32e8c01",NA,NA,NA,NA,0
"5821","6a14e67cf20909f60e34ae64",NA,NA,NA,NA,0
"5822","6a14ed7d826b3c0b54334269",NA,NA,NA,NA,0
"5823","6a150fcbc5238897c2c9408e",NA,NA,NA,NA,0
"5824","6a1582166cefcdcbed565058",NA,NA,NA,NA,0
"5825","6a15d5fb80117206e7200cf7",NA,NA,NA,NA,0
"5826","6a15dfdb880253e5b6b917f3",NA,NA,NA,NA,0
"5827","6a177f7ec67996448d9c7d41",NA,NA,NA,NA,0
"5828","6a18b37c0157d881234ed29f",NA,NA,NA,NA,0
"5829","6a199661a2f63c5bf9835b2e",NA,NA,NA,NA,0
"5830","6a1a3e6d47ea4b557072cc4d",NA,NA,NA,NA,0
"5831","6a1ae40320c9511f890515f7",NA,NA,NA,NA,0
"5832","6a1b544246f12219f033d3c3",NA,NA,NA,NA,0
"5833","6a1cb95bf369926ac77ea9e5",NA,NA,NA,NA,0
"5834","6a1de36b3f5c6160ff6bf6a4",NA,NA,NA,NA,0
"5835","6a1f0ef7a64d44c972d3a5f7",NA,NA,NA,NA,0
"5836","6a1f832105dd8c89b5e930ad",NA,NA,NA,NA,0
"5837","6a2222ff6e1036656b0d5d08",NA,NA,NA,NA,0
"5838","6a232745f21e165e2b54ed58",NA,NA,NA,NA,0
"5839","6a2482e9af72b55296872b0d",NA,NA,NA,NA,0
"5840","6a2589e7b0645f2f7f1cc52c",NA,NA,NA,NA,0
"5841","6a3607f677860830aca5bdeb",NA,NA,NA,NA,0
"5842","62c5f85ccf34c8d9c0650f6e",NA,NA,NA,NA,0
"5843","65465c5bc5a014ec683d55cf",NA,NA,NA,NA,0
"5844","661c09a749790db73f8faba5",NA,NA,NA,NA,0
"5845","66315563a848526fcfa7555b",NA,NA,NA,NA,0
"5846","665795d82a087799023aaf0e",NA,NA,NA,NA,0
"5847","66da162f5538535e93490441",NA,NA,NA,NA,0
"5848","676956116c1a3416bf7b2afe",NA,NA,NA,NA,0
"5849","695ea002344d7ca1605c747a",NA,NA,NA,NA,0
"5850","6965bd850ce22095dd7a84ca",NA,NA,NA,NA,0
"5851","6978d830c5d415696508430d",NA,NA,NA,NA,0
"5852","697a495862ac67423e8418b8",NA,NA,NA,NA,0
"5853","6980dfb784202dcf9736910f",NA,NA,NA,NA,0
"5854","69864a705614c15728117b35",NA,NA,NA,NA,0
"5855","6987875a0a8fa6ed9ef00726",NA,NA,NA,NA,0
"5856","699b610e2ba4bade6f39121b",NA,NA,NA,NA,0
"5857","699cebf39bc275a312ffd51c",NA,NA,NA,NA,0
"5858","699d45af20adaa6e1e89aa5a",NA,NA,NA,NA,0
"5859","699e3cc79b0d3d96b469ca49",NA,NA,NA,NA,0
"5860","69a0734d1d433d3694c8438f",NA,NA,NA,NA,0
"5861","69a6eb2bc679065ed1cecc51",NA,NA,NA,NA,0
"5862","69a8cff018bead25e4a5d848",NA,NA,NA,NA,0
"5863","69b19e44edf4d70aee145c16",NA,NA,NA,NA,0
"5864","69b3193cce0978ad6db9fe7c",NA,NA,NA,NA,0
"5865","69b5c6bdbcf55371066f5e73",NA,NA,NA,NA,0
"5866","69ba37faee13f176e7635323",NA,NA,NA,NA,0
"5867","69bdf2afe629d42bfc47997f",NA,NA,NA,NA,0
"5868","69c093d33989aa791c4e8b2d",NA,NA,NA,NA,0
"5869","69c1256faa88d6296c98d745",NA,NA,NA,NA,0
"5870","69c2f0033339865c279814ca",NA,NA,NA,NA,0
"5871","69c6ec3a92185003cf70ded5",NA,NA,NA,NA,0
"5872","69cc1fac2b52b1c4dd21cc7d",NA,NA,NA,NA,0
"5873","69cec122e3cb56c2e7000c6b",NA,NA,NA,NA,0
"5874","69d2a8765e19038ab2fc0f56",NA,NA,NA,NA,0
"5875","69d5632f4815bcc4cb7242bf",NA,NA,NA,NA,0
"5876","69d5c4d748bcaf8026c80573",NA,NA,NA,NA,0
"5877","69daf476f6bc0d990581aca6",NA,NA,NA,NA,0
"5878","69dbf4749918745fc7d8e820",NA,NA,NA,NA,0
"5879","69dc76f0a77a620367d666ec",NA,NA,NA,NA,0
"5880","69dfe696c433039b7add8013",NA,NA,NA,NA,0
"5881","69e599577d00fb31c54fb004",NA,NA,NA,NA,0
"5882","69e816058da70eddb5dbc3e1",NA,NA,NA,NA,0
"5883","69e957ad6c65e153a1c65ae2",NA,NA,NA,NA,0
"5884","69ed15278090fe4438301d5c",NA,NA,NA,NA,0
"5885","69efe0b03221edd72686c185",NA,NA,NA,NA,0
"5886","69f0438cc141b27ed949788e",NA,NA,NA,NA,0
"5887","69f3d4f3fb7630947c56f1eb",NA,NA,NA,NA,0
"5888","69f6484996726366cacd162c",NA,NA,NA,NA,0
"5889","69f674db81cb46678aae6391",NA,NA,NA,NA,0
"5890","69f7b962446b32b08d58a1df",NA,NA,NA,NA,0
"5891","69f86a04fe802de5002bb70b",NA,NA,NA,NA,0
"5892","69f8db35f08d6c337883fcb4",NA,NA,NA,NA,0
"5893","69fb3314a5e95601464d1fea",NA,NA,NA,NA,0
"5894","69fb86296fb6f0919bf31075",NA,NA,NA,NA,0
"5895","69fcc8642de981c893eb6958",NA,NA,NA,NA,0
"5896","69fce9e45d612732dd1ae4e2",NA,NA,NA,NA,0
"5897","69fd3605435216c2d93bc72f",NA,NA,NA,NA,0
"5898","6a00b0ca46e3f2822d0349b6",NA,NA,NA,NA,0
"5899","6a00b4c7593a89490830c18c",NA,NA,NA,NA,0
"5900","6a00dbcc626a780a8e5c07a4",NA,NA,NA,NA,0
"5901","6a012d3c523e7311f4e55f61",NA,NA,NA,NA,0
"5902","6a01e843af8198a220b44a18",NA,NA,NA,NA,0
"5903","6a021dc98c730b8d3ce0deca",NA,NA,NA,NA,0
"5904","6a023ad806e8158958e73b75",NA,NA,NA,NA,0
"5905","6a04948f1e40214a25ff2563",NA,NA,NA,NA,0
"5906","6a05131f0ad03d07dd77178e",NA,NA,NA,NA,0
"5907","6a07687bad5809e8867bdffb",NA,NA,NA,NA,0
"5908","6a0a0fd9f370053c3505dc0f",NA,NA,NA,NA,0
"5909","6a0b7296246f70341f078e55",NA,NA,NA,NA,0
"5910","6a0b756dd47d16a4c82f5589",NA,NA,NA,NA,0
"5911","6a0dbb470d44c02c7ec444f0",NA,NA,NA,NA,0
"5912","6a0dfefeb75ae8ac09c192c6",NA,NA,NA,NA,0
"5913","6a0e0a9490e868c044e21936",NA,NA,NA,NA,0
"5914","6a0e2d716e90edf1ea83dce1",NA,NA,NA,NA,0
"5915","6a0f1056788a67850f057de4",NA,NA,NA,NA,0
"5916","6a0fdfd2db4241c9e5eca29a",NA,NA,NA,NA,0
"5917","6a14434573bcee3f17b7f762",NA,NA,NA,NA,0
"5918","6a14c736578656591db6ea31",NA,NA,NA,NA,0
"5919","6a14c84872f3851ab32e8c01",NA,NA,NA,NA,0
"5920","6a14e67cf20909f60e34ae64",NA,NA,NA,NA,0
"5921","6a14ed7d826b3c0b54334269",NA,NA,NA,NA,0
"5922","6a150fcbc5238897c2c9408e",NA,NA,NA,NA,0
"5923","6a1582166cefcdcbed565058",NA,NA,NA,NA,0
"5924","6a15d5fb80117206e7200cf7",NA,NA,NA,NA,0
"5925","6a15dfdb880253e5b6b917f3",NA,NA,NA,NA,0
"5926","6a177f7ec67996448d9c7d41",NA,NA,NA,NA,0
"5927","6a18b37c0157d881234ed29f",NA,NA,NA,NA,0
"5928","6a199661a2f63c5bf9835b2e",NA,NA,NA,NA,0
"5929","6a1a3e6d47ea4b557072cc4d",NA,NA,NA,NA,0
"5930","6a1ae40320c9511f890515f7",NA,NA,NA,NA,0
"5931","6a1b544246f12219f033d3c3",NA,NA,NA,NA,0
"5932","6a1cb95bf369926ac77ea9e5",NA,NA,NA,NA,0
"5933","6a1de36b3f5c6160ff6bf6a4",NA,NA,NA,NA,0
"5934","6a1f0ef7a64d44c972d3a5f7",NA,NA,NA,NA,0
"5935","6a1f832105dd8c89b5e930ad",NA,NA,NA,NA,0
"5936","6a2222ff6e1036656b0d5d08",NA,NA,NA,NA,0
"5937","6a232745f21e165e2b54ed58",NA,NA,NA,NA,0
"5938","6a2482e9af72b55296872b0d",NA,NA,NA,NA,0
"5939","6a2589e7b0645f2f7f1cc52c",NA,NA,NA,NA,0
"5940","6a3607f677860830aca5bdeb",NA,NA,NA,NA,0
"5941","62c5f85ccf34c8d9c0650f6e",NA,NA,NA,NA,0
"5942","65465c5bc5a014ec683d55cf",NA,NA,NA,NA,0
"5943","661c09a749790db73f8faba5",NA,NA,NA,NA,0
"5944","66315563a848526fcfa7555b",NA,NA,NA,NA,0
"5945","665795d82a087799023aaf0e",NA,NA,NA,NA,0
"5946","66da162f5538535e93490441",NA,NA,NA,NA,0
"5947","676956116c1a3416bf7b2afe",NA,NA,NA,NA,0
"5948","695ea002344d7ca1605c747a",NA,NA,NA,NA,0
"5949","6965bd850ce22095dd7a84ca",NA,NA,NA,NA,0
"5950","6978d830c5d415696508430d",NA,NA,NA,NA,0
"5951","697a495862ac67423e8418b8",NA,NA,NA,NA,0
"5952","6980dfb784202dcf9736910f",NA,NA,NA,NA,0
"5953","69864a705614c15728117b35",NA,NA,NA,NA,0
"5954","6987875a0a8fa6ed9ef00726",NA,NA,NA,NA,0
"5955","699b610e2ba4bade6f39121b",NA,NA,NA,NA,0
"5956","699cebf39bc275a312ffd51c",NA,NA,NA,NA,0
"5957","699d45af20adaa6e1e89aa5a",NA,NA,NA,NA,0
"5958","699e3cc79b0d3d96b469ca49",NA,NA,NA,NA,0
"5959","69a0734d1d433d3694c8438f",NA,NA,NA,NA,0
"5960","69a6eb2bc679065ed1cecc51",NA,NA,NA,NA,0
"5961","69a8cff018bead25e4a5d848",NA,NA,NA,NA,0
"5962","69b19e44edf4d70aee145c16",NA,NA,NA,NA,0
"5963","69b3193cce0978ad6db9fe7c",NA,NA,NA,NA,0
"5964","69b5c6bdbcf55371066f5e73",NA,NA,NA,NA,0
"5965","69ba37faee13f176e7635323",NA,NA,NA,NA,0
"5966","69bdf2afe629d42bfc47997f",NA,NA,NA,NA,0
"5967","69c093d33989aa791c4e8b2d",NA,NA,NA,NA,0
"5968","69c1256faa88d6296c98d745",NA,NA,NA,NA,0
"5969","69c2f0033339865c279814ca",NA,NA,NA,NA,0
"5970","69c6ec3a92185003cf70ded5",NA,NA,NA,NA,0
"5971","69cc1fac2b52b1c4dd21cc7d",NA,NA,NA,NA,0
"5972","69cec122e3cb56c2e7000c6b",NA,NA,NA,NA,0
"5973","69d2a8765e19038ab2fc0f56",NA,NA,NA,NA,0
"5974","69d5632f4815bcc4cb7242bf",NA,NA,NA,NA,0
"5975","69d5c4d748bcaf8026c80573",NA,NA,NA,NA,0
"5976","69daf476f6bc0d990581aca6",NA,NA,NA,NA,0
"5977","69dbf4749918745fc7d8e820",NA,NA,NA,NA,0
"5978","69dc76f0a77a620367d666ec",NA,NA,NA,NA,0
"5979","69dfe696c433039b7add8013",NA,NA,NA,NA,0
"5980","69e599577d00fb31c54fb004",NA,NA,NA,NA,0
"5981","69e816058da70eddb5dbc3e1",NA,NA,NA,NA,0
"5982","69e957ad6c65e153a1c65ae2",NA,NA,NA,NA,0
"5983","69ed15278090fe4438301d5c",NA,NA,NA,NA,0
"5984","69efe0b03221edd72686c185",NA,NA,NA,NA,0
"5985","69f0438cc141b27ed949788e",NA,NA,NA,NA,0
"5986","69f3d4f3fb7630947c56f1eb",NA,NA,NA,NA,0
"5987","69f6484996726366cacd162c",NA,NA,NA,NA,0
"5988","69f674db81cb46678aae6391",NA,NA,NA,NA,0
"5989","69f7b962446b32b08d58a1df",NA,NA,NA,NA,0
"5990","69f86a04fe802de5002bb70b",NA,NA,NA,NA,0
"5991","69f8db35f08d6c337883fcb4",NA,NA,NA,NA,0
"5992","69fb3314a5e95601464d1fea",NA,NA,NA,NA,0
"5993","69fb86296fb6f0919bf31075",NA,NA,NA,NA,0
"5994","69fcc8642de981c893eb6958",NA,NA,NA,NA,0
"5995","69fce9e45d612732dd1ae4e2",NA,NA,NA,NA,0
"5996","69fd3605435216c2d93bc72f",NA,NA,NA,NA,0
"5997","6a00b0ca46e3f2822d0349b6",NA,NA,NA,NA,0
"5998","6a00b4c7593a89490830c18c",NA,NA,NA,NA,0
"5999","6a00dbcc626a780a8e5c07a4",NA,NA,NA,NA,0
"6000","6a012d3c523e7311f4e55f61",NA,NA,NA,NA,0
"6001","6a01e843af8198a220b44a18",NA,NA,NA,NA,0
"6002","6a021dc98c730b8d3ce0deca",NA,NA,NA,NA,0
"6003","6a023ad806e8158958e73b75",NA,NA,NA,NA,0
"6004","6a04948f1e40214a25ff2563",NA,NA,NA,NA,0
"6005","6a05131f0ad03d07dd77178e",NA,NA,NA,NA,0
"6006","6a07687bad5809e8867bdffb",NA,NA,NA,NA,0
"6007","6a0a0fd9f370053c3505dc0f",NA,NA,NA,NA,0
"6008","6a0b7296246f70341f078e55",NA,NA,NA,NA,0
"6009","6a0b756dd47d16a4c82f5589",NA,NA,NA,NA,0
"6010","6a0dbb470d44c02c7ec444f0",NA,NA,NA,NA,0
"6011","6a0dfefeb75ae8ac09c192c6",NA,NA,NA,NA,0
"6012","6a0e0a9490e868c044e21936",NA,NA,NA,NA,0
"6013","6a0e2d716e90edf1ea83dce1",NA,NA,NA,NA,0
"6014","6a0f1056788a67850f057de4",NA,NA,NA,NA,0
"6015","6a0fdfd2db4241c9e5eca29a",NA,NA,NA,NA,0
"6016","6a14434573bcee3f17b7f762",NA,NA,NA,NA,0
"6017","6a14c736578656591db6ea31",NA,NA,NA,NA,0
"6018","6a14c84872f3851ab32e8c01",NA,NA,NA,NA,0
"6019","6a14e67cf20909f60e34ae64",NA,NA,NA,NA,0
"6020","6a14ed7d826b3c0b54334269",NA,NA,NA,NA,0
"6021","6a150fcbc5238897c2c9408e",NA,NA,NA,NA,0
"6022","6a1582166cefcdcbed565058",NA,NA,NA,NA,0
"6023","6a15d5fb80117206e7200cf7",NA,NA,NA,NA,0
"6024","6a15dfdb880253e5b6b917f3",NA,NA,NA,NA,0
"6025","6a177f7ec67996448d9c7d41",NA,NA,NA,NA,0
"6026","6a18b37c0157d881234ed29f",NA,NA,NA,NA,0
"6027","6a199661a2f63c5bf9835b2e",NA,NA,NA,NA,0
"6028","6a1a3e6d47ea4b557072cc4d",NA,NA,NA,NA,0
"6029","6a1ae40320c9511f890515f7",NA,NA,NA,NA,0
"6030","6a1b544246f12219f033d3c3",NA,NA,NA,NA,0
"6031","6a1cb95bf369926ac77ea9e5",NA,NA,NA,NA,0
"6032","6a1de36b3f5c6160ff6bf6a4",NA,NA,NA,NA,0
"6033","6a1f0ef7a64d44c972d3a5f7",NA,NA,NA,NA,0
"6034","6a1f832105dd8c89b5e930ad",NA,NA,NA,NA,0
"6035","6a2222ff6e1036656b0d5d08",NA,NA,NA,NA,0
"6036","6a232745f21e165e2b54ed58",NA,NA,NA,NA,0
"6037","6a2482e9af72b55296872b0d",NA,NA,NA,NA,0
"6038","6a2589e7b0645f2f7f1cc52c",NA,NA,NA,NA,0
"6039","6a3607f677860830aca5bdeb",NA,NA,NA,NA,0
"6040","62c5f85ccf34c8d9c0650f6e",NA,NA,NA,NA,0
"6041","65465c5bc5a014ec683d55cf",NA,NA,NA,NA,0
"6042","661c09a749790db73f8faba5",NA,NA,NA,NA,0
"6043","66315563a848526fcfa7555b",NA,NA,NA,NA,0
"6044","665795d82a087799023aaf0e",NA,NA,NA,NA,0
"6045","66da162f5538535e93490441",NA,NA,NA,NA,0
"6046","676956116c1a3416bf7b2afe",NA,NA,NA,NA,0
"6047","695ea002344d7ca1605c747a",NA,NA,NA,NA,0
"6048","6965bd850ce22095dd7a84ca",NA,NA,NA,NA,0
"6049","6978d830c5d415696508430d",NA,NA,NA,NA,0
"6050","697a495862ac67423e8418b8",NA,NA,NA,NA,0
"6051","6980dfb784202dcf9736910f",NA,NA,NA,NA,0
"6052","69864a705614c15728117b35",NA,NA,NA,NA,0
"6053","6987875a0a8fa6ed9ef00726",NA,NA,NA,NA,0
"6054","699b610e2ba4bade6f39121b",NA,NA,NA,NA,0
"6055","699cebf39bc275a312ffd51c",NA,NA,NA,NA,0
"6056","699d45af20adaa6e1e89aa5a",NA,NA,NA,NA,0
"6057","699e3cc79b0d3d96b469ca49",NA,NA,NA,NA,0
"6058","69a0734d1d433d3694c8438f",NA,NA,NA,NA,0
"6059","69a6eb2bc679065ed1cecc51",NA,NA,NA,NA,0
"6060","69a8cff018bead25e4a5d848",NA,NA,NA,NA,0
"6061","69b19e44edf4d70aee145c16",NA,NA,NA,NA,0
"6062","69b3193cce0978ad6db9fe7c",NA,NA,NA,NA,0
"6063","69b5c6bdbcf55371066f5e73",NA,NA,NA,NA,0
"6064","69ba37faee13f176e7635323",NA,NA,NA,NA,0
"6065","69bdf2afe629d42bfc47997f",NA,NA,NA,NA,0
"6066","69c093d33989aa791c4e8b2d",NA,NA,NA,NA,0
"6067","69c1256faa88d6296c98d745",NA,NA,NA,NA,0
"6068","69c2f0033339865c279814ca",NA,NA,NA,NA,0
"6069","69c6ec3a92185003cf70ded5",NA,NA,NA,NA,0
"6070","69cc1fac2b52b1c4dd21cc7d",NA,NA,NA,NA,0
"6071","69cec122e3cb56c2e7000c6b",NA,NA,NA,NA,0
"6072","69d2a8765e19038ab2fc0f56",NA,NA,NA,NA,0
"6073","69d5632f4815bcc4cb7242bf",NA,NA,NA,NA,0
"6074","69d5c4d748bcaf8026c80573",NA,NA,NA,NA,0
"6075","69daf476f6bc0d990581aca6",NA,NA,NA,NA,0
"6076","69dbf4749918745fc7d8e820",NA,NA,NA,NA,0
"6077","69dc76f0a77a620367d666ec",NA,NA,NA,NA,0
"6078","69dfe696c433039b7add8013",NA,NA,NA,NA,0
"6079","69e599577d00fb31c54fb004",NA,NA,NA,NA,0
"6080","69e816058da70eddb5dbc3e1",NA,NA,NA,NA,0
"6081","69e957ad6c65e153a1c65ae2",NA,NA,NA,NA,0
"6082","69ed15278090fe4438301d5c",NA,NA,NA,NA,0
"6083","69efe0b03221edd72686c185",NA,NA,NA,NA,0
"6084","69f0438cc141b27ed949788e",NA,NA,NA,NA,0
"6085","69f3d4f3fb7630947c56f1eb",NA,NA,NA,NA,0
"6086","69f6484996726366cacd162c",NA,NA,NA,NA,0
"6087","69f674db81cb46678aae6391",NA,NA,NA,NA,0
"6088","69f7b962446b32b08d58a1df",NA,NA,NA,NA,0
"6089","69f86a04fe802de5002bb70b",NA,NA,NA,NA,0
"6090","69f8db35f08d6c337883fcb4",NA,NA,NA,NA,0
"6091","69fb3314a5e95601464d1fea",NA,NA,NA,NA,0
"6092","69fb86296fb6f0919bf31075",NA,NA,NA,NA,0
"6093","69fcc8642de981c893eb6958",NA,NA,NA,NA,0
"6094","69fce9e45d612732dd1ae4e2",NA,NA,NA,NA,0
"6095","69fd3605435216c2d93bc72f",NA,NA,NA,NA,0
"6096","6a00b0ca46e3f2822d0349b6",NA,NA,NA,NA,0
"6097","6a00b4c7593a89490830c18c",NA,NA,NA,NA,0
"6098","6a00dbcc626a780a8e5c07a4",NA,NA,NA,NA,0
"6099","6a012d3c523e7311f4e55f61",NA,NA,NA,NA,0
"6100","6a01e843af8198a220b44a18",NA,NA,NA,NA,0
"6101","6a021dc98c730b8d3ce0deca",NA,NA,NA,NA,0
"6102","6a023ad806e8158958e73b75",NA,NA,NA,NA,0
"6103","6a04948f1e40214a25ff2563",NA,NA,NA,NA,0
"6104","6a05131f0ad03d07dd77178e",NA,NA,NA,NA,0
"6105","6a07687bad5809e8867bdffb",NA,NA,NA,NA,0
"6106","6a0a0fd9f370053c3505dc0f",NA,NA,NA,NA,0
"6107","6a0b7296246f70341f078e55",NA,NA,NA,NA,0
"6108","6a0b756dd47d16a4c82f5589",NA,NA,NA,NA,0
"6109","6a0dbb470d44c02c7ec444f0",NA,NA,NA,NA,0
"6110","6a0dfefeb75ae8ac09c192c6",NA,NA,NA,NA,0
"6111","6a0e0a9490e868c044e21936",NA,NA,NA,NA,0
"6112","6a0e2d716e90edf1ea83dce1",NA,NA,NA,NA,0
"6113","6a0f1056788a67850f057de4",NA,NA,NA,NA,0
"6114","6a0fdfd2db4241c9e5eca29a",NA,NA,NA,NA,0
"6115","6a14434573bcee3f17b7f762",NA,NA,NA,NA,0
"6116","6a14c736578656591db6ea31",NA,NA,NA,NA,0
"6117","6a14c84872f3851ab32e8c01",NA,NA,NA,NA,0
"6118","6a14e67cf20909f60e34ae64",NA,NA,NA,NA,0
"6119","6a14ed7d826b3c0b54334269",NA,NA,NA,NA,0
"6120","6a150fcbc5238897c2c9408e",NA,NA,NA,NA,0
"6121","6a1582166cefcdcbed565058",NA,NA,NA,NA,0
"6122","6a15d5fb80117206e7200cf7",NA,NA,NA,NA,0
"6123","6a15dfdb880253e5b6b917f3",NA,NA,NA,NA,0
"6124","6a177f7ec67996448d9c7d41",NA,NA,NA,NA,0
"6125","6a18b37c0157d881234ed29f",NA,NA,NA,NA,0
"6126","6a199661a2f63c5bf9835b2e",NA,NA,NA,NA,0
"6127","6a1a3e6d47ea4b557072cc4d",NA,NA,NA,NA,0
"6128","6a1ae40320c9511f890515f7",NA,NA,NA,NA,0
"6129","6a1b544246f12219f033d3c3",NA,NA,NA,NA,0
"6130","6a1cb95bf369926ac77ea9e5",NA,NA,NA,NA,0
"6131","6a1de36b3f5c6160ff6bf6a4",NA,NA,NA,NA,0
"6132","6a1f0ef7a64d44c972d3a5f7",NA,NA,NA,NA,0
"6133","6a1f832105dd8c89b5e930ad",NA,NA,NA,NA,0
"6134","6a2222ff6e1036656b0d5d08",NA,NA,NA,NA,0
"6135","6a232745f21e165e2b54ed58",NA,NA,NA,NA,0
"6136","6a2482e9af72b55296872b0d",NA,NA,NA,NA,0
"6137","6a2589e7b0645f2f7f1cc52c",NA,NA,NA,NA,0
"6138","6a3607f677860830aca5bdeb",NA,NA,NA,NA,0
"6139","62c5f85ccf34c8d9c0650f6e",NA,NA,NA,NA,0
"6140","65465c5bc5a014ec683d55cf",NA,NA,NA,NA,0
"6141","661c09a749790db73f8faba5",NA,NA,NA,NA,0
"6142","66315563a848526fcfa7555b",NA,NA,NA,NA,0
"6143","665795d82a087799023aaf0e",NA,NA,NA,NA,0
"6144","66da162f5538535e93490441",NA,NA,NA,NA,0
"6145","676956116c1a3416bf7b2afe",NA,NA,NA,NA,0
"6146","695ea002344d7ca1605c747a",NA,NA,NA,NA,0
"6147","6965bd850ce22095dd7a84ca",NA,NA,NA,NA,0
"6148","6978d830c5d415696508430d",NA,NA,NA,NA,0
"6149","697a495862ac67423e8418b8",NA,NA,NA,NA,0
"6150","6980dfb784202dcf9736910f",NA,NA,NA,NA,0
"6151","69864a705614c15728117b35",NA,NA,NA,NA,0
"6152","6987875a0a8fa6ed9ef00726",NA,NA,NA,NA,0
"6153","699b610e2ba4bade6f39121b",NA,NA,NA,NA,0
"6154","699cebf39bc275a312ffd51c",NA,NA,NA,NA,0
"6155","699d45af20adaa6e1e89aa5a",NA,NA,NA,NA,0
"6156","699e3cc79b0d3d96b469ca49",NA,NA,NA,NA,0
"6157","69a0734d1d433d3694c8438f",NA,NA,NA,NA,0
"6158","69a6eb2bc679065ed1cecc51",NA,NA,NA,NA,0
"6159","69a8cff018bead25e4a5d848",NA,NA,NA,NA,0
"6160","69b19e44edf4d70aee145c16",NA,NA,NA,NA,0
"6161","69b3193cce0978ad6db9fe7c",NA,NA,NA,NA,0
"6162","69b5c6bdbcf55371066f5e73",NA,NA,NA,NA,0
"6163","69ba37faee13f176e7635323",NA,NA,NA,NA,0
"6164","69bdf2afe629d42bfc47997f",NA,NA,NA,NA,0
"6165","69c093d33989aa791c4e8b2d",NA,NA,NA,NA,0
"6166","69c1256faa88d6296c98d745",NA,NA,NA,NA,0
"6167","69c2f0033339865c279814ca",NA,NA,NA,NA,0
"6168","69c6ec3a92185003cf70ded5",NA,NA,NA,NA,0
"6169","69cc1fac2b52b1c4dd21cc7d",NA,NA,NA,NA,0
"6170","69cec122e3cb56c2e7000c6b",NA,NA,NA,NA,0
"6171","69d2a8765e19038ab2fc0f56",NA,NA,NA,NA,0
"6172","69d5632f4815bcc4cb7242bf",NA,NA,NA,NA,0
"6173","69d5c4d748bcaf8026c80573",NA,NA,NA,NA,0
"6174","69daf476f6bc0d990581aca6",NA,NA,NA,NA,0
"6175","69dbf4749918745fc7d8e820",NA,NA,NA,NA,0
"6176","69dc76f0a77a620367d666ec",NA,NA,NA,NA,0
"6177","69dfe696c433039b7add8013",NA,NA,NA,NA,0
"6178","69e599577d00fb31c54fb004",NA,NA,NA,NA,0
"6179","69e816058da70eddb5dbc3e1",NA,NA,NA,NA,0
"6180","69e957ad6c65e153a1c65ae2",NA,NA,NA,NA,0
"6181","69ed15278090fe4438301d5c",NA,NA,NA,NA,0
"6182","69efe0b03221edd72686c185",NA,NA,NA,NA,0
"6183","69f0438cc141b27ed949788e",NA,NA,NA,NA,0
"6184","69f3d4f3fb7630947c56f1eb",NA,NA,NA,NA,0
"6185","69f6484996726366cacd162c",NA,NA,NA,NA,0
"6186","69f674db81cb46678aae6391",NA,NA,NA,NA,0
"6187","69f7b962446b32b08d58a1df",NA,NA,NA,NA,0
"6188","69f86a04fe802de5002bb70b",NA,NA,NA,NA,0
"6189","69f8db35f08d6c337883fcb4",NA,NA,NA,NA,0
"6190","69fb3314a5e95601464d1fea",NA,NA,NA,NA,0
"6191","69fb86296fb6f0919bf31075",NA,NA,NA,NA,0
"6192","69fcc8642de981c893eb6958",NA,NA,NA,NA,0
"6193","69fce9e45d612732dd1ae4e2",NA,NA,NA,NA,0
"6194","69fd3605435216c2d93bc72f",NA,NA,NA,NA,0
"6195","6a00b0ca46e3f2822d0349b6",NA,NA,NA,NA,0
"6196","6a00b4c7593a89490830c18c",NA,NA,NA,NA,0
"6197","6a00dbcc626a780a8e5c07a4",NA,NA,NA,NA,0
"6198","6a012d3c523e7311f4e55f61",NA,NA,NA,NA,0
"6199","6a01e843af8198a220b44a18",NA,NA,NA,NA,0
"6200","6a021dc98c730b8d3ce0deca",NA,NA,NA,NA,0
"6201","6a023ad806e8158958e73b75",NA,NA,NA,NA,0
"6202","6a04948f1e40214a25ff2563",NA,NA,NA,NA,0
"6203","6a05131f0ad03d07dd77178e",NA,NA,NA,NA,0
"6204","6a07687bad5809e8867bdffb",NA,NA,NA,NA,0
"6205","6a0a0fd9f370053c3505dc0f",NA,NA,NA,NA,0
"6206","6a0b7296246f70341f078e55",NA,NA,NA,NA,0
"6207","6a0b756dd47d16a4c82f5589",NA,NA,NA,NA,0
"6208","6a0dbb470d44c02c7ec444f0",NA,NA,NA,NA,0
"6209","6a0dfefeb75ae8ac09c192c6",NA,NA,NA,NA,0
"6210","6a0e0a9490e868c044e21936",NA,NA,NA,NA,0
"6211","6a0e2d716e90edf1ea83dce1",NA,NA,NA,NA,0
"6212","6a0f1056788a67850f057de4",NA,NA,NA,NA,0
"6213","6a0fdfd2db4241c9e5eca29a",NA,NA,NA,NA,0
"6214","6a14434573bcee3f17b7f762",NA,NA,NA,NA,0
"6215","6a14c736578656591db6ea31",NA,NA,NA,NA,0
"6216","6a14c84872f3851ab32e8c01",NA,NA,NA,NA,0
"6217","6a14e67cf20909f60e34ae64",NA,NA,NA,NA,0
"6218","6a14ed7d826b3c0b54334269",NA,NA,NA,NA,0
"6219","6a150fcbc5238897c2c9408e",NA,NA,NA,NA,0
"6220","6a1582166cefcdcbed565058",NA,NA,NA,NA,0
"6221","6a15d5fb80117206e7200cf7",NA,NA,NA,NA,0
"6222","6a15dfdb880253e5b6b917f3",NA,NA,NA,NA,0
"6223","6a177f7ec67996448d9c7d41",NA,NA,NA,NA,0
"6224","6a18b37c0157d881234ed29f",NA,NA,NA,NA,0
"6225","6a199661a2f63c5bf9835b2e",NA,NA,NA,NA,0
"6226","6a1a3e6d47ea4b557072cc4d",NA,NA,NA,NA,0
"6227","6a1ae40320c9511f890515f7",NA,NA,NA,NA,0
"6228","6a1b544246f12219f033d3c3",NA,NA,NA,NA,0
"6229","6a1cb95bf369926ac77ea9e5",NA,NA,NA,NA,0
"6230","6a1de36b3f5c6160ff6bf6a4",NA,NA,NA,NA,0
"6231","6a1f0ef7a64d44c972d3a5f7",NA,NA,NA,NA,0
"6232","6a1f832105dd8c89b5e930ad",NA,NA,NA,NA,0
"6233","6a2222ff6e1036656b0d5d08",NA,NA,NA,NA,0
"6234","6a232745f21e165e2b54ed58",NA,NA,NA,NA,0
"6235","6a2482e9af72b55296872b0d",NA,NA,NA,NA,0
"6236","6a2589e7b0645f2f7f1cc52c",NA,NA,NA,NA,0
"6237","6a3607f677860830aca5bdeb",NA,NA,NA,NA,0
